algorithm,run,generation,hypervolume,IGD,feasibility_pct,spacing,active_reference_points
INSGA-III,1,0,0.053530,0.377309,26.045897,0.145531,24.935480
INSGA-III,1,1,0.058077,0.376976,26.363708,0.143509,25.159679
INSGA-III,1,2,0.058721,0.376816,26.696705,0.141598,25.336681
INSGA-III,1,3,0.057347,0.375408,27.045454,0.139208,24.830127
INSGA-III,1,4,0.062681,0.377985,27.410522,0.138518,24.759693
INSGA-III,1,5,0.056073,0.375512,27.792476,0.135765,25.714960
INSGA-III,1,6,0.057567,0.374548,28.191887,0.133681,25.424690
INSGA-III,1,7,0.059072,0.373681,28.609318,0.131677,26.365630
INSGA-III,1,8,0.055601,0.375579,29.045330,0.130867,25.746228
INSGA-III,1,9,0.060231,0.372718,29.500473,0.128115,25.720376
INSGA-III,1,10,0.061949,0.372802,29.975284,0.126631,26.194051
INSGA-III,1,11,0.061565,0.371733,30.470285,0.124710,26.158171
INSGA-III,1,12,0.064722,0.372422,30.985980,0.123563,26.038451
INSGA-III,1,13,0.061755,0.371407,31.522847,0.121750,25.837239
INSGA-III,1,14,0.069463,0.372940,32.081336,0.121041,25.680714
INSGA-III,1,15,0.062932,0.370459,32.661868,0.118705,26.358582
INSGA-III,1,16,0.064779,0.369218,33.264822,0.116930,26.413413
INSGA-III,1,17,0.066330,0.368145,33.890540,0.115271,26.976169
INSGA-III,1,18,0.066590,0.367837,34.539314,0.113978,26.917368
INSGA-III,1,19,0.068855,0.366317,35.211386,0.112227,25.971969
INSGA-III,1,20,0.067951,0.366688,35.906940,0.111312,26.715344
INSGA-III,1,21,0.069221,0.365744,36.626100,0.109899,26.943474
INSGA-III,1,22,0.072148,0.363795,37.368920,0.108119,27.199206
INSGA-III,1,23,0.078261,0.363135,38.135386,0.106928,26.400553
INSGA-III,1,24,0.078093,0.360770,38.925405,0.105079,27.204699
INSGA-III,1,25,0.077017,0.360223,39.738805,0.104042,26.663200
INSGA-III,1,26,0.081748,0.357995,40.575329,0.102361,27.096027
INSGA-III,1,27,0.087942,0.358990,41.434631,0.102081,27.462750
INSGA-III,1,28,0.083770,0.355410,42.316276,0.099953,26.820232
INSGA-III,1,29,0.089295,0.353844,43.219732,0.098724,26.927742
INSGA-III,1,30,0.090793,0.351487,44.144375,0.097229,26.748719
INSGA-III,1,31,0.095946,0.351126,45.089482,0.096628,27.956480
INSGA-III,1,32,0.093311,0.348493,46.054235,0.095146,27.256983
INSGA-III,1,33,0.098493,0.345120,47.037717,0.093423,27.255095
INSGA-III,1,34,0.100574,0.343467,48.038921,0.092485,27.510596
INSGA-III,1,35,0.106465,0.341461,49.056742,0.091471,28.505508
INSGA-III,1,36,0.106247,0.339354,50.089991,0.090486,27.682464
INSGA-III,1,37,0.109564,0.336997,51.137392,0.089470,28.424102
INSGA-III,1,38,0.114021,0.333950,52.197589,0.088242,28.215707
INSGA-III,1,39,0.118770,0.330724,53.269155,0.087016,28.485131
INSGA-III,1,40,0.122657,0.328013,54.350594,0.086082,28.583769
INSGA-III,1,41,0.127576,0.324684,55.440354,0.084970,28.831654
INSGA-III,1,42,0.134275,0.320292,56.536832,0.083494,28.175140
INSGA-III,1,43,0.140862,0.317627,57.638386,0.082819,28.720127
INSGA-III,1,44,0.142871,0.314416,58.743340,0.081998,27.957839
INSGA-III,1,45,0.149671,0.309999,59.850000,0.080756,29.142846
INSGA-III,1,46,0.154870,0.306563,60.956660,0.080005,28.407227
INSGA-III,1,47,0.161481,0.302308,62.061614,0.078994,28.640084
INSGA-III,1,48,0.166114,0.299272,63.163168,0.078572,28.709558
INSGA-III,1,49,0.176515,0.292814,64.259646,0.076805,28.886152
INSGA-III,1,50,0.183977,0.288166,65.349406,0.075872,29.090324
INSGA-III,1,51,0.192990,0.283895,66.430845,0.075174,29.487574
INSGA-III,1,52,0.201751,0.279437,67.502411,0.074473,29.061978
INSGA-III,1,53,0.210703,0.274739,68.562608,0.073746,29.161349
INSGA-III,1,54,0.216930,0.268323,69.610009,0.072374,29.187030
INSGA-III,1,55,0.229423,0.264783,70.643258,0.072268,29.593700
INSGA-III,1,56,0.238901,0.259365,71.661079,0.071444,29.014755
INSGA-III,1,57,0.247278,0.252956,72.662283,0.070267,30.161240
INSGA-III,1,58,0.254771,0.246931,73.645765,0.069306,29.335484
INSGA-III,1,59,0.266066,0.240762,74.610518,0.068336,29.112708
INSGA-III,1,60,0.278694,0.235649,75.555625,0.067852,29.363993
INSGA-III,1,61,0.287979,0.229225,76.480268,0.066863,29.593124
INSGA-III,1,62,0.300407,0.223181,77.383724,0.066068,29.736376
INSGA-III,1,63,0.313808,0.218114,78.265369,0.065708,29.991083
INSGA-III,1,64,0.325728,0.211947,79.124671,0.064914,29.758255
INSGA-III,1,65,0.336964,0.205182,79.961195,0.063889,30.683208
INSGA-III,1,66,0.349701,0.199155,80.774595,0.063182,30.391749
INSGA-III,1,67,0.363320,0.193522,81.564614,0.062645,29.492237
INSGA-III,1,68,0.374690,0.187603,82.331080,0.061988,30.389252
INSGA-III,1,69,0.388058,0.181719,83.073900,0.061338,30.549819
INSGA-III,1,70,0.403607,0.175742,83.793060,0.060638,29.870517
INSGA-III,1,71,0.413381,0.171280,84.488614,0.060551,29.622655
INSGA-III,1,72,0.430373,0.163695,85.160686,0.059140,30.537870
INSGA-III,1,73,0.444388,0.158060,85.809460,0.058512,29.836724
INSGA-III,1,74,0.459673,0.153274,86.435178,0.058206,30.251860
INSGA-III,1,75,0.472761,0.147263,87.038132,0.057352,30.137703
INSGA-III,1,76,0.486827,0.141960,87.618664,0.056752,30.319230
INSGA-III,1,77,0.500109,0.136956,88.177153,0.056232,30.022702
INSGA-III,1,78,0.514331,0.131785,88.714020,0.055595,30.585216
INSGA-III,1,79,0.525012,0.128826,89.229715,0.055830,30.131889
INSGA-III,1,80,0.540876,0.122832,89.724716,0.054747,30.153286
INSGA-III,1,81,0.556085,0.117525,90.199527,0.053896,30.230297
INSGA-III,1,82,0.569311,0.112991,90.654670,0.053311,30.893392
INSGA-III,1,83,0.580800,0.109767,91.090682,0.053215,30.999532
INSGA-III,1,84,0.594681,0.105129,91.508113,0.052473,30.530182
INSGA-III,1,85,0.611786,0.102702,91.907524,0.052594,30.983001
INSGA-III,1,86,0.619689,0.097522,92.289478,0.051510,30.407597
INSGA-III,1,87,0.634136,0.093863,92.654546,0.051002,30.840335
INSGA-III,1,88,0.644953,0.089734,93.003295,0.050241,30.491565
INSGA-III,1,89,0.654914,0.087339,93.336292,0.050146,31.307112
INSGA-III,1,90,0.668156,0.083458,93.654103,0.049377,31.095767
INSGA-III,1,91,0.679079,0.080441,93.957285,0.048913,31.105246
INSGA-III,1,92,0.689843,0.077683,94.246389,0.048505,30.919042
INSGA-III,1,93,0.700491,0.075209,94.521957,0.048163,31.191158
INSGA-III,1,94,0.709400,0.072044,94.784523,0.047484,31.423778
INSGA-III,1,95,0.717876,0.069988,95.034609,0.047218,31.108700
INSGA-III,1,96,0.725933,0.068281,95.272724,0.047052,31.637129
INSGA-III,1,97,0.739165,0.066448,95.499366,0.046789,30.605526
INSGA-III,1,98,0.746349,0.063616,95.715021,0.046066,31.462779
INSGA-III,1,99,0.751534,0.061736,95.920158,0.045699,31.095632
INSGA-III,1,100,0.761771,0.059553,96.115235,0.045167,31.108294
INSGA-III,1,101,0.767848,0.057330,96.300695,0.044581,31.032569
INSGA-III,1,102,0.776522,0.056328,96.476967,0.044469,31.615033
INSGA-III,1,103,0.780748,0.054568,96.644464,0.044007,31.111412
INSGA-III,1,104,0.787279,0.052988,96.803586,0.043589,31.497804
INSGA-III,1,105,0.793394,0.051558,96.954718,0.043203,32.139920
INSGA-III,1,106,0.802274,0.051052,97.098231,0.043174,31.073773
INSGA-III,1,107,0.805505,0.048477,97.234483,0.042256,31.468375
INSGA-III,1,108,0.807958,0.048957,97.363815,0.042586,31.252333
INSGA-III,1,109,0.816110,0.046492,97.486558,0.041666,31.691890
INSGA-III,1,110,0.819782,0.045490,97.603026,0.041332,31.668415
INSGA-III,1,111,0.822660,0.045446,97.713523,0.041378,31.478548
INSGA-III,1,112,0.832015,0.045173,97.818339,0.041309,31.482256
INSGA-III,1,113,0.832509,0.042652,97.917751,0.040285,31.746591
INSGA-III,1,114,0.840466,0.043983,98.012025,0.040850,31.554663
INSGA-III,1,115,0.843249,0.042789,98.101414,0.040347,31.740809
INSGA-III,1,116,0.841443,0.041386,98.186162,0.039742,31.745882
INSGA-III,1,117,0.845951,0.039904,98.266499,0.039091,31.784628
INSGA-III,1,118,0.848031,0.039812,98.342647,0.039007,31.544500
INSGA-III,1,119,0.853433,0.039021,98.414816,0.038620,32.284397
INSGA-III,1,120,0.854352,0.038144,98.483208,0.038188,32.148510
INSGA-III,1,121,0.859032,0.038275,98.548013,0.038165,31.839591
INSGA-III,1,122,0.858776,0.037383,98.609416,0.037707,32.341623
INSGA-III,1,123,0.863141,0.037115,98.667588,0.037501,32.192275
INSGA-III,1,124,0.864873,0.036504,98.722696,0.037145,32.455839
INSGA-III,1,125,0.867734,0.036671,98.774897,0.037106,32.153158
INSGA-III,1,126,0.866186,0.036118,98.824341,0.036761,32.289787
INSGA-III,1,127,0.870817,0.035702,98.871170,0.036468,32.001774
INSGA-III,1,128,0.871214,0.034660,98.915519,0.035908,32.153214
INSGA-III,1,129,0.871390,0.034926,98.957518,0.035890,32.738334
INSGA-III,1,130,0.872664,0.034731,98.997288,0.035675,32.755994
INSGA-III,1,131,0.874140,0.034381,99.034946,0.035392,32.137921
INSGA-III,1,132,0.877852,0.034267,99.070602,0.035204,32.469299
INSGA-III,1,133,0.879347,0.034235,99.104361,0.035048,33.158000
INSGA-III,1,134,0.880047,0.033785,99.136322,0.034715,32.387255
INSGA-III,1,135,0.878897,0.033365,99.166580,0.034393,32.173138
INSGA-III,1,136,0.879383,0.033465,99.195224,0.034286,32.284846
INSGA-III,1,137,0.883333,0.033460,99.222338,0.034133,32.426481
INSGA-III,1,138,0.884101,0.033250,99.248005,0.033894,32.407490
INSGA-III,1,139,0.883764,0.032420,99.272300,0.033395,31.932621
INSGA-III,1,140,0.883974,0.032053,99.295296,0.033089,32.420796
INSGA-III,1,141,0.886720,0.033054,99.317061,0.033352,32.650540
INSGA-III,1,142,0.886298,0.032285,99.337661,0.032878,32.526236
INSGA-III,1,143,0.884465,0.032565,99.357158,0.032840,32.408189
INSGA-III,1,144,0.885753,0.032028,99.375610,0.032462,32.936351
INSGA-III,1,145,0.887953,0.031920,99.393073,0.032263,32.463766
INSGA-III,1,146,0.885834,0.032409,99.409599,0.032313,32.351329
INSGA-III,1,147,0.888300,0.031361,99.425238,0.031723,32.711928
INSGA-III,1,148,0.887165,0.031987,99.440038,0.031832,32.548024
INSGA-III,1,149,0.889528,0.031426,99.454043,0.031446,32.976378
INSGA-III,1,150,0.888868,0.031297,99.467296,0.031241,32.491427
INSGA-III,1,151,0.888809,0.031483,99.479837,0.031169,32.605565
INSGA-III,1,152,0.890476,0.031140,99.491703,0.030877,32.486196
INSGA-III,1,153,0.890131,0.030963,99.502932,0.030655,32.954459
INSGA-III,1,154,0.892128,0.031649,99.513557,0.030794,32.589066
INSGA-III,1,155,0.891544,0.031080,99.523610,0.030412,32.492916
INSGA-III,1,156,0.892228,0.031286,99.533122,0.030353,32.620506
INSGA-III,1,157,0.888922,0.032140,99.542122,0.030566,33.880216
INSGA-III,1,158,0.892844,0.031287,99.550638,0.030069,32.492649
INSGA-III,1,159,0.890799,0.031198,99.558696,0.029891,33.298257
INSGA-III,1,160,0.891587,0.030809,99.566319,0.029591,33.173580
INSGA-III,1,161,0.890295,0.031663,99.573532,0.029809,33.173878
INSGA-III,1,162,0.890553,0.031582,99.580356,0.029639,32.506680
INSGA-III,1,163,0.891169,0.031281,99.586812,0.029380,33.620948
INSGA-III,1,164,0.894027,0.031143,99.592921,0.029189,32.252097
INSGA-III,1,165,0.893283,0.030585,99.598700,0.028825,32.747430
INSGA-III,1,166,0.892274,0.030800,99.604168,0.028785,33.060826
INSGA-III,1,167,0.891645,0.031230,99.609341,0.028836,33.056084
INSGA-III,1,168,0.894903,0.031263,99.614235,0.028723,32.693684
INSGA-III,1,169,0.891525,0.031399,99.618865,0.028655,33.570267
INSGA-III,1,170,0.894198,0.030674,99.623245,0.028230,33.055113
INSGA-III,1,171,0.895154,0.031172,99.627389,0.028316,32.891957
INSGA-III,1,172,0.894650,0.030800,99.631310,0.028040,33.358071
INSGA-III,1,173,0.893919,0.030296,99.635019,0.027712,33.320483
INSGA-III,1,174,0.893382,0.030477,99.638528,0.027670,33.315223
INSGA-III,1,175,0.894418,0.030477,99.641847,0.027554,33.163203
INSGA-III,1,176,0.893384,0.030536,99.644988,0.027465,33.213786
INSGA-III,1,177,0.893081,0.030746,99.647959,0.027440,33.418814
INSGA-III,1,178,0.893522,0.030507,99.650769,0.027230,33.475771
INSGA-III,1,179,0.894724,0.030466,99.653428,0.027104,33.609899
INSGA-III,1,180,0.894608,0.030356,99.655944,0.026950,33.639685
INSGA-III,1,181,0.894606,0.030316,99.658323,0.026828,33.415988
INSGA-III,1,182,0.894766,0.030376,99.660574,0.026748,33.352450
INSGA-III,1,183,0.894239,0.030183,99.662704,0.026565,33.355208
INSGA-III,1,184,0.894635,0.030233,99.664718,0.026484,33.441934
INSGA-III,1,185,0.893656,0.030567,99.666624,0.026523,33.715251
INSGA-III,1,186,0.895806,0.030879,99.668427,0.026554,33.598640
INSGA-III,1,187,0.893679,0.030583,99.670133,0.026333,33.267987
INSGA-III,1,188,0.895204,0.030468,99.671746,0.026190,33.298908
INSGA-III,1,189,0.895316,0.030512,99.673273,0.026114,33.734241
INSGA-III,1,190,0.896120,0.030974,99.674716,0.026213,33.384548
INSGA-III,1,191,0.894210,0.030312,99.676082,0.025846,33.536819
INSGA-III,1,192,0.894903,0.030206,99.677375,0.025712,33.808878
INSGA-III,1,193,0.894024,0.030444,99.678597,0.025722,33.169884
INSGA-III,1,194,0.894255,0.030315,99.679753,0.025581,33.259047
INSGA-III,1,195,0.893317,0.030886,99.680847,0.025732,33.211700
INSGA-III,1,196,0.894458,0.030209,99.681882,0.025366,33.772507
INSGA-III,1,197,0.895335,0.030390,99.682861,0.025357,33.581683
INSGA-III,1,198,0.894304,0.030316,99.683787,0.025244,34.075009
INSGA-III,1,199,0.895452,0.030437,99.684663,0.025214,34.073797
INSGA-III,1,200,0.896421,0.031007,99.685492,0.025371,33.633725
INSGA-III,1,201,0.894369,0.030295,99.686275,0.024996,33.428668
INSGA-III,1,202,0.896043,0.030761,99.687017,0.025113,33.095280
INSGA-III,1,203,0.896989,0.031319,99.687719,0.025270,34.008719
INSGA-III,1,204,0.895194,0.030235,99.688382,0.024743,34.549737
INSGA-III,1,205,0.895227,0.030246,99.689010,0.024674,33.711171
INSGA-III,1,206,0.894047,0.030512,99.689604,0.024712,33.767718
INSGA-III,1,207,0.893801,0.030663,99.690165,0.024703,34.302378
INSGA-III,1,208,0.894710,0.030121,99.690697,0.024407,33.705945
INSGA-III,1,209,0.895568,0.030425,99.691200,0.024465,33.536954
INSGA-III,1,210,0.895666,0.030479,99.691675,0.024418,33.779800
INSGA-III,1,211,0.895012,0.030081,99.692125,0.024186,34.030987
INSGA-III,1,212,0.894607,0.030195,99.692550,0.024167,33.777062
INSGA-III,1,213,0.895224,0.030199,99.692953,0.024104,33.596432
INSGA-III,1,214,0.894728,0.030128,99.693334,0.024010,34.420988
INSGA-III,1,215,0.895132,0.030135,99.693694,0.023950,33.747266
INSGA-III,1,216,0.894303,0.030387,99.694035,0.023993,33.889078
INSGA-III,1,217,0.895021,0.030062,99.694357,0.023796,33.711682
INSGA-III,1,218,0.894060,0.030537,99.694662,0.023934,33.528273
INSGA-III,1,219,0.895573,0.030387,99.694950,0.023812,34.245158
INSGA-III,1,220,0.894762,0.030119,99.695223,0.023642,33.899097
INSGA-III,1,221,0.896191,0.030752,99.695481,0.023849,33.491002
INSGA-III,1,222,0.894785,0.030108,99.695726,0.023524,33.844645
INSGA-III,1,223,0.894943,0.030015,99.695957,0.023430,33.415004
INSGA-III,1,224,0.894740,0.030137,99.696175,0.023426,34.227736
INSGA-III,1,225,0.894156,0.030490,99.696382,0.023519,34.154525
INSGA-III,1,226,0.895021,0.030040,99.696577,0.023279,33.897914
INSGA-III,1,227,0.894944,0.030019,99.696762,0.023218,34.233205
INSGA-III,1,228,0.896235,0.030765,99.696937,0.023478,34.749676
INSGA-III,1,229,0.894704,0.030165,99.697103,0.023177,34.158636
INSGA-III,1,230,0.894829,0.030090,99.697259,0.023097,33.933006
INSGA-III,1,231,0.894606,0.030225,99.697407,0.023104,34.198997
INSGA-III,1,232,0.895160,0.030114,99.697548,0.023010,33.881240
INSGA-III,1,233,0.894996,0.030015,99.697680,0.022921,34.225173
INSGA-III,1,234,0.894039,0.030567,99.697805,0.023104,34.008710
INSGA-III,1,235,0.896392,0.030850,99.697924,0.023177,33.950364
INSGA-III,1,236,0.895334,0.030214,99.698036,0.022867,33.919867
INSGA-III,1,237,0.894570,0.030250,99.698142,0.022837,33.722616
INSGA-III,1,238,0.895051,0.030043,99.698243,0.022707,34.365837
INSGA-III,1,239,0.895269,0.030173,99.698338,0.022718,33.890390
INSGA-III,1,240,0.896093,0.030666,99.698427,0.022881,34.536081
INSGA-III,1,241,0.894225,0.030459,99.698512,0.022754,33.822151
INSGA-III,1,242,0.895001,0.030010,99.698593,0.022525,34.328079
INSGA-III,1,243,0.896049,0.030638,99.698669,0.022747,33.664744
INSGA-III,1,244,0.896123,0.030682,99.698741,0.022726,34.286945
INSGA-III,1,245,0.893851,0.030685,99.698809,0.022688,33.820427
INSGA-III,1,246,0.894210,0.030470,99.698873,0.022560,33.816861
INSGA-III,1,247,0.895886,0.030538,99.698934,0.022550,33.889191
INSGA-III,1,248,0.895342,0.030211,99.698992,0.022377,34.268861
INSGA-III,1,249,0.894303,0.030415,99.699046,0.022425,34.106657
INSGA-III,1,250,0.896395,0.030843,99.699098,0.022567,34.374448
INSGA-III,1,251,0.895862,0.030523,99.699147,0.022399,33.829462
INSGA-III,1,252,0.895612,0.030372,99.699193,0.022301,34.834424
INSGA-III,1,253,0.894602,0.030236,99.699236,0.022210,33.794686
INSGA-III,1,254,0.895076,0.030050,99.699278,0.022099,34.280096
INSGA-III,1,255,0.894850,0.030088,99.699317,0.022081,34.311161
INSGA-III,1,256,0.894749,0.030149,99.699354,0.022074,34.329500
INSGA-III,1,257,0.895019,0.030015,99.699388,0.021986,34.098125
INSGA-III,1,258,0.895008,0.030008,99.699421,0.021951,34.255445
INSGA-III,1,259,0.895404,0.030246,99.699453,0.022019,34.269359
INSGA-III,1,260,0.895970,0.030585,99.699482,0.022130,33.603941
INSGA-III,1,261,0.894183,0.030488,99.699510,0.022060,34.230342
INSGA-III,1,262,0.895139,0.030086,99.699537,0.021862,35.137777
INSGA-III,1,263,0.895213,0.030130,99.699562,0.021851,33.851045
INSGA-III,1,264,0.895012,0.030009,99.699585,0.021772,34.322689
INSGA-III,1,265,0.895216,0.030131,99.699608,0.021795,33.984360
INSGA-III,1,266,0.894267,0.030438,99.699629,0.021895,34.035554
INSGA-III,1,267,0.894427,0.030343,99.699649,0.021828,33.872711
INSGA-III,1,268,0.895408,0.030247,99.699668,0.021761,34.104331
INSGA-III,1,269,0.894659,0.030204,99.699686,0.021716,35.008722
INSGA-III,1,270,0.895897,0.030539,99.699703,0.021830,34.186519
INSGA-III,1,271,0.894606,0.030235,99.699719,0.021678,33.961011
INSGA-III,1,272,0.894412,0.030352,99.699734,0.021701,34.016937
INSGA-III,1,273,0.895447,0.030269,99.699749,0.021642,34.361386
INSGA-III,1,274,0.895295,0.030178,99.699762,0.021579,34.136705
INSGA-III,1,275,0.895247,0.030149,99.699775,0.021543,34.289604
INSGA-III,1,276,0.894905,0.030056,99.699787,0.021481,33.938906
INSGA-III,1,277,0.894797,0.030121,99.699799,0.021485,33.722018
INSGA-III,1,278,0.895037,0.030023,99.699810,0.021421,34.063314
INSGA-III,1,279,0.895914,0.030549,99.699820,0.021617,34.026411
INSGA-III,1,280,0.894939,0.030036,99.699830,0.021381,34.815290
INSGA-III,1,281,0.894968,0.030019,99.699839,0.021352,34.446877
INSGA-III,1,282,0.895262,0.030158,99.699848,0.021389,34.596811
INSGA-III,1,283,0.895078,0.030047,99.699856,0.021322,34.767150
INSGA-III,1,284,0.895425,0.030256,99.699864,0.021387,34.392873
INSGA-III,1,285,0.894449,0.030330,99.699871,0.021398,34.484930
INSGA-III,1,286,0.894656,0.030206,99.699878,0.021326,34.744176
INSGA-III,1,287,0.895540,0.030324,99.699884,0.021356,34.064808
INSGA-III,1,288,0.895221,0.030133,99.699891,0.021256,34.812684
INSGA-III,1,289,0.895091,0.030055,99.699897,0.021205,34.760650
INSGA-III,1,290,0.894729,0.030162,99.699902,0.021231,34.409242
INSGA-III,1,291,0.895267,0.030161,99.699908,0.021211,34.459726
INSGA-III,1,292,0.894727,0.030163,99.699913,0.021194,34.264305
INSGA-III,1,293,0.894700,0.030180,99.699917,0.021183,34.114222
INSGA-III,1,294,0.894445,0.030333,99.699922,0.021229,35.084720
INSGA-III,1,295,0.896092,0.030656,99.699926,0.021346,34.772474
INSGA-III,1,296,0.895903,0.030542,99.699930,0.021282,34.810205
INSGA-III,1,297,0.895610,0.030366,99.699934,0.021191,33.971536
INSGA-III,1,298,0.894921,0.030047,99.699937,0.021042,34.660711
INSGA-III,1,299,0.894439,0.030336,99.699941,0.021146,34.457804
INSGA-III,1,300,0.895749,0.030450,99.699944,0.021177,34.962339
NSGA-III,1,0,0.057204,0.375200,25.689364,0.146251,35.099712
NSGA-III,1,1,0.066807,0.374085,25.988432,0.144072,35.104967
NSGA-III,1,2,0.064476,0.371767,26.301793,0.141433,34.778095
NSGA-III,1,3,0.063523,0.371289,26.629976,0.139601,34.832086
NSGA-III,1,4,0.065552,0.370416,26.973515,0.137646,34.832582
NSGA-III,1,5,0.062739,0.371666,27.332945,0.136617,34.464827
NSGA-III,1,6,0.070457,0.371133,27.708802,0.134888,35.260043
NSGA-III,1,7,0.066497,0.369306,28.101617,0.132661,35.042462
NSGA-III,1,8,0.071652,0.369371,28.511917,0.131264,34.870139
NSGA-III,1,9,0.070031,0.367069,28.940219,0.128924,35.056935
NSGA-III,1,10,0.068546,0.367896,29.387030,0.127930,35.096849
NSGA-III,1,11,0.074246,0.366671,29.852841,0.126125,35.078062
NSGA-III,1,12,0.073919,0.364899,30.338124,0.124135,35.051369
NSGA-III,1,13,0.075616,0.364255,30.843331,0.122660,35.542986
NSGA-III,1,14,0.076236,0.362992,31.368886,0.120971,34.917255
NSGA-III,1,15,0.078912,0.362635,31.915183,0.119705,35.077650
NSGA-III,1,16,0.081730,0.362381,32.482581,0.118527,35.191074
NSGA-III,1,17,0.081792,0.360370,33.071399,0.116664,35.359310
NSGA-III,1,18,0.086100,0.360799,33.681914,0.115864,35.214928
NSGA-III,1,19,0.084767,0.357729,34.314353,0.113654,35.435350
NSGA-III,1,20,0.092153,0.359772,34.968890,0.113622,34.486311
NSGA-III,1,21,0.087608,0.355515,35.645640,0.111015,34.984704
NSGA-III,1,22,0.085869,0.356451,36.344655,0.110620,35.017659
NSGA-III,1,23,0.094485,0.353242,37.065921,0.108550,35.173144
NSGA-III,1,24,0.095054,0.350715,37.809352,0.106814,35.111574
NSGA-III,1,25,0.095774,0.350166,38.574785,0.105955,34.729958
NSGA-III,1,26,0.098942,0.348147,39.361978,0.104536,34.782448
NSGA-III,1,27,0.102719,0.345760,40.170607,0.103018,35.053745
NSGA-III,1,28,0.105415,0.344021,41.000260,0.101824,34.895796
NSGA-III,1,29,0.106658,0.343153,41.850438,0.101049,35.248280
NSGA-III,1,30,0.114942,0.341810,42.720554,0.100132,35.084517
NSGA-III,1,31,0.116181,0.338483,43.609927,0.098445,34.672244
NSGA-III,1,32,0.114136,0.338306,44.517787,0.098129,35.178968
NSGA-III,1,33,0.121001,0.334072,45.443272,0.096180,34.402501
NSGA-III,1,34,0.126739,0.331446,46.385434,0.094961,34.974570
NSGA-III,1,35,0.126490,0.330564,47.343233,0.094528,35.118611
NSGA-III,1,36,0.136977,0.327647,48.315550,0.093308,35.308699
NSGA-III,1,37,0.135751,0.324824,49.301184,0.092188,34.742467
NSGA-III,1,38,0.146598,0.322602,50.298861,0.091380,35.291648
NSGA-III,1,39,0.145377,0.318911,51.307235,0.090021,35.271770
NSGA-III,1,40,0.157474,0.317393,52.324900,0.089630,34.894299
NSGA-III,1,41,0.155614,0.312695,53.350396,0.087976,34.920935
NSGA-III,1,42,0.164604,0.308984,54.382214,0.086795,34.964643
NSGA-III,1,43,0.170511,0.305817,55.418807,0.085903,34.446686
NSGA-III,1,44,0.167350,0.305708,56.458601,0.086347,34.844551
NSGA-III,1,45,0.180806,0.297825,57.500000,0.083612,34.647905
NSGA-III,1,46,0.188454,0.294950,58.541399,0.083025,35.111254
NSGA-III,1,47,0.192046,0.291219,59.581193,0.082142,35.069202
NSGA-III,1,48,0.200029,0.286617,60.617786,0.080953,35.172941
NSGA-III,1,49,0.208140,0.282851,61.649604,0.080171,34.697550
NSGA-III,1,50,0.213156,0.279253,62.675100,0.079515,34.920882
NSGA-III,1,51,0.223721,0.275000,63.692765,0.078641,34.438859
NSGA-III,1,52,0.230268,0.269957,64.701139,0.077491,34.729891
NSGA-III,1,53,0.236039,0.266703,65.698816,0.077137,35.219075
NSGA-III,1,54,0.246563,0.261071,66.684450,0.075841,34.928316
NSGA-III,1,55,0.251549,0.258505,67.656767,0.075869,34.915608
NSGA-III,1,56,0.262794,0.252422,68.614566,0.074475,34.804787
NSGA-III,1,57,0.269073,0.249396,69.556728,0.074397,34.902010
NSGA-III,1,58,0.286143,0.244790,70.482213,0.073698,35.105136
NSGA-III,1,59,0.289125,0.239097,71.390073,0.072581,34.988219
NSGA-III,1,60,0.298631,0.234391,72.279446,0.071908,35.039224
NSGA-III,1,61,0.310677,0.228252,73.149562,0.070666,34.911424
NSGA-III,1,62,0.320469,0.223560,73.999740,0.070053,35.343862
NSGA-III,1,63,0.330187,0.219008,74.829393,0.069519,34.726266
NSGA-III,1,64,0.343324,0.213451,75.638022,0.068585,34.750950
NSGA-III,1,65,0.351301,0.209194,76.425215,0.068207,34.728701
NSGA-III,1,66,0.361551,0.204621,77.190648,0.067708,34.574900
NSGA-III,1,67,0.374909,0.198282,77.934079,0.066481,34.815121
NSGA-III,1,68,0.386415,0.193154,78.655345,0.065762,34.509165
NSGA-III,1,69,0.398676,0.188674,79.354360,0.065313,35.060875
NSGA-III,1,70,0.409837,0.183608,80.031110,0.064616,34.908630
NSGA-III,1,71,0.419506,0.179211,80.685647,0.064191,35.123431
NSGA-III,1,72,0.430644,0.174685,81.318086,0.063702,34.734520
NSGA-III,1,73,0.443918,0.168966,81.928601,0.062703,34.991674
NSGA-III,1,74,0.455711,0.164220,82.517419,0.062092,34.544895
NSGA-III,1,75,0.468675,0.160261,83.084817,0.061791,34.745641
NSGA-III,1,76,0.478855,0.155227,83.631114,0.061019,34.811992
NSGA-III,1,77,0.491639,0.150980,84.156669,0.060551,35.117815
NSGA-III,1,78,0.502253,0.146359,84.661876,0.059901,34.113120
NSGA-III,1,79,0.514134,0.141904,85.147159,0.059291,35.474855
NSGA-III,1,80,0.528040,0.139076,85.612970,0.059328,34.897048
NSGA-III,1,81,0.538015,0.134097,86.059781,0.058437,35.511337
NSGA-III,1,82,0.549732,0.130329,86.488083,0.058016,34.851449
NSGA-III,1,83,0.560592,0.126225,86.898383,0.057420,34.955984
NSGA-III,1,84,0.569335,0.122781,87.291198,0.057063,35.112864
NSGA-III,1,85,0.583856,0.119522,87.667055,0.056746,34.938948
NSGA-III,1,86,0.588516,0.117036,88.026485,0.056714,35.556175
NSGA-III,1,87,0.604269,0.111943,88.370024,0.055557,35.113706
NSGA-III,1,88,0.614407,0.108447,88.698207,0.055027,34.839584
NSGA-III,1,89,0.621688,0.105782,89.011568,0.054804,35.140483
NSGA-III,1,90,0.633717,0.101577,89.310636,0.053901,35.299101
NSGA-III,1,91,0.642854,0.098777,89.595939,0.053545,34.400022
NSGA-III,1,92,0.654703,0.096680,89.867994,0.053443,35.442201
NSGA-III,1,93,0.663193,0.093402,90.127312,0.052811,35.176288
NSGA-III,1,94,0.671920,0.090515,90.374395,0.052305,34.523848
NSGA-III,1,95,0.679294,0.087935,90.609732,0.051890,35.437232
NSGA-III,1,96,0.687195,0.085845,90.833805,0.051643,34.942878
NSGA-III,1,97,0.696443,0.082897,91.047083,0.051003,34.951461
NSGA-III,1,98,0.705445,0.080654,91.250019,0.050622,35.190499
NSGA-III,1,99,0.713119,0.078388,91.443060,0.050198,35.253850
NSGA-III,1,100,0.718171,0.077335,91.626633,0.050247,35.433911
NSGA-III,1,101,0.726258,0.074856,91.801156,0.049670,34.848087
NSGA-III,1,102,0.735282,0.072535,91.967033,0.049127,34.802250
NSGA-III,1,103,0.741128,0.070495,92.124652,0.048673,35.423301
NSGA-III,1,104,0.748799,0.069058,92.274390,0.048440,34.955176
NSGA-III,1,105,0.755950,0.067895,92.416610,0.048295,34.465092
NSGA-III,1,106,0.760614,0.065461,92.551661,0.047593,34.821444
NSGA-III,1,107,0.764464,0.064834,92.679877,0.047619,35.718644
NSGA-III,1,108,0.770384,0.063202,92.801583,0.047202,35.253071
NSGA-III,1,109,0.776347,0.061479,92.917087,0.046723,35.032034
NSGA-III,1,110,0.782658,0.059854,93.026687,0.046262,34.616301
NSGA-III,1,111,0.787432,0.058504,93.130668,0.045896,34.870367
NSGA-III,1,112,0.793367,0.058038,93.229303,0.045877,35.247065
NSGA-III,1,113,0.794405,0.057416,93.322852,0.045774,34.815535
NSGA-III,1,114,0.798981,0.056207,93.411567,0.045407,34.660418
NSGA-III,1,115,0.807082,0.055240,93.495685,0.045125,34.756093
NSGA-III,1,116,0.807441,0.054022,93.575435,0.044721,35.436612
NSGA-III,1,117,0.811127,0.053169,93.651034,0.044454,35.065733
NSGA-III,1,118,0.817163,0.051718,93.722692,0.043922,34.721079
NSGA-III,1,119,0.819023,0.050981,93.790605,0.043674,34.623448
NSGA-III,1,120,0.821775,0.050523,93.854963,0.043530,34.807495
NSGA-III,1,121,0.824490,0.050036,93.915947,0.043361,35.577295
NSGA-III,1,122,0.830270,0.048813,93.973729,0.042873,34.592482
NSGA-III,1,123,0.832066,0.047626,94.028470,0.042390,35.219375
NSGA-III,1,124,0.834541,0.047138,94.080329,0.042187,35.730632
NSGA-III,1,125,0.834982,0.047825,94.129451,0.042464,34.820856
NSGA-III,1,126,0.839823,0.045828,94.175979,0.041614,34.882674
NSGA-III,1,127,0.841158,0.045894,94.220047,0.041615,35.122429
NSGA-III,1,128,0.843225,0.045479,94.261781,0.041408,34.372023
NSGA-III,1,129,0.845978,0.044614,94.301303,0.041006,35.142057
NSGA-III,1,130,0.849554,0.044387,94.338728,0.040863,34.893468
NSGA-III,1,131,0.847576,0.045120,94.374165,0.041113,34.964254
NSGA-III,1,132,0.851943,0.043180,94.407719,0.040244,35.144825
NSGA-III,1,133,0.853933,0.042632,94.439487,0.039949,34.693161
NSGA-III,1,134,0.856039,0.042454,94.469563,0.039804,34.951424
NSGA-III,1,135,0.856348,0.042385,94.498036,0.039699,35.036670
NSGA-III,1,136,0.859329,0.041948,94.524991,0.039436,35.274620
NSGA-III,1,137,0.861051,0.041837,94.550507,0.039306,35.599282
NSGA-III,1,138,0.860779,0.041315,94.574660,0.039001,34.751841
NSGA-III,1,139,0.862522,0.040748,94.597522,0.038674,34.183920
NSGA-III,1,140,0.865985,0.041711,94.619162,0.038981,35.159970
NSGA-III,1,141,0.864277,0.040580,94.639644,0.038413,34.736460
NSGA-III,1,142,0.866185,0.040035,94.659029,0.038086,35.154883
NSGA-III,1,143,0.868314,0.040485,94.677376,0.038172,34.795630
NSGA-III,1,144,0.868644,0.039900,94.694740,0.037825,35.005332
NSGA-III,1,145,0.868152,0.039773,94.711173,0.037667,35.452893
NSGA-III,1,146,0.871613,0.040237,94.726724,0.037754,34.740172
NSGA-III,1,147,0.870444,0.039046,94.741441,0.037150,34.292575
NSGA-III,1,148,0.871109,0.038946,94.755368,0.036999,34.942159
NSGA-III,1,149,0.872684,0.038990,94.768547,0.036908,34.855965
NSGA-III,1,150,0.873755,0.039068,94.781019,0.036829,35.147679
NSGA-III,1,151,0.872489,0.038927,94.792820,0.036659,35.016436
NSGA-III,1,152,0.877604,0.040340,94.803987,0.037136,35.440216
NSGA-III,1,153,0.875675,0.038705,94.814553,0.036342,34.869179
NSGA-III,1,154,0.877331,0.039246,94.824551,0.036455,34.705304
NSGA-III,1,155,0.878080,0.039268,94.834012,0.036352,34.664212
NSGA-III,1,156,0.877679,0.038623,94.842963,0.035970,34.921211
NSGA-III,1,157,0.877596,0.038190,94.851433,0.035677,35.239223
NSGA-III,1,158,0.877327,0.037668,94.859446,0.035347,35.371158
NSGA-III,1,159,0.876977,0.037852,94.867028,0.035311,35.412320
NSGA-III,1,160,0.878033,0.037425,94.874202,0.035022,34.686560
NSGA-III,1,161,0.877989,0.037551,94.880990,0.034963,34.953957
NSGA-III,1,162,0.877752,0.037835,94.887411,0.034970,34.840067
NSGA-III,1,163,0.878561,0.037483,94.893487,0.034713,34.560537
NSGA-III,1,164,0.880512,0.037783,94.899235,0.034728,35.438971
NSGA-III,1,165,0.880171,0.037334,94.904674,0.034432,35.019983
NSGA-III,1,166,0.880659,0.037395,94.909819,0.034349,34.617639
NSGA-III,1,167,0.880885,0.037312,94.914687,0.034206,34.470594
NSGA-III,1,168,0.880082,0.037142,94.919292,0.034029,35.232764
NSGA-III,1,169,0.880137,0.037205,94.923649,0.033949,35.212985
NSGA-III,1,170,0.881109,0.036859,94.927771,0.033699,34.952360
NSGA-III,1,171,0.881250,0.036768,94.931671,0.033557,34.571083
NSGA-III,1,172,0.882181,0.037161,94.935361,0.033618,35.208459
NSGA-III,1,173,0.880903,0.037083,94.938851,0.033483,34.928899
NSGA-III,1,174,0.882509,0.037054,94.942153,0.033369,35.120833
NSGA-III,1,175,0.882026,0.036625,94.945277,0.033090,34.934352
NSGA-III,1,176,0.880720,0.037403,94.948232,0.033315,35.261771
NSGA-III,1,177,0.882420,0.036604,94.951028,0.032883,35.510149
NSGA-III,1,178,0.883028,0.036851,94.953672,0.032889,34.753336
NSGA-III,1,179,0.881820,0.036920,94.956175,0.032822,34.907919
NSGA-III,1,180,0.883669,0.037018,94.958542,0.032767,35.046916
NSGA-III,1,181,0.882919,0.036469,94.960781,0.032444,34.332172
NSGA-III,1,182,0.882299,0.036784,94.962899,0.032482,35.347192
NSGA-III,1,183,0.881799,0.037128,94.964903,0.032534,35.073836
NSGA-III,1,184,0.882416,0.036801,94.966799,0.032307,34.965502
NSGA-III,1,185,0.883011,0.036484,94.968592,0.032085,34.864634
NSGA-III,1,186,0.883375,0.036320,94.970289,0.031928,34.635907
NSGA-III,1,187,0.882445,0.036898,94.971894,0.032081,34.492565
NSGA-III,1,188,0.882546,0.036871,94.973412,0.031984,34.976574
NSGA-III,1,189,0.881776,0.037366,94.974849,0.032105,35.317430
NSGA-III,1,190,0.884853,0.036945,94.976207,0.031845,35.177714
NSGA-III,1,191,0.883480,0.036402,94.977493,0.031536,34.601457
NSGA-III,1,192,0.882612,0.036951,94.978709,0.031682,35.097203
NSGA-III,1,193,0.883624,0.036369,94.979859,0.031359,35.280531
NSGA-III,1,194,0.883964,0.036203,94.980947,0.031210,35.200862
NSGA-III,1,195,0.883750,0.036342,94.981977,0.031189,35.303512
NSGA-III,1,196,0.884906,0.036679,94.982950,0.031252,34.440713
NSGA-III,1,197,0.884075,0.036189,94.983872,0.030972,34.834462
NSGA-III,1,198,0.882493,0.037158,94.984743,0.031300,34.861717
NSGA-III,1,199,0.885140,0.036705,94.985567,0.031037,34.841340
NSGA-III,1,200,0.884483,0.036277,94.986347,0.030785,35.006100
NSGA-III,1,201,0.884679,0.036362,94.987085,0.030748,35.355066
NSGA-III,1,202,0.884720,0.036356,94.987783,0.030674,35.261004
NSGA-III,1,203,0.884009,0.036332,94.988443,0.030594,34.252950
NSGA-III,1,204,0.884354,0.036139,94.989067,0.030444,34.947083
NSGA-III,1,205,0.884602,0.036204,94.989658,0.030402,35.491473
NSGA-III,1,206,0.884767,0.036278,94.990217,0.030366,34.449866
NSGA-III,1,207,0.883844,0.036483,94.990745,0.030385,34.609416
NSGA-III,1,208,0.884751,0.036224,94.991245,0.030212,34.731020
NSGA-III,1,209,0.884796,0.036231,94.991719,0.030150,34.892628
NSGA-III,1,210,0.884452,0.036151,94.992166,0.030053,34.829715
NSGA-III,1,211,0.884204,0.036309,94.992589,0.030057,35.195518
NSGA-III,1,212,0.884448,0.036171,94.992990,0.029938,35.154829
NSGA-III,1,213,0.884523,0.036135,94.993369,0.029862,34.846349
NSGA-III,1,214,0.885183,0.036376,94.993727,0.029903,35.265928
NSGA-III,1,215,0.884367,0.036244,94.994066,0.029789,34.709641
NSGA-III,1,216,0.883850,0.036562,94.994387,0.029863,34.349442
NSGA-III,1,217,0.884941,0.036189,94.994690,0.029651,35.160651
NSGA-III,1,218,0.885491,0.036507,94.994977,0.029727,35.162052
NSGA-III,1,219,0.885009,0.036206,94.995248,0.029546,35.193865
NSGA-III,1,220,0.882626,0.037322,94.995505,0.029956,34.985478
NSGA-III,1,221,0.884412,0.036256,94.995748,0.029458,34.756778
NSGA-III,1,222,0.883802,0.036627,94.995978,0.029560,34.552674
NSGA-III,1,223,0.885181,0.036269,94.996195,0.029359,35.128676
NSGA-III,1,224,0.883933,0.036558,94.996401,0.029428,34.860999
NSGA-III,1,225,0.884993,0.036139,94.996595,0.029203,35.123835
NSGA-III,1,226,0.884435,0.036265,94.996779,0.029206,34.686087
NSGA-III,1,227,0.885049,0.036157,94.996953,0.029111,35.130975
NSGA-III,1,228,0.883187,0.037022,94.997118,0.029424,34.633263
NSGA-III,1,229,0.883772,0.036675,94.997274,0.029232,35.057959
NSGA-III,1,230,0.884988,0.036100,94.997421,0.028945,35.205041
NSGA-III,1,231,0.884176,0.036439,94.997560,0.029040,34.749984
NSGA-III,1,232,0.884863,0.036029,94.997692,0.028824,35.456387
NSGA-III,1,233,0.884019,0.036539,94.997817,0.028992,34.812140
NSGA-III,1,234,0.884087,0.036501,94.997935,0.028932,35.216164
NSGA-III,1,235,0.885170,0.036183,94.998046,0.028757,34.751282
NSGA-III,1,236,0.885478,0.036363,94.998152,0.028789,34.504469
NSGA-III,1,237,0.884264,0.036402,94.998252,0.028763,35.160869
NSGA-III,1,238,0.884816,0.036073,94.998346,0.028585,35.249323
NSGA-III,1,239,0.885032,0.036084,94.998436,0.028549,34.976693
NSGA-III,1,240,0.884821,0.036074,94.998520,0.028505,35.267224
NSGA-III,1,241,0.885296,0.036235,94.998600,0.028533,35.372719
NSGA-III,1,242,0.885136,0.036136,94.998676,0.028453,34.875309
NSGA-III,1,243,0.885016,0.036061,94.998747,0.028383,35.086586
NSGA-III,1,244,0.884126,0.036497,94.998815,0.028527,34.850435
NSGA-III,1,245,0.884807,0.036090,94.998879,0.028321,35.208878
NSGA-III,1,246,0.884363,0.036358,94.998940,0.028396,34.946494
NSGA-III,1,247,0.884390,0.036343,94.998997,0.028354,34.815942
NSGA-III,1,248,0.886282,0.036808,94.999051,0.028513,35.057669
NSGA-III,1,249,0.885276,0.036202,94.999102,0.028226,33.899439
NSGA-III,1,250,0.885020,0.036047,94.999151,0.028127,35.076122
NSGA-III,1,251,0.884405,0.036339,94.999197,0.028215,34.578364
NSGA-III,1,252,0.884616,0.036213,94.999240,0.028129,34.931326
NSGA-III,1,253,0.885670,0.036431,94.999281,0.028188,34.155972
NSGA-III,1,254,0.884019,0.036573,94.999320,0.028215,34.958400
NSGA-III,1,255,0.885339,0.036230,94.999357,0.028040,34.961337
NSGA-III,1,256,0.885501,0.036325,94.999392,0.028049,34.758861
NSGA-III,1,257,0.883894,0.036651,94.999425,0.028154,34.107679
NSGA-III,1,258,0.885720,0.036454,94.999456,0.028042,35.450831
NSGA-III,1,259,0.885323,0.036214,94.999485,0.027913,34.964487
NSGA-III,1,260,0.885460,0.036296,94.999513,0.027917,35.249462
NSGA-III,1,261,0.884272,0.036426,94.999539,0.027943,35.217176
NSGA-III,1,262,0.884497,0.036292,94.999564,0.027859,35.042332
NSGA-III,1,263,0.886267,0.036777,94.999588,0.028033,35.636938
NSGA-III,1,264,0.885763,0.036473,94.999610,0.027880,34.824380
NSGA-III,1,265,0.884316,0.036402,94.999631,0.027823,34.546598
NSGA-III,1,266,0.885042,0.036039,94.999651,0.027646,34.725311
NSGA-III,1,267,0.884456,0.036319,94.999670,0.027736,34.913126
NSGA-III,1,268,0.884930,0.036035,94.999688,0.027592,35.314899
NSGA-III,1,269,0.885361,0.036228,94.999705,0.027647,34.961217
NSGA-III,1,270,0.885305,0.036194,94.999721,0.027608,35.395005
NSGA-III,1,271,0.885842,0.036516,94.999736,0.027718,34.590874
NSGA-III,1,272,0.885025,0.036025,94.999750,0.027490,34.752867
NSGA-III,1,273,0.884839,0.036091,94.999763,0.027493,35.192886
NSGA-III,1,274,0.884938,0.036032,94.999776,0.027446,35.071620
NSGA-III,1,275,0.884918,0.036044,94.999788,0.027428,34.670165
NSGA-III,1,276,0.884021,0.036583,94.999800,0.027630,34.778428
NSGA-III,1,277,0.883885,0.036665,94.999811,0.027642,34.588521
NSGA-III,1,278,0.885900,0.036547,94.999821,0.027571,35.082184
NSGA-III,1,279,0.885080,0.036055,94.999830,0.027344,35.126693
NSGA-III,1,280,0.884022,0.036583,94.999840,0.027543,35.478864
NSGA-III,1,281,0.885202,0.036127,94.999848,0.027332,34.838497
NSGA-III,1,282,0.884354,0.036385,94.999857,0.027419,34.983239
NSGA-III,1,283,0.885549,0.036335,94.999864,0.027378,35.316811
NSGA-III,1,284,0.884193,0.036481,94.999872,0.027420,35.165191
NSGA-III,1,285,0.885535,0.036326,94.999879,0.027335,34.842141
NSGA-III,1,286,0.885397,0.036243,94.999885,0.027282,34.717451
NSGA-III,1,287,0.885000,0.036004,94.999891,0.027163,35.237323
NSGA-III,1,288,0.884698,0.036179,94.999897,0.027217,35.112579
NSGA-III,1,289,0.884788,0.036125,94.999903,0.027177,35.065916
NSGA-III,1,290,0.884508,0.036293,94.999908,0.027229,34.821011
NSGA-III,1,291,0.884528,0.036281,94.999913,0.027206,34.877177
NSGA-III,1,292,0.884544,0.036272,94.999918,0.027185,35.140327
NSGA-III,1,293,0.884568,0.036257,94.999922,0.027162,35.071819
NSGA-III,1,294,0.884515,0.036289,94.999926,0.027158,35.101773
NSGA-III,1,295,0.884491,0.036304,94.999930,0.027148,35.069426
NSGA-III,1,296,0.885794,0.036479,94.999934,0.027204,34.425945
NSGA-III,1,297,0.885101,0.036063,94.999938,0.027015,34.643527
NSGA-III,1,298,0.884764,0.036141,94.999941,0.027031,34.755272
NSGA-III,1,299,0.884886,0.036067,94.999944,0.026985,35.176817
NSGA-III,1,300,0.884676,0.036193,94.999947,0.027022,35.241728
MOEA-D,1,0,0.069882,0.368131,25.689364,0.145612,35.389724
MOEA-D,1,1,0.072351,0.366641,25.988432,0.143500,34.993903
MOEA-D,1,2,0.073718,0.365812,26.301793,0.141704,34.709344
MOEA-D,1,3,0.076495,0.365136,26.629976,0.140013,34.880476
MOEA-D,1,4,0.076210,0.364296,26.973515,0.138294,35.605304
MOEA-D,1,5,0.078997,0.363635,27.332945,0.136690,35.132986
MOEA-D,1,6,0.078248,0.363051,27.708802,0.135160,34.347679
MOEA-D,1,7,0.082622,0.362528,28.101617,0.133696,35.210273
MOEA-D,1,8,0.083542,0.361328,28.511917,0.131992,34.521420
MOEA-D,1,9,0.079339,0.362361,28.940219,0.131259,35.113630
MOEA-D,1,10,0.090348,0.361668,29.387030,0.129849,35.339466
MOEA-D,1,11,0.087475,0.357946,29.852841,0.127219,34.793422
MOEA-D,1,12,0.086288,0.358156,30.338124,0.126270,34.690574
MOEA-D,1,13,0.091325,0.355994,30.843331,0.124375,35.509992
MOEA-D,1,14,0.091419,0.355055,31.368886,0.123032,35.184932
MOEA-D,1,15,0.097541,0.355081,31.915183,0.122135,35.172577
MOEA-D,1,16,0.098464,0.353163,32.482581,0.120471,34.758809
MOEA-D,1,17,0.101758,0.352563,33.071399,0.119400,34.843987
MOEA-D,1,18,0.101237,0.349564,33.681914,0.117373,34.488738
MOEA-D,1,19,0.104009,0.348428,34.314353,0.116168,35.068206
MOEA-D,1,20,0.106971,0.347289,34.968890,0.115006,35.500412
MOEA-D,1,21,0.109110,0.345537,35.645640,0.113634,34.978442
MOEA-D,1,22,0.111244,0.343657,36.344655,0.112254,35.602514
MOEA-D,1,23,0.109142,0.344385,37.065921,0.112007,34.863019
MOEA-D,1,24,0.113376,0.341854,37.809352,0.110448,34.743432
MOEA-D,1,25,0.120658,0.339042,38.574785,0.108819,35.098200
MOEA-D,1,26,0.122623,0.336526,39.361978,0.107360,34.255477
MOEA-D,1,27,0.124366,0.335320,40.170607,0.106495,35.335143
MOEA-D,1,28,0.126517,0.334062,41.000260,0.105656,34.966098
MOEA-D,1,29,0.133660,0.331190,41.850438,0.104192,35.230122
MOEA-D,1,30,0.141900,0.331843,42.720554,0.104245,34.636074
MOEA-D,1,31,0.141533,0.327176,43.609927,0.102130,35.097812
MOEA-D,1,32,0.142781,0.324519,44.517787,0.100901,34.914335
MOEA-D,1,33,0.146543,0.322341,45.443272,0.099921,34.908385
MOEA-D,1,34,0.152347,0.319344,46.385434,0.098649,34.778593
MOEA-D,1,35,0.155848,0.316958,47.343233,0.097680,35.347833
MOEA-D,1,36,0.161406,0.314386,48.315550,0.096683,34.730639
MOEA-D,1,37,0.164431,0.312070,49.301184,0.095841,34.489211
MOEA-D,1,38,0.166383,0.311057,50.298861,0.095591,35.246416
MOEA-D,1,39,0.175011,0.306058,51.307235,0.093728,35.157043
MOEA-D,1,40,0.176198,0.305545,52.324900,0.093784,34.640727
MOEA-D,1,41,0.186283,0.300233,53.350396,0.091888,34.436183
MOEA-D,1,42,0.194174,0.298608,54.382214,0.091575,34.743351
MOEA-D,1,43,0.197750,0.294210,55.418807,0.090155,35.065869
MOEA-D,1,44,0.201610,0.291350,56.458601,0.089422,35.169005
MOEA-D,1,45,0.208543,0.287527,57.500000,0.088333,35.153506
MOEA-D,1,46,0.217100,0.285088,58.541399,0.087866,35.528700
MOEA-D,1,47,0.218284,0.282456,59.581193,0.087362,34.698241
MOEA-D,1,48,0.227663,0.277271,60.617786,0.085838,34.902682
MOEA-D,1,49,0.234512,0.273643,61.649604,0.085005,35.660454
MOEA-D,1,50,0.241788,0.269801,62.675100,0.084123,35.122790
MOEA-D,1,51,0.251066,0.267321,63.692765,0.083848,34.873622
MOEA-D,1,52,0.256367,0.262354,64.701139,0.082575,35.558153
MOEA-D,1,53,0.262046,0.259487,65.698816,0.082213,34.943107
MOEA-D,1,54,0.271453,0.254626,66.684450,0.081055,35.195482
MOEA-D,1,55,0.276763,0.252131,67.656767,0.080916,34.107081
MOEA-D,1,56,0.287403,0.246802,68.614566,0.079628,35.284101
MOEA-D,1,57,0.293991,0.243483,69.556728,0.079207,34.766847
MOEA-D,1,58,0.301674,0.239801,70.482213,0.078662,34.751816
MOEA-D,1,59,0.311904,0.234650,71.390073,0.077531,35.076884
MOEA-D,1,60,0.319461,0.231163,72.279446,0.077116,35.097444
MOEA-D,1,61,0.330051,0.226567,73.149562,0.076261,34.628734
MOEA-D,1,62,0.337326,0.222719,73.999740,0.075736,35.228446
MOEA-D,1,63,0.346215,0.218616,74.829393,0.075122,35.026853
MOEA-D,1,64,0.357872,0.214481,75.638022,0.074508,35.213913
MOEA-D,1,65,0.367501,0.210507,76.425215,0.073975,34.975956
MOEA-D,1,66,0.374951,0.205442,77.190648,0.072997,34.810420
MOEA-D,1,67,0.384058,0.201457,77.934079,0.072477,34.995744
MOEA-D,1,68,0.397155,0.198711,78.655345,0.072478,35.202583
MOEA-D,1,69,0.403300,0.193057,79.354360,0.071271,35.379489
MOEA-D,1,70,0.415129,0.189601,80.031110,0.070980,35.104265
MOEA-D,1,71,0.426502,0.186460,80.685647,0.070820,35.063438
MOEA-D,1,72,0.434286,0.181168,81.318086,0.069761,34.697790
MOEA-D,1,73,0.442429,0.176568,81.928601,0.068984,35.193646
MOEA-D,1,74,0.451198,0.173189,82.517419,0.068709,35.278567
MOEA-D,1,75,0.462885,0.168571,83.084817,0.067909,34.505967
MOEA-D,1,76,0.469099,0.166360,83.631114,0.068100,35.212269
MOEA-D,1,77,0.483321,0.161211,84.156669,0.067054,34.567670
MOEA-D,1,78,0.493097,0.157363,84.661876,0.066536,35.216857
MOEA-D,1,79,0.503916,0.154219,85.147159,0.066295,34.710973
MOEA-D,1,80,0.509637,0.150364,85.612970,0.065741,34.705061
MOEA-D,1,81,0.523983,0.147259,86.059781,0.065481,34.924720
MOEA-D,1,82,0.530292,0.142333,86.488083,0.064441,35.595939
MOEA-D,1,83,0.541098,0.138952,86.898383,0.064024,35.577267
MOEA-D,1,84,0.547743,0.136319,87.291198,0.063897,35.602414
MOEA-D,1,85,0.560382,0.132437,87.667055,0.063226,35.298268
MOEA-D,1,86,0.569453,0.129038,88.026485,0.062733,35.102799
MOEA-D,1,87,0.578339,0.125672,88.370024,0.062229,34.596164
MOEA-D,1,88,0.585415,0.122791,88.698207,0.061902,34.610407
MOEA-D,1,89,0.596598,0.119689,89.011568,0.061457,34.449690
MOEA-D,1,90,0.604125,0.116122,89.310636,0.060792,35.240984
MOEA-D,1,91,0.614372,0.114054,89.595939,0.060726,34.460812
MOEA-D,1,92,0.619144,0.111644,89.867994,0.060490,34.923457
MOEA-D,1,93,0.631383,0.108637,90.127312,0.059979,35.189945
MOEA-D,1,94,0.637034,0.105391,90.374395,0.059342,34.667839
MOEA-D,1,95,0.648445,0.103949,90.609732,0.059430,35.132656
MOEA-D,1,96,0.650624,0.101642,90.833805,0.059131,34.492593
MOEA-D,1,97,0.660529,0.097866,91.047083,0.058193,34.988281
MOEA-D,1,98,0.669429,0.095500,91.250019,0.057816,35.192689
MOEA-D,1,99,0.674546,0.093705,91.443060,0.057652,35.163376
MOEA-D,1,100,0.683236,0.090666,91.626633,0.056944,34.769275
MOEA-D,1,101,0.689705,0.088733,91.801156,0.056671,34.955107
MOEA-D,1,102,0.694595,0.087807,91.967033,0.056794,35.061516
MOEA-D,1,103,0.705204,0.085532,92.124652,0.056330,34.629707
MOEA-D,1,104,0.710616,0.083033,92.274390,0.055748,35.262029
MOEA-D,1,105,0.716549,0.081024,92.416610,0.055348,34.929670
MOEA-D,1,106,0.721485,0.079326,92.551661,0.055055,35.208036
MOEA-D,1,107,0.729230,0.078017,92.679877,0.054901,34.288263
MOEA-D,1,108,0.731678,0.076789,92.801583,0.054760,35.289414
MOEA-D,1,109,0.738751,0.074272,92.917087,0.054061,34.777360
MOEA-D,1,110,0.743920,0.072852,93.026687,0.053798,34.983647
MOEA-D,1,111,0.746954,0.072669,93.130668,0.054032,35.095995
MOEA-D,1,112,0.754623,0.069662,93.229303,0.053069,35.401805
MOEA-D,1,113,0.757306,0.069602,93.322852,0.053316,35.149300
MOEA-D,1,114,0.764783,0.067407,93.411567,0.052656,35.082839
MOEA-D,1,115,0.769483,0.066285,93.495685,0.052425,35.246566
MOEA-D,1,116,0.775118,0.065867,93.575435,0.052472,34.805360
MOEA-D,1,117,0.779505,0.064841,93.651034,0.052249,34.793346
MOEA-D,1,118,0.782043,0.062844,93.722692,0.051606,34.345587
MOEA-D,1,119,0.784492,0.061673,93.790605,0.051293,34.899279
MOEA-D,1,120,0.787690,0.061002,93.854963,0.051174,35.455106
MOEA-D,1,121,0.791111,0.060156,93.915947,0.050968,35.063803
MOEA-D,1,122,0.795015,0.058980,93.973729,0.050612,34.543387
MOEA-D,1,123,0.799273,0.057552,94.028470,0.050139,35.572123
MOEA-D,1,124,0.802296,0.056826,94.080329,0.049946,34.782016
MOEA-D,1,125,0.805353,0.056041,94.129451,0.049717,34.909889
MOEA-D,1,126,0.810171,0.056045,94.175979,0.049807,34.946692
MOEA-D,1,127,0.811840,0.054592,94.220047,0.049279,34.777879
MOEA-D,1,128,0.814075,0.053736,94.261781,0.048989,34.899089
MOEA-D,1,129,0.814442,0.054422,94.301303,0.049333,34.882019
MOEA-D,1,130,0.818507,0.052854,94.338728,0.048730,35.325477
MOEA-D,1,131,0.820376,0.052572,94.374165,0.048653,35.340218
MOEA-D,1,132,0.823735,0.051365,94.407719,0.048183,34.760478
MOEA-D,1,133,0.823775,0.052117,94.439487,0.048521,34.991030
MOEA-D,1,134,0.827819,0.050437,94.469563,0.047840,34.607269
MOEA-D,1,135,0.831936,0.050346,94.498036,0.047813,34.303425
MOEA-D,1,136,0.833883,0.049844,94.524991,0.047609,35.051988
MOEA-D,1,137,0.836603,0.049877,94.550507,0.047621,34.964456
MOEA-D,1,138,0.834271,0.049270,94.574660,0.047362,35.091055
MOEA-D,1,139,0.838562,0.048059,94.597522,0.046845,35.085621
MOEA-D,1,140,0.839342,0.047423,94.619162,0.046562,34.993227
MOEA-D,1,141,0.842142,0.047469,94.639644,0.046559,34.994729
MOEA-D,1,142,0.843516,0.047013,94.659029,0.046343,34.991618
MOEA-D,1,143,0.843277,0.046680,94.677376,0.046173,35.046111
MOEA-D,1,144,0.846182,0.046218,94.694740,0.045946,35.258233
MOEA-D,1,145,0.845652,0.046225,94.711173,0.045910,35.548574
MOEA-D,1,146,0.849338,0.045925,94.726724,0.045743,35.094033
MOEA-D,1,147,0.847597,0.045949,94.741441,0.045708,35.238387
MOEA-D,1,148,0.850179,0.044817,94.755368,0.045189,34.959577
MOEA-D,1,149,0.852279,0.044760,94.768547,0.045114,34.948854
MOEA-D,1,150,0.852773,0.044166,94.781019,0.044813,35.241164
MOEA-D,1,151,0.850958,0.045500,94.792820,0.045313,35.540516
MOEA-D,1,152,0.853743,0.044180,94.803987,0.044705,35.250919
MOEA-D,1,153,0.853762,0.044505,94.814553,0.044780,34.896666
MOEA-D,1,154,0.855314,0.043896,94.824551,0.044465,35.072875
MOEA-D,1,155,0.858526,0.043731,94.834012,0.044332,34.857860
MOEA-D,1,156,0.857264,0.043328,94.842963,0.044099,34.801963
MOEA-D,1,157,0.859066,0.042736,94.851433,0.043786,34.864170
MOEA-D,1,158,0.857966,0.043458,94.859446,0.044019,35.260990
MOEA-D,1,159,0.860017,0.042485,94.867028,0.043544,34.512181
MOEA-D,1,160,0.860336,0.042540,94.874202,0.043498,34.775899
MOEA-D,1,161,0.861642,0.041992,94.880990,0.043198,34.788924
MOEA-D,1,162,0.862919,0.042240,94.887411,0.043230,35.030669
MOEA-D,1,163,0.862173,0.042115,94.893487,0.043105,34.929507
MOEA-D,1,164,0.862347,0.042216,94.899235,0.043074,35.362954
MOEA-D,1,165,0.865495,0.042391,94.904674,0.043073,34.558762
MOEA-D,1,166,0.864209,0.041484,94.909819,0.042621,35.227060
MOEA-D,1,167,0.864570,0.041448,94.914687,0.042532,35.380995
MOEA-D,1,168,0.865595,0.041240,94.919292,0.042371,34.507608
MOEA-D,1,169,0.866816,0.041606,94.923649,0.042448,34.800487
MOEA-D,1,170,0.865527,0.041367,94.927771,0.042273,34.769933
MOEA-D,1,171,0.867089,0.041085,94.931671,0.042081,34.840314
MOEA-D,1,172,0.866388,0.041144,94.935361,0.042030,34.887533
MOEA-D,1,173,0.867887,0.040942,94.938851,0.041871,35.242245
MOEA-D,1,174,0.868481,0.041008,94.942153,0.041824,34.842969
MOEA-D,1,175,0.870687,0.042056,94.945277,0.042185,34.723379
MOEA-D,1,176,0.868678,0.040587,94.948232,0.041499,34.697133
MOEA-D,1,177,0.869251,0.040679,94.951028,0.041463,34.588127
MOEA-D,1,178,0.868195,0.040794,94.953672,0.041437,34.881165
MOEA-D,1,179,0.868957,0.040441,94.956175,0.041216,34.834105
MOEA-D,1,180,0.869457,0.040240,94.958542,0.041059,34.529088
MOEA-D,1,181,0.870395,0.040472,94.960781,0.041082,35.111115
MOEA-D,1,182,0.870246,0.040184,94.962899,0.040890,34.842235
MOEA-D,1,183,0.869958,0.040211,94.964903,0.040829,34.726109
MOEA-D,1,184,0.870794,0.040144,94.966799,0.040729,35.065137
MOEA-D,1,185,0.870505,0.040045,94.968592,0.040617,34.901885
MOEA-D,1,186,0.870044,0.040396,94.970289,0.040693,34.793977
MOEA-D,1,187,0.870790,0.040021,94.971894,0.040466,34.547042
MOEA-D,1,188,0.872515,0.040537,94.973412,0.040612,34.869661
MOEA-D,1,189,0.872094,0.040142,94.974849,0.040378,35.035584
MOEA-D,1,190,0.872466,0.040230,94.976207,0.040347,35.158263
MOEA-D,1,191,0.871196,0.040034,94.977493,0.040197,34.855658
MOEA-D,1,192,0.871605,0.039845,94.978709,0.040051,34.673689
MOEA-D,1,193,0.873717,0.040612,94.979859,0.040304,34.968680
MOEA-D,1,194,0.872354,0.039683,94.980947,0.039851,34.446610
MOEA-D,1,195,0.872663,0.039762,94.981977,0.039819,34.465788
MOEA-D,1,196,0.872223,0.039678,94.982950,0.039720,35.010114
MOEA-D,1,197,0.873110,0.039832,94.983872,0.039720,34.529179
MOEA-D,1,198,0.872685,0.039489,94.984743,0.039514,34.968979
MOEA-D,1,199,0.872456,0.039667,94.985567,0.039526,35.056896
MOEA-D,1,200,0.874524,0.040416,94.986347,0.039776,34.578282
MOEA-D,1,201,0.872653,0.039626,94.987085,0.039385,34.892488
MOEA-D,1,202,0.872274,0.039889,94.987783,0.039435,34.940544
MOEA-D,1,203,0.871530,0.040370,94.988443,0.039575,35.502398
MOEA-D,1,204,0.873415,0.039453,94.989067,0.039134,34.626738
MOEA-D,1,205,0.873274,0.039387,94.989658,0.039049,35.479402
MOEA-D,1,206,0.872434,0.039921,94.990217,0.039213,35.212301
MOEA-D,1,207,0.872688,0.039796,94.990745,0.039105,34.887631
MOEA-D,1,208,0.873928,0.039515,94.991245,0.038931,35.140964
MOEA-D,1,209,0.873651,0.039295,94.991719,0.038784,34.754113
MOEA-D,1,210,0.873420,0.039435,94.992166,0.038787,34.964761
MOEA-D,1,211,0.873912,0.039350,94.992589,0.038698,35.191571
MOEA-D,1,212,0.874264,0.039515,94.992990,0.038713,35.245147
MOEA-D,1,213,0.874924,0.039866,94.993369,0.038807,34.999641
MOEA-D,1,214,0.872595,0.040018,94.993727,0.038818,35.084114
MOEA-D,1,215,0.874642,0.039613,94.994066,0.038598,34.863868
MOEA-D,1,216,0.874788,0.039662,94.994387,0.038568,34.893039
MOEA-D,1,217,0.874083,0.039201,94.994690,0.038326,34.676357
MOEA-D,1,218,0.873834,0.039347,94.994977,0.038337,34.708385
MOEA-D,1,219,0.876252,0.040434,94.995248,0.038742,34.472143
MOEA-D,1,220,0.874806,0.039534,94.995505,0.038319,35.058736
MOEA-D,1,221,0.874416,0.039270,94.995748,0.038161,35.012525
MOEA-D,1,222,0.873537,0.039586,94.995978,0.038246,34.805674
MOEA-D,1,223,0.873840,0.039417,94.996195,0.038130,35.292623
MOEA-D,1,224,0.873981,0.039345,94.996401,0.038055,34.584431
MOEA-D,1,225,0.872436,0.040284,94.996595,0.038401,35.090779
MOEA-D,1,226,0.873565,0.039619,94.996779,0.038080,35.191402
MOEA-D,1,227,0.874768,0.039326,94.996953,0.037914,35.186241
MOEA-D,1,228,0.874956,0.039417,94.997118,0.037909,34.679745
MOEA-D,1,229,0.873685,0.039578,94.997274,0.037934,34.465767
MOEA-D,1,230,0.873937,0.039437,94.997421,0.037834,35.300040
MOEA-D,1,231,0.875126,0.039459,94.997560,0.037802,34.304795
MOEA-D,1,232,0.874810,0.039251,94.997692,0.037675,34.974011
MOEA-D,1,233,0.874299,0.039247,94.997817,0.037633,35.338242
MOEA-D,1,234,0.874736,0.039173,94.997935,0.037563,34.917395
MOEA-D,1,235,0.874753,0.039168,94.998046,0.037522,35.074875
MOEA-D,1,236,0.874808,0.039186,94.998152,0.037491,34.888231
MOEA-D,1,237,0.873781,0.039587,94.998252,0.037621,35.239858
MOEA-D,1,238,0.874069,0.039421,94.998346,0.037514,35.026599
MOEA-D,1,239,0.874538,0.039145,94.998436,0.037363,34.883812
MOEA-D,1,240,0.874489,0.039181,94.998520,0.037342,35.171739
MOEA-D,1,241,0.875281,0.039405,94.998600,0.037400,34.838965
MOEA-D,1,242,0.874253,0.039334,94.998676,0.037335,34.978778
MOEA-D,1,243,0.874934,0.039176,94.998747,0.037235,35.012603
MOEA-D,1,244,0.874847,0.039114,94.998815,0.037175,34.834938
MOEA-D,1,245,0.872971,0.040118,94.998879,0.037561,34.829234
MOEA-D,1,246,0.874816,0.039076,94.998940,0.037093,35.125955
MOEA-D,1,247,0.874711,0.039083,94.998997,0.037064,34.715146
MOEA-D,1,248,0.876283,0.039939,94.999051,0.037389,35.087683
MOEA-D,1,249,0.875036,0.039183,94.999102,0.037042,34.714497
MOEA-D,1,250,0.875729,0.039591,94.999151,0.037181,35.461823
MOEA-D,1,251,0.875120,0.039218,94.999197,0.036996,34.857262
MOEA-D,1,252,0.874892,0.039075,94.999240,0.036906,35.226683
MOEA-D,1,253,0.875643,0.039519,94.999281,0.037061,35.314598
MOEA-D,1,254,0.874711,0.039109,94.999320,0.036861,34.736446
MOEA-D,1,255,0.875033,0.039140,94.999357,0.036846,34.423438
MOEA-D,1,256,0.874833,0.039041,94.999392,0.036776,34.760921
MOEA-D,1,257,0.874894,0.039046,94.999425,0.036751,35.605892
MOEA-D,1,258,0.874715,0.039117,94.999456,0.036753,34.796423
MOEA-D,1,259,0.873974,0.039564,94.999485,0.036912,34.969863
MOEA-D,1,260,0.875098,0.039154,94.999513,0.036715,34.881037
MOEA-D,1,261,0.875064,0.039129,94.999539,0.036678,35.195685
MOEA-D,1,262,0.874677,0.039149,94.999564,0.036661,34.809273
MOEA-D,1,263,0.875377,0.039308,94.999588,0.036702,34.482818
MOEA-D,1,264,0.875126,0.039154,94.999610,0.036613,35.384482
MOEA-D,1,265,0.875093,0.039130,94.999631,0.036578,35.047516
MOEA-D,1,266,0.874125,0.039488,94.999651,0.036703,34.365199
MOEA-D,1,267,0.874232,0.039426,94.999670,0.036654,35.434177
MOEA-D,1,268,0.875225,0.039199,94.999688,0.036536,34.766752
MOEA-D,1,269,0.876106,0.039725,94.999705,0.036732,34.833040
MOEA-D,1,270,0.875591,0.039413,94.999721,0.036579,34.745493
MOEA-D,1,271,0.874924,0.039016,94.999736,0.036392,34.544592
MOEA-D,1,272,0.876624,0.040028,94.999750,0.036791,34.497745
MOEA-D,1,273,0.874954,0.039023,94.999763,0.036351,34.832743
MOEA-D,1,274,0.874513,0.039267,94.999776,0.036431,35.086452
MOEA-D,1,275,0.874816,0.039086,94.999788,0.036335,34.812699
MOEA-D,1,276,0.875544,0.039370,94.999800,0.036432,34.748435
MOEA-D,1,277,0.875284,0.039212,94.999811,0.036346,35.200741
MOEA-D,1,278,0.874918,0.039028,94.999821,0.036250,34.945964
MOEA-D,1,279,0.874842,0.039075,94.999830,0.036249,34.887237
MOEA-D,1,280,0.875280,0.039204,94.999840,0.036284,35.125556
MOEA-D,1,281,0.876049,0.039664,94.999848,0.036456,35.215031
MOEA-D,1,282,0.874845,0.039076,94.999857,0.036193,34.951045
MOEA-D,1,283,0.874305,0.039401,94.999864,0.036309,35.256537
MOEA-D,1,284,0.873869,0.039663,94.999872,0.036400,35.411791
MOEA-D,1,285,0.874913,0.039037,94.999879,0.036122,34.663282
MOEA-D,1,286,0.875409,0.039272,94.999885,0.036202,35.570350
MOEA-D,1,287,0.874698,0.039168,94.999891,0.036141,35.183114
MOEA-D,1,288,0.874807,0.039102,94.999897,0.036097,34.907265
MOEA-D,1,289,0.875494,0.039320,94.999903,0.036171,34.453077
MOEA-D,1,290,0.875900,0.039563,94.999908,0.036256,34.741604
MOEA-D,1,291,0.874841,0.039084,94.999913,0.036040,34.687535
MOEA-D,1,292,0.874968,0.039009,94.999918,0.035992,35.298301
MOEA-D,1,293,0.875236,0.039161,94.999922,0.036040,34.860957
MOEA-D,1,294,0.874634,0.039210,94.999926,0.036045,35.106689
MOEA-D,1,295,0.875324,0.039212,94.999930,0.036031,35.538888
MOEA-D,1,296,0.875215,0.039146,94.999934,0.035988,34.947866
MOEA-D,1,297,0.874399,0.039352,94.999938,0.036059,35.275998
MOEA-D,1,298,0.873838,0.039689,94.999941,0.036185,34.980842
MOEA-D,1,299,0.875701,0.039435,94.999944,0.036065,34.636493
MOEA-D,1,300,0.874729,0.039155,94.999947,0.035934,34.862221
NSGA-II,1,0,0.082378,0.361590,25.992796,0.145164,35.334012
NSGA-II,1,1,0.077925,0.364292,26.307816,0.144761,35.441299
NSGA-II,1,2,0.084740,0.360236,26.637889,0.141585,34.998036
NSGA-II,1,3,0.086443,0.359247,26.983574,0.139729,34.847137
NSGA-II,1,4,0.086102,0.359487,27.345435,0.138427,34.485639
NSGA-II,1,5,0.089852,0.357273,27.724035,0.136146,35.409726
NSGA-II,1,6,0.092935,0.356543,28.119938,0.134525,34.875764
NSGA-II,1,7,0.093699,0.355044,28.533703,0.132627,35.646204
NSGA-II,1,8,0.096104,0.354344,28.965886,0.131104,34.722553
NSGA-II,1,9,0.093811,0.355065,29.417031,0.130214,34.896660
NSGA-II,1,10,0.097842,0.352693,29.887672,0.128080,34.987753
NSGA-II,1,11,0.101347,0.350744,30.378326,0.126163,35.401035
NSGA-II,1,12,0.101841,0.350398,30.889491,0.124957,35.281677
NSGA-II,1,13,0.104732,0.348720,31.421642,0.123239,34.656618
NSGA-II,1,14,0.108467,0.347494,31.975227,0.121752,34.643154
NSGA-II,1,15,0.107243,0.347337,32.550659,0.120753,35.220705
NSGA-II,1,16,0.108497,0.346653,33.148318,0.119578,35.146804
NSGA-II,1,17,0.118324,0.345041,33.768540,0.118059,34.775136
NSGA-II,1,18,0.116143,0.342216,34.411616,0.116077,35.102640
NSGA-II,1,19,0.116443,0.342119,35.077785,0.115276,35.193198
NSGA-II,1,20,0.120365,0.339854,35.767231,0.113614,34.335433
NSGA-II,1,21,0.125211,0.337041,36.480074,0.111768,35.071160
NSGA-II,1,22,0.125877,0.336743,37.216370,0.111012,35.085586
NSGA-II,1,23,0.134117,0.334968,37.976104,0.109685,35.034294
NSGA-II,1,24,0.134007,0.332090,38.759184,0.107942,35.056089
NSGA-II,1,25,0.135628,0.331242,39.565440,0.107088,35.237802
NSGA-II,1,26,0.141489,0.328073,40.394617,0.105311,35.199598
NSGA-II,1,27,0.141717,0.327865,41.246372,0.104812,34.821549
NSGA-II,1,28,0.151678,0.326025,42.120273,0.103675,35.341919
NSGA-II,1,29,0.150587,0.322862,43.015795,0.102032,35.331895
NSGA-II,1,30,0.155618,0.320019,43.932317,0.100565,35.031887
NSGA-II,1,31,0.163534,0.319931,44.869123,0.100289,35.222437
NSGA-II,1,32,0.164284,0.315714,45.825402,0.098337,35.445550
NSGA-II,1,33,0.166550,0.314069,46.800247,0.097499,34.883177
NSGA-II,1,34,0.173729,0.311639,47.792657,0.096377,34.997962
NSGA-II,1,35,0.177377,0.308751,48.801539,0.095107,35.006159
NSGA-II,1,36,0.179035,0.307326,49.825713,0.094489,35.505292
NSGA-II,1,37,0.189130,0.305232,50.863914,0.093634,34.855262
NSGA-II,1,38,0.192832,0.301957,51.914800,0.092329,34.999083
NSGA-II,1,39,0.193344,0.299655,52.976954,0.091471,34.759673
NSGA-II,1,40,0.200424,0.295754,54.048895,0.089988,34.716471
NSGA-II,1,41,0.206036,0.292755,55.129084,0.088921,34.772002
NSGA-II,1,42,0.210147,0.290683,56.215932,0.088280,35.220394
NSGA-II,1,43,0.219161,0.288162,57.307810,0.087491,35.500547
NSGA-II,1,44,0.222245,0.284288,58.403060,0.086177,34.925698
NSGA-II,1,45,0.227849,0.281400,59.500000,0.085311,35.070210
NSGA-II,1,46,0.235547,0.278566,60.596940,0.084505,34.868895
NSGA-II,1,47,0.240410,0.274898,61.692190,0.083388,34.903518
NSGA-II,1,48,0.247764,0.272268,62.784068,0.082738,35.286642
NSGA-II,1,49,0.254178,0.269105,63.870916,0.081901,35.149963
NSGA-II,1,50,0.261365,0.266279,64.951105,0.081238,34.475171
NSGA-II,1,51,0.266361,0.262014,66.023046,0.080006,35.240867
NSGA-II,1,52,0.273991,0.259208,67.085200,0.079414,34.650367
NSGA-II,1,53,0.279858,0.255227,68.136086,0.078362,35.312599
NSGA-II,1,54,0.286646,0.251831,69.174287,0.077582,35.048920
NSGA-II,1,55,0.292757,0.248981,70.198461,0.077056,34.915828
NSGA-II,1,56,0.298958,0.246116,71.207343,0.076551,35.011874
NSGA-II,1,57,0.311232,0.242958,72.199753,0.075948,34.994875
NSGA-II,1,58,0.314506,0.238622,73.174598,0.074876,34.510474
NSGA-II,1,59,0.326167,0.235788,74.130877,0.074453,35.302122
NSGA-II,1,60,0.331897,0.231033,75.067683,0.073249,35.167993
NSGA-II,1,61,0.339332,0.227226,75.984205,0.072458,35.005304
NSGA-II,1,62,0.348237,0.224230,76.879727,0.072022,34.650298
NSGA-II,1,63,0.354364,0.220034,77.753628,0.071102,35.114354
NSGA-II,1,64,0.356893,0.219711,78.605383,0.071809,35.160083
NSGA-II,1,65,0.371866,0.213035,79.434560,0.069881,34.514029
NSGA-II,1,66,0.381759,0.210418,80.240816,0.069655,34.648253
NSGA-II,1,67,0.388578,0.205922,81.023896,0.068655,34.426935
NSGA-II,1,68,0.398140,0.203043,81.783630,0.068337,34.843822
NSGA-II,1,69,0.405971,0.199106,82.519926,0.067583,34.788515
NSGA-II,1,70,0.415052,0.195905,83.232769,0.067140,35.345610
NSGA-II,1,71,0.419728,0.191552,83.922215,0.066220,35.140960
NSGA-II,1,72,0.433093,0.189421,84.588384,0.066227,34.477866
NSGA-II,1,73,0.437798,0.183793,85.231460,0.064776,35.034780
NSGA-II,1,74,0.445858,0.180552,85.851682,0.064319,35.132131
NSGA-II,1,75,0.456376,0.177521,86.449341,0.063946,34.898586
NSGA-II,1,76,0.461993,0.174161,87.024773,0.063431,34.846261
NSGA-II,1,77,0.472326,0.169993,87.578358,0.062575,34.674788
NSGA-II,1,78,0.483216,0.168045,88.110509,0.062635,35.171259
NSGA-II,1,79,0.487283,0.164146,88.621674,0.061876,34.847437
NSGA-II,1,80,0.498593,0.160473,89.112328,0.061201,34.805322
NSGA-II,1,81,0.502529,0.158563,89.582969,0.061250,34.461278
NSGA-II,1,82,0.513183,0.153985,90.034114,0.060176,34.563892
NSGA-II,1,83,0.524738,0.151483,90.466297,0.059955,35.040010
NSGA-II,1,84,0.531118,0.147248,90.880062,0.058998,34.939450
NSGA-II,1,85,0.537371,0.145013,91.275965,0.058861,34.967065
NSGA-II,1,86,0.547023,0.141094,91.654565,0.058008,34.676675
NSGA-II,1,87,0.554034,0.138768,92.016426,0.057803,34.674515
NSGA-II,1,88,0.562038,0.135852,92.362111,0.057336,34.856435
NSGA-II,1,89,0.572045,0.132960,92.692184,0.056862,35.863938
NSGA-II,1,90,0.579770,0.130153,93.007204,0.056407,34.980365
NSGA-II,1,91,0.586120,0.127079,93.307723,0.055823,35.046839
NSGA-II,1,92,0.593326,0.124644,93.594287,0.055488,35.048388
NSGA-II,1,93,0.599545,0.122796,93.867436,0.055378,35.446312
NSGA-II,1,94,0.606090,0.120745,94.127696,0.055166,35.336165
NSGA-II,1,95,0.616835,0.117029,94.375585,0.054241,35.383244
NSGA-II,1,96,0.621918,0.114971,94.611608,0.053989,34.576588
NSGA-II,1,97,0.630344,0.111901,94.836260,0.053296,34.993893
NSGA-II,1,98,0.638835,0.110583,95.050021,0.053313,35.132040
NSGA-II,1,99,0.643012,0.107796,95.253356,0.052700,34.887390
NSGA-II,1,100,0.652934,0.106631,95.446720,0.052744,35.324459
NSGA-II,1,101,0.657474,0.103358,95.630551,0.051891,34.886958
NSGA-II,1,102,0.662396,0.101479,95.805274,0.051600,35.042205
NSGA-II,1,103,0.669345,0.099037,95.971300,0.051055,35.164749
NSGA-II,1,104,0.675719,0.097153,96.129025,0.050725,34.240707
NSGA-II,1,105,0.680539,0.095702,96.278830,0.050557,34.779670
NSGA-II,1,106,0.685283,0.094506,96.421083,0.050477,35.322781
NSGA-II,1,107,0.692823,0.091606,96.556137,0.049670,34.502154
NSGA-II,1,108,0.697003,0.090694,96.684334,0.049673,34.845091
NSGA-II,1,109,0.704548,0.088644,96.805998,0.049185,34.442168
NSGA-II,1,110,0.709953,0.087136,96.921444,0.048907,35.295147
NSGA-II,1,111,0.714071,0.085063,97.030970,0.048377,35.470522
NSGA-II,1,112,0.715375,0.085756,97.134866,0.048983,34.661040
NSGA-II,1,113,0.722298,0.083047,97.233404,0.048156,34.924037
NSGA-II,1,114,0.730397,0.081714,97.326850,0.047887,34.661148
NSGA-II,1,115,0.732393,0.079784,97.415455,0.047354,35.362136
NSGA-II,1,116,0.737254,0.078216,97.499458,0.046958,35.017678
NSGA-II,1,117,0.742191,0.076858,97.579089,0.046635,35.225663
NSGA-II,1,118,0.745633,0.075791,97.654568,0.046419,35.506880
NSGA-II,1,119,0.748538,0.075301,97.726104,0.046431,35.393867
NSGA-II,1,120,0.755123,0.073763,97.793895,0.045994,35.318827
NSGA-II,1,121,0.759631,0.073079,97.858131,0.045899,34.796044
NSGA-II,1,122,0.760115,0.071921,97.918994,0.045595,34.864236
NSGA-II,1,123,0.765925,0.070405,97.976656,0.045130,34.819218
NSGA-II,1,124,0.769147,0.069273,98.031279,0.044813,34.714204
NSGA-II,1,125,0.771921,0.068122,98.083022,0.044479,34.769299
NSGA-II,1,126,0.774994,0.067313,98.132032,0.044275,35.255523
NSGA-II,1,127,0.779206,0.066716,98.178449,0.044150,35.304574
NSGA-II,1,128,0.783184,0.066433,98.222409,0.044146,34.812336
NSGA-II,1,129,0.784534,0.064665,98.264039,0.043515,35.111097
NSGA-II,1,130,0.785734,0.064708,98.303460,0.043628,34.705484
NSGA-II,1,131,0.790382,0.063286,98.340788,0.043122,35.006478
NSGA-II,1,132,0.792721,0.062374,98.376130,0.042821,35.429098
NSGA-II,1,133,0.793555,0.062598,98.409593,0.042985,34.653802
NSGA-II,1,134,0.797376,0.061113,98.441273,0.042429,34.898475
NSGA-II,1,135,0.799426,0.060665,98.471265,0.042298,34.930067
NSGA-II,1,136,0.803419,0.060333,98.499657,0.042209,34.962909
NSGA-II,1,137,0.803299,0.059829,98.526534,0.042041,34.887262
NSGA-II,1,138,0.807601,0.059060,98.551975,0.041756,35.297302
NSGA-II,1,139,0.809726,0.058548,98.576057,0.041572,34.855894
NSGA-II,1,140,0.811814,0.058079,98.598850,0.041400,35.658804
NSGA-II,1,141,0.812230,0.057161,98.620425,0.041036,34.304299
NSGA-II,1,142,0.814560,0.056475,98.640844,0.040763,34.828350
NSGA-II,1,143,0.815702,0.056290,98.660169,0.040694,34.957848
NSGA-II,1,144,0.819038,0.056150,98.678459,0.040638,34.378051
NSGA-II,1,145,0.819960,0.055282,98.695768,0.040275,34.328275
NSGA-II,1,146,0.821114,0.054708,98.712149,0.040030,35.041555
NSGA-II,1,147,0.824315,0.055213,98.727651,0.040231,35.065894
NSGA-II,1,148,0.824393,0.053995,98.742321,0.039710,35.575699
NSGA-II,1,149,0.825997,0.053742,98.756203,0.039587,35.344947
NSGA-II,1,150,0.827145,0.053262,98.769340,0.039366,35.141395
NSGA-II,1,151,0.826836,0.053681,98.781770,0.039516,35.065571
NSGA-II,1,152,0.829723,0.052605,98.793533,0.039041,34.649427
NSGA-II,1,153,0.829793,0.052752,98.804663,0.039072,34.590699
NSGA-II,1,154,0.832453,0.052208,98.815194,0.038812,35.212139
NSGA-II,1,155,0.832386,0.051981,98.825159,0.038683,35.291696
NSGA-II,1,156,0.834353,0.051468,98.834588,0.038431,35.237381
NSGA-II,1,157,0.835390,0.051206,98.843509,0.038282,34.908136
NSGA-II,1,158,0.836987,0.051314,98.851950,0.038285,34.705307
NSGA-II,1,159,0.835917,0.051266,98.859937,0.038221,34.729304
NSGA-II,1,160,0.838176,0.050428,98.867493,0.037826,35.476800
NSGA-II,1,161,0.839062,0.050207,98.874642,0.037686,35.736735
NSGA-II,1,162,0.840261,0.050203,98.881407,0.037635,35.340594
NSGA-II,1,163,0.839814,0.050133,98.887806,0.037555,34.971828
NSGA-II,1,164,0.841471,0.049569,98.893861,0.037268,34.920671
NSGA-II,1,165,0.841768,0.049497,98.899590,0.037185,34.525449
NSGA-II,1,166,0.842692,0.049196,98.905009,0.037005,34.691508
NSGA-II,1,167,0.843775,0.049108,98.910137,0.036913,34.810770
NSGA-II,1,168,0.842376,0.049863,98.914988,0.037171,34.863522
NSGA-II,1,169,0.844631,0.048735,98.919577,0.036643,34.981298
NSGA-II,1,170,0.845307,0.048546,98.923919,0.036507,34.873497
NSGA-II,1,171,0.846113,0.048380,98.928027,0.036379,35.008886
NSGA-II,1,172,0.847215,0.048561,98.931913,0.036395,34.483727
NSGA-II,1,173,0.847508,0.048277,98.935590,0.036216,35.865176
NSGA-II,1,174,0.848055,0.048163,98.939068,0.036109,35.257289
NSGA-II,1,175,0.849722,0.048739,98.942358,0.036288,34.965550
NSGA-II,1,176,0.849308,0.048084,98.945471,0.035954,34.537147
NSGA-II,1,177,0.849533,0.047828,98.948416,0.035786,35.324214
NSGA-II,1,178,0.850089,0.047787,98.951202,0.035707,35.154831
NSGA-II,1,179,0.850282,0.047544,98.953837,0.035544,34.957377
NSGA-II,1,180,0.850672,0.047433,98.956330,0.035436,35.162727
NSGA-II,1,181,0.851713,0.047727,98.958689,0.035496,35.179333
NSGA-II,1,182,0.849017,0.048348,98.960921,0.035693,34.985022
NSGA-II,1,183,0.850919,0.047336,98.963031,0.035209,35.481894
NSGA-II,1,184,0.852386,0.047218,98.965028,0.035097,34.999123
NSGA-II,1,185,0.853411,0.047553,98.966917,0.035175,35.321967
NSGA-II,1,186,0.851318,0.047455,98.968705,0.035072,35.228368
NSGA-II,1,187,0.853037,0.046803,98.970395,0.034739,35.262882
NSGA-II,1,188,0.853623,0.046907,98.971994,0.034721,34.748056
NSGA-II,1,189,0.852836,0.046861,98.973507,0.034640,35.403056
NSGA-II,1,190,0.852488,0.047168,98.974939,0.034707,35.080951
NSGA-II,1,191,0.854646,0.046840,98.976292,0.034510,35.133751
NSGA-II,1,192,0.853753,0.046593,98.977573,0.034346,35.116567
NSGA-II,1,193,0.855097,0.046702,98.978785,0.034331,34.705592
NSGA-II,1,194,0.854409,0.046368,98.979931,0.034133,35.316450
NSGA-II,1,195,0.856510,0.047173,98.981015,0.034409,34.644576
NSGA-II,1,196,0.856205,0.046814,98.982041,0.034200,34.772071
NSGA-II,1,197,0.855369,0.046143,98.983011,0.033862,35.131354
NSGA-II,1,198,0.854471,0.046631,98.983929,0.034007,35.166918
NSGA-II,1,199,0.855049,0.046352,98.984798,0.033833,35.121329
NSGA-II,1,200,0.855948,0.046023,98.985619,0.033638,35.148019
NSGA-II,1,201,0.856355,0.046125,98.986396,0.033624,35.067020
NSGA-II,1,202,0.857728,0.046811,98.987131,0.033853,34.891555
NSGA-II,1,203,0.855560,0.046291,98.987826,0.033580,34.786897
NSGA-II,1,204,0.856797,0.045995,98.988484,0.033402,35.501183
NSGA-II,1,205,0.856228,0.045998,98.989106,0.033348,35.067436
NSGA-II,1,206,0.857150,0.045971,98.989695,0.033282,34.873203
NSGA-II,1,207,0.856393,0.045999,98.990252,0.033240,34.947120
NSGA-II,1,208,0.857398,0.045902,98.990779,0.033146,35.622737
NSGA-II,1,209,0.857599,0.045920,98.991277,0.033101,35.222034
NSGA-II,1,210,0.857065,0.045731,98.991748,0.032969,35.340063
NSGA-II,1,211,0.857654,0.045761,98.992194,0.032930,34.469536
NSGA-II,1,212,0.856375,0.046226,98.992616,0.033073,34.912138
NSGA-II,1,213,0.857043,0.045864,98.993015,0.032871,34.805615
NSGA-II,1,214,0.856990,0.045933,98.993392,0.032849,35.184094
NSGA-II,1,215,0.857758,0.045507,98.993749,0.032622,35.636178
NSGA-II,1,216,0.857856,0.045482,98.994087,0.032563,34.958933
NSGA-II,1,217,0.858142,0.045567,98.994407,0.032550,34.869004
NSGA-II,1,218,0.857253,0.045907,98.994709,0.032643,35.359013
NSGA-II,1,219,0.859354,0.046158,98.994995,0.032700,34.433458
NSGA-II,1,220,0.858410,0.045527,98.995265,0.032391,34.993483
NSGA-II,1,221,0.857701,0.045725,98.995521,0.032427,35.245183
NSGA-II,1,222,0.858350,0.045371,98.995763,0.032233,34.586527
NSGA-II,1,223,0.858093,0.045541,98.995992,0.032259,35.318450
NSGA-II,1,224,0.858294,0.045445,98.996209,0.032174,34.816976
NSGA-II,1,225,0.858472,0.045362,98.996414,0.032096,35.359927
NSGA-II,1,226,0.857566,0.045928,98.996607,0.032288,34.967093
NSGA-II,1,227,0.857757,0.045835,98.996791,0.032206,35.053675
NSGA-II,1,228,0.859767,0.045916,98.996964,0.032197,34.558140
NSGA-II,1,229,0.858519,0.045418,98.997128,0.031948,34.305159
NSGA-II,1,230,0.859258,0.045525,98.997283,0.031951,35.108305
NSGA-II,1,231,0.858912,0.045277,98.997430,0.031807,34.888143
NSGA-II,1,232,0.859176,0.045397,98.997569,0.031816,34.673821
NSGA-II,1,233,0.858712,0.045374,98.997700,0.031767,34.954210
NSGA-II,1,234,0.858328,0.045620,98.997825,0.031831,34.525849
NSGA-II,1,235,0.858230,0.045694,98.997942,0.031823,35.095766
NSGA-II,1,236,0.858981,0.045259,98.998053,0.031603,35.112567
NSGA-II,1,237,0.859598,0.045479,98.998159,0.031657,34.609220
NSGA-II,1,238,0.857592,0.046120,98.998258,0.031887,35.553196
NSGA-II,1,239,0.859602,0.045423,98.998352,0.031560,34.813291
NSGA-II,1,240,0.858275,0.045736,98.998441,0.031654,35.131996
NSGA-II,1,241,0.858906,0.045370,98.998526,0.031466,35.576354
NSGA-II,1,242,0.859942,0.045548,98.998605,0.031505,35.117591
NSGA-II,1,243,0.858600,0.045576,98.998681,0.031482,35.163659
NSGA-II,1,244,0.859492,0.045230,98.998752,0.031303,34.579644
NSGA-II,1,245,0.860941,0.046078,98.998819,0.031623,35.089262
NSGA-II,1,246,0.859607,0.045256,98.998883,0.031247,35.171969
NSGA-II,1,247,0.859665,0.045270,98.998943,0.031220,35.030095
NSGA-II,1,248,0.858563,0.045648,98.999001,0.031345,35.055467
NSGA-II,1,249,0.859163,0.045296,98.999055,0.031167,35.109247
NSGA-II,1,250,0.859911,0.045362,98.999106,0.031163,35.414655
NSGA-II,1,251,0.859548,0.045127,98.999154,0.031034,34.827462
NSGA-II,1,252,0.859857,0.045295,98.999200,0.031073,35.443689
NSGA-II,1,253,0.860081,0.045414,98.999243,0.031093,35.074014
NSGA-II,1,254,0.858996,0.045435,98.999284,0.031072,34.929607
NSGA-II,1,255,0.859568,0.045099,98.999323,0.030902,35.085850
NSGA-II,1,256,0.859395,0.045208,98.999359,0.030919,34.856209
NSGA-II,1,257,0.859162,0.045355,98.999394,0.030952,35.304511
NSGA-II,1,258,0.858632,0.045679,98.999427,0.031059,34.973796
NSGA-II,1,259,0.859652,0.045075,98.999458,0.030780,34.643073
NSGA-II,1,260,0.859042,0.045444,98.999487,0.030906,35.150895
NSGA-II,1,261,0.859622,0.045101,98.999515,0.030737,34.482897
NSGA-II,1,262,0.859889,0.045183,98.999541,0.030745,35.026066
NSGA-II,1,263,0.859272,0.045322,98.999566,0.030776,35.396997
NSGA-II,1,264,0.859866,0.045149,98.999589,0.030679,35.054230
NSGA-II,1,265,0.859981,0.045208,98.999611,0.030678,35.075089
NSGA-II,1,266,0.859470,0.045216,98.999632,0.030657,35.060834
NSGA-II,1,267,0.859314,0.045314,98.999652,0.030673,35.192528
NSGA-II,1,268,0.860003,0.045195,98.999671,0.030599,35.109305
NSGA-II,1,269,0.859536,0.045189,98.999689,0.030573,34.719389
NSGA-II,1,270,0.860473,0.045462,98.999706,0.030663,35.210055
NSGA-II,1,271,0.859991,0.045165,98.999722,0.030517,34.834464
NSGA-II,1,272,0.859544,0.045194,98.999737,0.030506,35.301355
NSGA-II,1,273,0.859654,0.045131,98.999751,0.030457,35.060780
NSGA-II,1,274,0.860096,0.045208,98.999764,0.030467,34.695540
NSGA-II,1,275,0.859670,0.045128,98.999777,0.030413,35.017294
NSGA-II,1,276,0.860374,0.045362,98.999789,0.030489,34.625111
NSGA-II,1,277,0.859663,0.045137,98.999800,0.030374,35.127069
NSGA-II,1,278,0.858699,0.045718,98.999811,0.030596,35.000086
NSGA-II,1,279,0.859674,0.045136,98.999821,0.030332,34.735528
NSGA-II,1,280,0.860496,0.045414,98.999831,0.030428,35.170467
NSGA-II,1,281,0.860431,0.045370,98.999840,0.030390,34.806697
NSGA-II,1,282,0.859631,0.045169,98.999849,0.030287,34.996492
NSGA-II,1,283,0.859292,0.045374,98.999857,0.030353,35.258105
NSGA-II,1,284,0.860055,0.045131,98.999865,0.030233,35.475340
NSGA-II,1,285,0.859249,0.045404,98.999872,0.030328,36.134083
NSGA-II,1,286,0.860964,0.045669,98.999879,0.030420,34.440223
NSGA-II,1,287,0.859656,0.045164,98.999886,0.030192,34.837061
NSGA-II,1,288,0.860228,0.045220,98.999892,0.030197,35.170994
NSGA-II,1,289,0.859739,0.045117,98.999898,0.030137,35.158058
NSGA-II,1,290,0.859841,0.045058,98.999903,0.030095,34.986893
NSGA-II,1,291,0.860614,0.045441,98.999908,0.030238,35.226865
NSGA-II,1,292,0.859037,0.045543,98.999913,0.030264,35.151331
NSGA-II,1,293,0.860067,0.045107,98.999918,0.030066,34.948828
NSGA-II,1,294,0.859968,0.045045,98.999922,0.030024,34.907634
NSGA-II,1,295,0.859784,0.045099,98.999927,0.030030,34.825913
NSGA-II,1,296,0.859717,0.045140,98.999931,0.030032,34.879470
NSGA-II,1,297,0.859193,0.045456,98.999934,0.030148,35.725219
NSGA-II,1,298,0.860306,0.045238,98.999938,0.030042,35.643086
NSGA-II,1,299,0.859278,0.045407,98.999941,0.030098,35.088241
NSGA-II,1,300,0.859004,0.045573,98.999944,0.030152,35.257277
INSGA-III,2,0,0.052030,0.378209,26.045897,0.145906,24.932791
INSGA-III,2,1,0.057481,0.376618,26.363708,0.143360,25.316243
INSGA-III,2,2,0.058807,0.376867,26.696705,0.141620,25.041500
INSGA-III,2,3,0.058445,0.376067,27.045454,0.139483,25.573395
INSGA-III,2,4,0.055415,0.375969,27.410522,0.137678,25.015913
INSGA-III,2,5,0.058368,0.374731,27.792476,0.135439,25.134672
INSGA-III,2,6,0.058270,0.374127,28.191887,0.133505,25.537397
INSGA-III,2,7,0.058270,0.374055,28.609318,0.131833,25.326474
INSGA-III,2,8,0.058269,0.373978,29.045330,0.130200,26.394214
INSGA-III,2,9,0.060988,0.373151,29.500473,0.128295,25.203742
INSGA-III,2,10,0.062357,0.373046,29.975284,0.126733,25.893132
INSGA-III,2,11,0.059901,0.372732,30.470285,0.125126,25.861734
INSGA-III,2,12,0.060594,0.372213,30.985980,0.123476,26.739591
INSGA-III,2,13,0.064955,0.371436,31.522847,0.121762,26.063886
INSGA-III,2,14,0.066532,0.371181,32.081336,0.120308,26.253421
INSGA-III,2,15,0.066952,0.370152,32.661868,0.118577,25.901142
INSGA-III,2,16,0.066669,0.368615,33.264822,0.116679,26.728018
INSGA-III,2,17,0.068849,0.368466,33.890540,0.115405,26.373247
INSGA-III,2,18,0.071661,0.368600,34.539314,0.114296,26.697258
INSGA-III,2,19,0.070006,0.365953,35.211386,0.112075,27.007338
INSGA-III,2,20,0.073054,0.366018,35.906940,0.111033,26.775142
INSGA-III,2,21,0.072637,0.363889,36.626100,0.109127,26.425256
INSGA-III,2,22,0.077192,0.364623,37.368920,0.108464,27.376345
INSGA-III,2,23,0.075887,0.361711,38.135386,0.106334,27.774343
INSGA-III,2,24,0.078964,0.361293,38.925405,0.105297,27.003614
INSGA-III,2,25,0.079976,0.359491,39.738805,0.103738,27.432019
INSGA-III,2,26,0.081716,0.357975,40.575329,0.102353,27.666605
INSGA-III,2,27,0.078092,0.359084,41.434631,0.102120,27.908911
INSGA-III,2,28,0.085539,0.354658,42.316276,0.099640,27.446881
INSGA-III,2,29,0.082572,0.355850,43.219732,0.099560,27.603781
INSGA-III,2,30,0.086801,0.353021,44.144375,0.097868,27.494350
INSGA-III,2,31,0.090732,0.350357,45.089482,0.096308,28.222099
INSGA-III,2,32,0.093473,0.348395,46.054235,0.095106,28.361036
INSGA-III,2,33,0.097019,0.345939,47.037717,0.093765,28.632170
INSGA-III,2,34,0.103392,0.343957,48.038921,0.092689,27.650874
INSGA-III,2,35,0.106949,0.341752,49.056742,0.091592,27.925795
INSGA-III,2,36,0.108478,0.338082,50.089991,0.089956,28.358387
INSGA-III,2,37,0.110145,0.336648,51.137392,0.089325,27.727348
INSGA-III,2,38,0.117746,0.333686,52.197589,0.088133,28.508570
INSGA-III,2,39,0.117509,0.331480,53.269155,0.087331,28.497057
INSGA-III,2,40,0.123170,0.327705,54.350594,0.085954,28.361180
INSGA-III,2,41,0.127821,0.324538,55.440354,0.084909,28.037712
INSGA-III,2,42,0.134435,0.320371,56.536832,0.083527,28.445457
INSGA-III,2,43,0.140703,0.317532,57.638386,0.082779,28.228801
INSGA-III,2,44,0.143821,0.313846,58.743340,0.081760,28.560861
INSGA-III,2,45,0.150367,0.309581,59.850000,0.080582,28.572656
INSGA-III,2,46,0.159069,0.306775,60.956660,0.080093,28.694710
INSGA-III,2,47,0.162768,0.301536,62.061614,0.078672,29.189969
INSGA-III,2,48,0.169802,0.297059,63.163168,0.077650,28.253161
INSGA-III,2,49,0.178081,0.293308,64.259646,0.077011,28.910314
INSGA-III,2,50,0.184097,0.288094,65.349406,0.075842,28.837604
INSGA-III,2,51,0.194054,0.284533,66.430845,0.075439,29.118898
INSGA-III,2,52,0.201397,0.279224,67.502411,0.074384,29.236890
INSGA-III,2,53,0.211023,0.274931,68.562608,0.073826,29.751136
INSGA-III,2,54,0.219015,0.269305,69.610009,0.072784,29.304499
INSGA-III,2,55,0.228338,0.264132,70.643258,0.071997,29.217253
INSGA-III,2,56,0.235822,0.257517,71.661079,0.070674,29.816837
INSGA-III,2,57,0.246351,0.252400,72.662283,0.070036,29.425111
INSGA-III,2,58,0.259327,0.248433,73.645765,0.069932,29.160843
INSGA-III,2,59,0.266471,0.240662,74.610518,0.068294,29.304233
INSGA-III,2,60,0.279146,0.235920,75.555625,0.067965,29.645212
INSGA-III,2,61,0.288416,0.228963,76.480268,0.066754,29.664146
INSGA-III,2,62,0.303073,0.224781,77.383724,0.066734,29.733715
INSGA-III,2,63,0.311745,0.217148,78.265369,0.065306,29.898877
INSGA-III,2,64,0.322809,0.211831,79.124671,0.064866,30.039419
INSGA-III,2,65,0.336947,0.205172,79.961195,0.063884,29.823124
INSGA-III,2,66,0.350809,0.199820,80.774595,0.063459,30.235830
INSGA-III,2,67,0.359882,0.194517,81.564614,0.063059,29.904688
INSGA-III,2,68,0.376652,0.187608,82.331080,0.061989,30.506366
INSGA-III,2,69,0.386501,0.182653,83.073900,0.061727,30.007951
INSGA-III,2,70,0.404174,0.176082,83.793060,0.060780,30.105881
INSGA-III,2,71,0.414750,0.170459,84.488614,0.060209,30.146420
INSGA-III,2,72,0.431094,0.164107,85.160686,0.059311,29.943514
INSGA-III,2,73,0.442919,0.158926,85.809460,0.058873,30.562496
INSGA-III,2,74,0.461155,0.154163,86.435178,0.058576,29.594803
INSGA-III,2,75,0.472366,0.147187,87.038132,0.057320,30.363512
INSGA-III,2,76,0.488048,0.142693,87.618664,0.057057,30.493749
INSGA-III,2,77,0.500894,0.136807,88.177153,0.056170,30.633957
INSGA-III,2,78,0.512390,0.132949,88.714020,0.056080,30.745220
INSGA-III,2,79,0.525716,0.128404,89.229715,0.055653,30.785942
INSGA-III,2,80,0.540855,0.122845,89.724716,0.054752,31.084268
INSGA-III,2,81,0.555374,0.117719,90.199527,0.053977,29.788808
INSGA-III,2,82,0.570616,0.113749,90.654670,0.053627,30.543844
INSGA-III,2,83,0.583661,0.109360,91.090682,0.053046,31.231226
INSGA-III,2,84,0.595384,0.104708,91.508113,0.052298,31.647537
INSGA-III,2,85,0.608196,0.100720,91.907524,0.051768,30.414321
INSGA-III,2,86,0.621139,0.097024,92.289478,0.051303,30.001455
INSGA-III,2,87,0.633463,0.093460,92.654546,0.050834,30.583965
INSGA-III,2,88,0.645094,0.089819,93.003295,0.050276,31.040346
INSGA-III,2,89,0.657096,0.086746,93.336292,0.049899,31.600171
INSGA-III,2,90,0.667949,0.083334,93.654103,0.049325,31.190151
INSGA-III,2,91,0.678294,0.080396,93.957285,0.048894,30.942513
INSGA-III,2,92,0.688848,0.077513,94.246389,0.048434,30.937813
INSGA-III,2,93,0.702885,0.076646,94.521957,0.048762,31.286764
INSGA-III,2,94,0.709577,0.072151,94.784523,0.047528,30.932520
INSGA-III,2,95,0.720945,0.070810,95.034609,0.047561,31.120663
INSGA-III,2,96,0.727959,0.067202,95.272724,0.046602,31.035299
INSGA-III,2,97,0.736792,0.065025,95.499366,0.046195,31.714746
INSGA-III,2,98,0.745370,0.063028,95.715021,0.045821,31.332831
INSGA-III,2,99,0.752273,0.061292,95.920158,0.045514,31.440005
INSGA-III,2,100,0.761804,0.059573,96.115235,0.045176,31.190581
INSGA-III,2,101,0.766560,0.058102,96.300695,0.044903,31.831123
INSGA-III,2,102,0.775563,0.055753,96.476967,0.044229,31.290611
INSGA-III,2,103,0.781486,0.054125,96.644464,0.043823,31.755891
INSGA-III,2,104,0.790039,0.053530,96.803586,0.043815,31.504466
INSGA-III,2,105,0.794283,0.051036,96.954718,0.042986,31.361413
INSGA-III,2,106,0.799419,0.050084,97.098231,0.042771,30.989524
INSGA-III,2,107,0.805744,0.048609,97.234483,0.042311,31.453858
INSGA-III,2,108,0.810379,0.047504,97.363815,0.041981,31.636692
INSGA-III,2,109,0.814526,0.046874,97.486558,0.041825,31.439623
INSGA-III,2,110,0.817604,0.046797,97.603026,0.041877,31.626028
INSGA-III,2,111,0.824780,0.044247,97.713523,0.040878,32.147076
INSGA-III,2,112,0.828371,0.043618,97.818339,0.040661,31.952722
INSGA-III,2,113,0.831850,0.043048,97.917751,0.040450,32.101027
INSGA-III,2,114,0.838219,0.042635,98.012025,0.040288,31.922291
INSGA-III,2,115,0.841675,0.041845,98.101414,0.039953,31.965096
INSGA-III,2,116,0.843512,0.040249,98.186162,0.039268,31.637853
INSGA-III,2,117,0.847505,0.040104,98.266499,0.039175,31.904720
INSGA-III,2,118,0.850528,0.039527,98.342647,0.038889,31.848356
INSGA-III,2,119,0.849060,0.040287,98.414816,0.039148,31.644802
INSGA-III,2,120,0.854389,0.038122,98.483208,0.038178,31.866907
INSGA-III,2,121,0.856302,0.037948,98.548013,0.038029,32.304283
INSGA-III,2,122,0.861325,0.037781,98.609416,0.037873,32.247028
INSGA-III,2,123,0.861846,0.036408,98.667588,0.037207,31.339220
INSGA-III,2,124,0.865510,0.036886,98.722696,0.037304,31.930960
INSGA-III,2,125,0.864810,0.036218,98.774897,0.036917,32.302665
INSGA-III,2,126,0.867163,0.035532,98.824341,0.036517,32.239973
INSGA-III,2,127,0.868722,0.035279,98.871170,0.036291,32.381561
INSGA-III,2,128,0.871084,0.034582,98.915519,0.035876,32.299977
INSGA-III,2,129,0.877062,0.036967,98.957518,0.036740,32.431696
INSGA-III,2,130,0.874293,0.034178,98.997288,0.035445,32.346344
INSGA-III,2,131,0.874987,0.033872,99.034946,0.035180,31.917537
INSGA-III,2,132,0.878271,0.034518,99.070602,0.035309,31.865343
INSGA-III,2,133,0.880381,0.034855,99.104361,0.035307,31.836213
INSGA-III,2,134,0.879926,0.033712,99.136322,0.034685,32.501792
INSGA-III,2,135,0.876603,0.034741,99.166580,0.034966,32.087379
INSGA-III,2,136,0.882003,0.033378,99.195224,0.034249,32.600089
INSGA-III,2,137,0.882768,0.033121,99.222338,0.033992,32.804454
INSGA-III,2,138,0.881503,0.032907,99.248005,0.033751,32.808812
INSGA-III,2,139,0.882152,0.032842,99.272300,0.033571,31.771935
INSGA-III,2,140,0.883904,0.032095,99.295296,0.033107,32.649083
INSGA-III,2,141,0.884431,0.032065,99.317061,0.032940,32.817396
INSGA-III,2,142,0.885585,0.031857,99.337661,0.032699,32.722136
INSGA-III,2,143,0.885744,0.031797,99.357158,0.032520,33.106773
INSGA-III,2,144,0.886110,0.031814,99.375610,0.032373,32.607012
INSGA-III,2,145,0.886646,0.031714,99.393073,0.032177,32.752039
INSGA-III,2,146,0.888075,0.031596,99.409599,0.031975,32.707946
INSGA-III,2,147,0.889473,0.032064,99.425238,0.032016,32.342373
INSGA-III,2,148,0.887474,0.031802,99.440038,0.031754,32.694789
INSGA-III,2,149,0.891331,0.032507,99.454043,0.031897,33.232814
INSGA-III,2,150,0.889556,0.031138,99.467296,0.031175,32.396226
INSGA-III,2,151,0.890108,0.031185,99.479837,0.031045,32.482244
INSGA-III,2,152,0.890268,0.031015,99.491703,0.030825,32.706644
INSGA-III,2,153,0.893013,0.032413,99.502932,0.031259,32.870910
INSGA-III,2,154,0.888369,0.032145,99.513557,0.031001,33.504451
INSGA-III,2,155,0.888521,0.032169,99.523610,0.030865,32.696673
INSGA-III,2,156,0.892369,0.031371,99.533122,0.030389,32.791942
INSGA-III,2,157,0.889659,0.031697,99.542122,0.030381,31.963633
INSGA-III,2,158,0.893770,0.031842,99.550638,0.030300,32.973213
INSGA-III,2,159,0.892061,0.030650,99.558696,0.029663,33.269903
INSGA-III,2,160,0.894009,0.031662,99.566319,0.029946,33.088049
INSGA-III,2,161,0.892864,0.030829,99.573532,0.029462,32.524945
INSGA-III,2,162,0.894421,0.031627,99.580356,0.029658,32.734513
INSGA-III,2,163,0.893516,0.030956,99.586812,0.029244,32.854808
INSGA-III,2,164,0.892940,0.030491,99.592921,0.028918,32.757700
INSGA-III,2,165,0.893245,0.030562,99.598700,0.028816,32.970621
INSGA-III,2,166,0.894990,0.031504,99.604168,0.029079,33.595033
INSGA-III,2,167,0.893350,0.030422,99.609341,0.028500,33.185109
INSGA-III,2,168,0.893620,0.030493,99.614235,0.028403,33.229187
INSGA-III,2,169,0.891950,0.031144,99.618865,0.028549,33.694259
INSGA-III,2,170,0.894379,0.030782,99.623245,0.028275,33.513612
INSGA-III,2,171,0.892390,0.030964,99.627389,0.028229,33.181047
INSGA-III,2,172,0.895949,0.031579,99.631310,0.028365,32.842743
INSGA-III,2,173,0.895738,0.031388,99.635019,0.028166,33.175589
INSGA-III,2,174,0.894430,0.030542,99.638528,0.027697,32.642081
INSGA-III,2,175,0.893915,0.030188,99.641847,0.027434,33.056887
INSGA-III,2,176,0.895527,0.031089,99.644988,0.027696,33.666819
INSGA-III,2,177,0.893698,0.030376,99.647959,0.027286,32.989665
INSGA-III,2,178,0.893016,0.030811,99.650769,0.027357,33.742648
INSGA-III,2,179,0.894294,0.030208,99.653428,0.026996,32.448747
INSGA-III,2,180,0.895572,0.030934,99.655944,0.027191,33.665267
INSGA-III,2,181,0.894318,0.030144,99.658323,0.026756,33.206491
INSGA-III,2,182,0.895749,0.030966,99.660574,0.026994,33.281253
INSGA-III,2,183,0.894624,0.030258,99.662704,0.026596,33.334849
INSGA-III,2,184,0.895339,0.030655,99.664718,0.026660,33.556034
INSGA-III,2,185,0.894113,0.030292,99.666624,0.026408,33.013866
INSGA-III,2,186,0.895426,0.030651,99.668427,0.026459,33.053620
INSGA-III,2,187,0.894457,0.030116,99.670133,0.026139,32.745940
INSGA-III,2,188,0.893660,0.030607,99.671746,0.026248,33.613267
INSGA-III,2,189,0.896327,0.031119,99.673273,0.026367,33.385157
INSGA-III,2,190,0.894409,0.030182,99.674716,0.025884,33.338949
INSGA-III,2,191,0.894829,0.030180,99.676082,0.025791,33.635529
INSGA-III,2,192,0.894113,0.030381,99.677375,0.025785,34.017581
INSGA-III,2,193,0.894770,0.030109,99.678597,0.025583,33.738814
INSGA-III,2,194,0.896247,0.030979,99.679753,0.025857,33.452037
INSGA-III,2,195,0.895207,0.030340,99.680847,0.025505,33.403225
INSGA-III,2,196,0.895821,0.030695,99.681882,0.025568,33.948777
INSGA-III,2,197,0.895540,0.030513,99.682861,0.025409,33.040783
INSGA-III,2,198,0.895736,0.030618,99.683787,0.025370,33.143320
INSGA-III,2,199,0.895453,0.030437,99.684663,0.025214,33.571466
INSGA-III,2,200,0.893753,0.030659,99.685492,0.025226,33.989076
INSGA-III,2,201,0.895751,0.030595,99.686275,0.025121,33.923483
INSGA-III,2,202,0.895325,0.030330,99.687017,0.024934,33.465585
INSGA-III,2,203,0.894515,0.030218,99.687719,0.024811,33.814048
INSGA-III,2,204,0.894852,0.030029,99.688382,0.024657,33.898557
INSGA-III,2,205,0.895601,0.030471,99.689010,0.024767,34.628541
INSGA-III,2,206,0.894935,0.030064,99.689604,0.024525,33.822545
INSGA-III,2,207,0.895381,0.030325,99.690165,0.024562,34.477169
INSGA-III,2,208,0.895681,0.030499,99.690697,0.024564,33.532082
INSGA-III,2,209,0.896103,0.030746,99.691200,0.024598,33.411036
INSGA-III,2,210,0.893886,0.030622,99.691675,0.024478,33.825738
INSGA-III,2,211,0.895044,0.030100,99.692125,0.024194,33.983516
INSGA-III,2,212,0.894959,0.030044,99.692550,0.024104,34.467116
INSGA-III,2,213,0.894756,0.030108,99.692953,0.024066,33.318289
INSGA-III,2,214,0.893694,0.030748,99.693334,0.024268,34.235265
INSGA-III,2,215,0.894523,0.030253,99.693694,0.023999,33.148218
INSGA-III,2,216,0.894188,0.030456,99.694035,0.024022,33.864518
INSGA-III,2,217,0.894788,0.030098,99.694357,0.023811,33.083652
INSGA-III,2,218,0.894817,0.030083,99.694662,0.023745,34.258733
INSGA-III,2,219,0.894103,0.030513,99.694950,0.023865,32.872656
INSGA-III,2,220,0.895099,0.030100,99.695223,0.023635,33.379205
INSGA-III,2,221,0.895427,0.030294,99.695481,0.023658,33.988750
INSGA-III,2,222,0.895656,0.030429,99.695726,0.023658,34.120281
INSGA-III,2,223,0.894325,0.030386,99.695957,0.023584,33.568873
INSGA-III,2,224,0.895442,0.030296,99.696175,0.023492,33.871103
INSGA-III,2,225,0.896028,0.030646,99.696382,0.023584,34.059932
INSGA-III,2,226,0.895332,0.030226,99.696577,0.023357,33.853128
INSGA-III,2,227,0.894590,0.030231,99.696762,0.023307,33.689820
INSGA-III,2,228,0.895223,0.030158,99.696937,0.023225,33.465437
INSGA-III,2,229,0.895139,0.030105,99.697103,0.023152,33.836564
INSGA-III,2,230,0.894606,0.030224,99.697259,0.023152,33.376694
INSGA-III,2,231,0.895041,0.030044,99.697407,0.023028,33.829355
INSGA-III,2,232,0.894475,0.030304,99.697548,0.023089,34.528607
INSGA-III,2,233,0.894824,0.030095,99.697680,0.022954,34.130963
INSGA-III,2,234,0.895116,0.030085,99.697805,0.022904,33.207968
INSGA-III,2,235,0.894428,0.030334,99.697924,0.022962,33.815788
INSGA-III,2,236,0.894812,0.030104,99.698036,0.022821,34.014839
INSGA-III,2,237,0.894694,0.030176,99.698142,0.022806,33.658156
INSGA-III,2,238,0.895445,0.030279,99.698243,0.022805,33.696877
INSGA-III,2,239,0.895708,0.030436,99.698338,0.022828,34.177476
INSGA-III,2,240,0.895270,0.030173,99.698427,0.022676,34.307717
INSGA-III,2,241,0.895188,0.030123,99.698512,0.022613,33.872328
INSGA-III,2,242,0.894892,0.030059,99.698593,0.022546,33.926044
INSGA-III,2,243,0.894432,0.030335,99.698669,0.022621,34.272178
INSGA-III,2,244,0.894820,0.030103,99.698741,0.022484,34.280792
INSGA-III,2,245,0.895298,0.030186,99.698809,0.022480,33.832311
INSGA-III,2,246,0.894982,0.030006,99.698873,0.022367,33.480052
INSGA-III,2,247,0.895806,0.030490,99.698934,0.022530,34.136527
INSGA-III,2,248,0.895760,0.030462,99.698992,0.022482,34.532750
INSGA-III,2,249,0.894909,0.030051,99.699046,0.022274,33.498879
INSGA-III,2,250,0.894385,0.030366,99.699098,0.022369,33.874101
INSGA-III,2,251,0.894217,0.030467,99.699147,0.022375,34.598767
INSGA-III,2,252,0.895277,0.030171,99.699193,0.022217,33.928466
INSGA-III,2,253,0.895300,0.030185,99.699236,0.022189,34.545090
INSGA-III,2,254,0.895067,0.030044,99.699278,0.022096,34.456955
INSGA-III,2,255,0.895244,0.030150,99.699317,0.022107,34.411390
INSGA-III,2,256,0.895320,0.030196,99.699354,0.022094,33.895499
INSGA-III,2,257,0.894253,0.030446,99.699388,0.022166,33.842205
INSGA-III,2,258,0.894887,0.030066,99.699421,0.021976,34.109940
INSGA-III,2,259,0.894525,0.030283,99.699453,0.022035,34.290975
INSGA-III,2,260,0.895064,0.030041,99.699482,0.021903,34.673611
INSGA-III,2,261,0.895572,0.030346,99.699510,0.022000,33.612012
INSGA-III,2,262,0.895884,0.030533,99.699537,0.022048,34.219618
INSGA-III,2,263,0.895647,0.030390,99.699562,0.021960,34.288643
INSGA-III,2,264,0.894880,0.030071,99.699585,0.021798,34.007732
INSGA-III,2,265,0.894481,0.030310,99.699608,0.021869,34.227349
INSGA-III,2,266,0.895681,0.030411,99.699629,0.021884,34.539178
INSGA-III,2,267,0.895486,0.030293,99.699649,0.021807,33.675816
INSGA-III,2,268,0.894232,0.030460,99.699668,0.021850,34.132120
INSGA-III,2,269,0.895011,0.030008,99.699686,0.021635,34.289080
INSGA-III,2,270,0.895548,0.030330,99.699703,0.021743,34.241490
INSGA-III,2,271,0.895211,0.030128,99.699719,0.021633,34.748498
INSGA-III,2,272,0.894167,0.030499,99.699734,0.021762,34.747129
INSGA-III,2,273,0.893603,0.030838,99.699749,0.021879,34.723470
INSGA-III,2,274,0.895425,0.030256,99.699762,0.021612,34.475180
INSGA-III,2,275,0.894552,0.030268,99.699775,0.021593,34.130145
INSGA-III,2,276,0.894370,0.030377,99.699787,0.021615,34.327689
INSGA-III,2,277,0.894716,0.030170,99.699799,0.021505,34.601432
INSGA-III,2,278,0.895135,0.030082,99.699810,0.021445,33.907935
INSGA-III,2,279,0.894607,0.030235,99.699820,0.021487,33.578536
INSGA-III,2,280,0.895144,0.030087,99.699830,0.021403,34.758185
INSGA-III,2,281,0.894173,0.030496,99.699839,0.021551,34.082660
INSGA-III,2,282,0.895301,0.030181,99.699848,0.021398,35.005617
INSGA-III,2,283,0.895233,0.030140,99.699856,0.021360,34.583560
INSGA-III,2,284,0.895174,0.030105,99.699864,0.021325,34.497365
INSGA-III,2,285,0.895137,0.030083,99.699871,0.021295,34.845395
INSGA-III,2,286,0.895070,0.030043,99.699878,0.021258,34.342480
INSGA-III,2,287,0.895408,0.030245,99.699884,0.021323,34.064849
INSGA-III,2,288,0.895656,0.030394,99.699891,0.021365,34.724196
INSGA-III,2,289,0.895109,0.030066,99.699897,0.021209,34.906008
INSGA-III,2,290,0.895626,0.030376,99.699902,0.021319,33.998409
INSGA-III,2,291,0.894931,0.030041,99.699908,0.021161,34.499279
INSGA-III,2,292,0.895342,0.030205,99.699913,0.021211,34.324408
INSGA-III,2,293,0.895906,0.030544,99.699917,0.021334,34.092396
INSGA-III,2,294,0.895037,0.030023,99.699922,0.021100,34.694911
INSGA-III,2,295,0.895381,0.030229,99.699926,0.021168,35.298176
INSGA-III,2,296,0.894437,0.030337,99.699930,0.021196,34.372264
INSGA-III,2,297,0.895352,0.030212,99.699934,0.021127,34.462422
INSGA-III,2,298,0.894402,0.030358,99.699937,0.021171,35.257508
INSGA-III,2,299,0.895068,0.030041,99.699941,0.021023,34.522580
INSGA-III,2,300,0.894739,0.030157,99.699944,0.021055,34.561572
NSGA-III,2,0,0.061223,0.372789,25.689364,0.145247,34.837978
NSGA-III,2,1,0.068383,0.375031,25.988432,0.144466,35.857428
NSGA-III,2,2,0.063003,0.371643,26.301793,0.141381,35.154368
NSGA-III,2,3,0.060610,0.373036,26.629976,0.140329,34.926371
NSGA-III,2,4,0.067008,0.371290,26.973515,0.138010,35.307360
NSGA-III,2,5,0.070549,0.372331,27.332945,0.136895,35.109779
NSGA-III,2,6,0.067095,0.369116,27.708802,0.134047,35.302348
NSGA-III,2,7,0.065048,0.370176,28.101617,0.133023,35.372221
NSGA-III,2,8,0.069179,0.367887,28.511917,0.130646,34.889897
NSGA-III,2,9,0.068368,0.368066,28.940219,0.129340,34.851527
NSGA-III,2,10,0.073258,0.367574,29.387030,0.127796,35.239711
NSGA-III,2,11,0.074849,0.367033,29.852841,0.126276,35.119399
NSGA-III,2,12,0.075363,0.365765,30.338124,0.124496,34.867085
NSGA-III,2,13,0.075459,0.364161,30.843331,0.122621,35.116135
NSGA-III,2,14,0.081352,0.365945,31.368886,0.122201,35.046617
NSGA-III,2,15,0.078570,0.362429,31.915183,0.119619,35.296481
NSGA-III,2,16,0.079383,0.360973,32.482581,0.117941,34.858982
NSGA-III,2,17,0.076915,0.362327,33.071399,0.117479,34.684761
NSGA-III,2,18,0.081172,0.359679,33.681914,0.115397,34.803287
NSGA-III,2,19,0.082476,0.358800,34.314353,0.114100,34.800905
NSGA-III,2,20,0.085172,0.357081,34.968890,0.112501,35.155303
NSGA-III,2,21,0.089168,0.355470,35.645640,0.110996,34.508053
NSGA-III,2,22,0.087915,0.355223,36.344655,0.110109,35.111364
NSGA-III,2,23,0.093826,0.352847,37.065921,0.108385,35.316502
NSGA-III,2,24,0.096036,0.351256,37.809352,0.107040,34.871943
NSGA-III,2,25,0.096862,0.349513,38.574785,0.105683,34.973873
NSGA-III,2,26,0.100073,0.347468,39.361978,0.104253,34.669962
NSGA-III,2,27,0.101420,0.346539,40.170607,0.103343,34.869736
NSGA-III,2,28,0.108034,0.345261,41.000260,0.102341,35.004868
NSGA-III,2,29,0.108439,0.342085,41.850438,0.100604,34.986211
NSGA-III,2,30,0.110720,0.340594,42.720554,0.099625,35.410523
NSGA-III,2,31,0.117101,0.339034,43.609927,0.098675,35.113574
NSGA-III,2,32,0.122510,0.338021,44.517787,0.098010,35.256695
NSGA-III,2,33,0.120062,0.334635,45.443272,0.096415,34.925107
NSGA-III,2,34,0.122008,0.333358,46.385434,0.095758,34.893772
NSGA-III,2,35,0.127495,0.329961,47.343233,0.094277,35.276748
NSGA-III,2,36,0.132222,0.327028,48.315550,0.093050,35.046716
NSGA-III,2,37,0.142561,0.325701,49.301184,0.092553,34.754600
NSGA-III,2,38,0.143560,0.320779,50.298861,0.090620,35.104566
NSGA-III,2,39,0.146301,0.318357,51.307235,0.089790,34.419261
NSGA-III,2,40,0.154836,0.315811,52.324900,0.088971,35.143589
NSGA-III,2,41,0.156513,0.312156,53.350396,0.087751,34.931588
NSGA-III,2,42,0.163775,0.308486,54.382214,0.086588,34.922963
NSGA-III,2,43,0.167551,0.305543,55.418807,0.085789,34.919576
NSGA-III,2,44,0.174139,0.301635,56.458601,0.084650,35.100400
NSGA-III,2,45,0.183455,0.299414,57.500000,0.084274,34.901889
NSGA-III,2,46,0.192414,0.297327,58.541399,0.084016,34.063871
NSGA-III,2,47,0.191768,0.291386,59.581193,0.082211,34.910356
NSGA-III,2,48,0.199292,0.287058,60.617786,0.081137,35.170723
NSGA-III,2,49,0.212587,0.285520,61.649604,0.081283,35.329051
NSGA-III,2,50,0.214494,0.278450,62.675100,0.079181,35.404088
NSGA-III,2,51,0.218661,0.276284,63.692765,0.079176,34.763406
NSGA-III,2,52,0.230340,0.270000,64.701139,0.077509,35.154112
NSGA-III,2,53,0.238373,0.265607,65.698816,0.076680,35.266000
NSGA-III,2,54,0.247986,0.261925,66.684450,0.076197,34.719857
NSGA-III,2,55,0.256188,0.257165,67.656767,0.075311,35.618162
NSGA-III,2,56,0.265256,0.252703,68.614566,0.074592,34.996776
NSGA-III,2,57,0.270357,0.248625,69.556728,0.074076,35.023696
NSGA-III,2,58,0.284156,0.243597,70.482213,0.073201,34.955388
NSGA-III,2,59,0.291462,0.237695,71.390073,0.071997,34.730043
NSGA-III,2,60,0.303951,0.234246,72.279446,0.071848,34.761530
NSGA-III,2,61,0.309045,0.229231,73.149562,0.071075,34.754971
NSGA-III,2,62,0.322435,0.223419,73.999740,0.069994,35.211657
NSGA-III,2,63,0.330973,0.218537,74.829393,0.069323,35.181992
NSGA-III,2,64,0.342145,0.213211,75.638022,0.068485,35.371200
NSGA-III,2,65,0.354553,0.208757,76.425215,0.068025,35.264744
NSGA-III,2,66,0.364975,0.203479,77.190648,0.067233,35.230213
NSGA-III,2,67,0.376079,0.198526,77.934079,0.066583,35.091047
NSGA-III,2,68,0.386743,0.193244,78.655345,0.065799,34.850681
NSGA-III,2,69,0.396022,0.189265,79.354360,0.065559,34.478196
NSGA-III,2,70,0.408739,0.183605,80.031110,0.064615,35.246555
NSGA-III,2,71,0.421618,0.178903,80.685647,0.064062,35.065925
NSGA-III,2,72,0.434271,0.174724,81.318086,0.063718,35.138492
NSGA-III,2,73,0.446015,0.170023,81.928601,0.063143,34.869253
NSGA-III,2,74,0.457784,0.165377,82.517419,0.062574,35.248965
NSGA-III,2,75,0.468334,0.160057,83.084817,0.061706,35.508593
NSGA-III,2,76,0.481355,0.156294,83.631114,0.061464,35.617064
NSGA-III,2,77,0.488211,0.152167,84.156669,0.061046,34.907704
NSGA-III,2,78,0.504374,0.147245,84.661876,0.060270,34.706295
NSGA-III,2,79,0.514370,0.141989,85.147159,0.059326,34.808313
NSGA-III,2,80,0.527238,0.138595,85.612970,0.059128,35.266658
NSGA-III,2,81,0.537672,0.133891,86.059781,0.058351,35.627661
NSGA-III,2,82,0.547522,0.130172,86.488083,0.057951,35.066862
NSGA-III,2,83,0.561138,0.126553,86.898383,0.057557,35.224820
NSGA-III,2,84,0.569832,0.122483,87.291198,0.056939,34.691006
NSGA-III,2,85,0.582010,0.118414,87.667055,0.056285,35.065445
NSGA-III,2,86,0.592870,0.114908,88.026485,0.055827,35.253880
NSGA-III,2,87,0.604793,0.112258,88.370024,0.055688,34.896984
NSGA-III,2,88,0.612785,0.108248,88.698207,0.054944,35.437788
NSGA-III,2,89,0.623159,0.104899,89.011568,0.054436,35.009039
NSGA-III,2,90,0.632792,0.101978,89.310636,0.054068,34.789394
NSGA-III,2,91,0.642149,0.099201,89.595939,0.053721,34.775350
NSGA-III,2,92,0.650338,0.097096,89.867994,0.053616,35.174993
NSGA-III,2,93,0.662137,0.092793,90.127312,0.052558,34.406454
NSGA-III,2,94,0.668015,0.092005,90.374395,0.052926,35.050872
NSGA-III,2,95,0.681511,0.088399,90.609732,0.052083,35.522020
NSGA-III,2,96,0.687896,0.085424,90.833805,0.051468,34.973622
NSGA-III,2,97,0.697475,0.082990,91.047083,0.051042,35.227254
NSGA-III,2,98,0.707308,0.081772,91.250019,0.051088,35.135671
NSGA-III,2,99,0.711928,0.078647,91.443060,0.050306,35.347283
NSGA-III,2,100,0.720438,0.076155,91.626633,0.049755,34.737816
NSGA-III,2,101,0.729877,0.075435,91.801156,0.049911,34.969914
NSGA-III,2,102,0.735830,0.072864,91.967033,0.049265,35.200690
NSGA-III,2,103,0.743888,0.071790,92.124652,0.049212,34.742013
NSGA-III,2,104,0.746622,0.069382,92.274390,0.048576,34.908242
NSGA-III,2,105,0.753255,0.067520,92.416610,0.048139,34.643597
NSGA-III,2,106,0.758901,0.066185,92.551661,0.047895,34.990243
NSGA-III,2,107,0.766951,0.064246,92.679877,0.047374,35.301596
NSGA-III,2,108,0.771006,0.062829,92.801583,0.047046,35.006922
NSGA-III,2,109,0.776713,0.061259,92.917087,0.046631,34.491741
NSGA-III,2,110,0.781770,0.060014,93.026687,0.046329,35.604807
NSGA-III,2,111,0.785926,0.059245,93.130668,0.046204,35.077223
NSGA-III,2,112,0.791260,0.057706,93.229303,0.045738,35.580236
NSGA-III,2,113,0.795774,0.056595,93.322852,0.045431,34.734218
NSGA-III,2,114,0.801246,0.055244,93.411567,0.045006,35.384974
NSGA-III,2,115,0.805232,0.054130,93.495685,0.044662,35.253936
NSGA-III,2,116,0.810435,0.053908,93.575435,0.044673,35.604027
NSGA-III,2,117,0.814423,0.053112,93.651034,0.044430,34.894414
NSGA-III,2,118,0.816091,0.051492,93.722692,0.043828,35.040704
NSGA-III,2,119,0.820038,0.050548,93.790605,0.043494,34.859563
NSGA-III,2,120,0.821752,0.050537,93.854963,0.043536,35.167970
NSGA-III,2,121,0.825163,0.049632,93.915947,0.043192,35.083647
NSGA-III,2,122,0.831419,0.049502,93.973729,0.043160,34.473595
NSGA-III,2,123,0.832280,0.047645,94.028470,0.042397,34.862765
NSGA-III,2,124,0.835748,0.047469,94.080329,0.042325,35.044318
NSGA-III,2,125,0.838187,0.046786,94.129451,0.042031,35.102425
NSGA-III,2,126,0.839786,0.045851,94.175979,0.041624,35.180540
NSGA-III,2,127,0.843500,0.045999,94.220047,0.041659,35.247105
NSGA-III,2,128,0.843910,0.045068,94.261781,0.041237,34.831442
NSGA-III,2,129,0.848536,0.045434,94.301303,0.041348,35.391059
NSGA-III,2,130,0.847631,0.044372,94.338728,0.040857,34.777248
NSGA-III,2,131,0.849181,0.044157,94.374165,0.040712,35.229007
NSGA-III,2,132,0.851681,0.043337,94.407719,0.040309,34.643877
NSGA-III,2,133,0.853940,0.042628,94.439487,0.039948,35.184493
NSGA-III,2,134,0.856889,0.042964,94.469563,0.040016,35.220421
NSGA-III,2,135,0.857644,0.042144,94.498036,0.039598,34.966514
NSGA-III,2,136,0.859758,0.042205,94.524991,0.039544,35.228066
NSGA-III,2,137,0.860452,0.041477,94.550507,0.039156,34.966280
NSGA-III,2,138,0.862113,0.041389,94.574660,0.039032,35.321769
NSGA-III,2,139,0.863777,0.041360,94.597522,0.038929,35.433458
NSGA-III,2,140,0.863849,0.040430,94.619162,0.038447,35.220000
NSGA-III,2,141,0.865514,0.040506,94.639644,0.038382,35.050791
NSGA-III,2,142,0.867781,0.040993,94.659029,0.038485,34.986779
NSGA-III,2,143,0.865035,0.040924,94.677376,0.038355,34.833565
NSGA-III,2,144,0.867943,0.039548,94.694740,0.037679,34.923713
NSGA-III,2,145,0.870488,0.040264,94.711173,0.037872,34.978360
NSGA-III,2,146,0.870303,0.039451,94.726724,0.037427,35.082297
NSGA-III,2,147,0.870432,0.039053,94.741441,0.037153,34.943323
NSGA-III,2,148,0.871006,0.039008,94.755368,0.037025,35.181512
NSGA-III,2,149,0.872246,0.038727,94.768547,0.036798,35.289725
NSGA-III,2,150,0.870997,0.039566,94.781019,0.037037,35.021275
NSGA-III,2,151,0.873381,0.038391,94.792820,0.036436,34.986348
NSGA-III,2,152,0.873180,0.038754,94.803987,0.036475,34.378508
NSGA-III,2,153,0.874952,0.038271,94.814553,0.036161,35.182539
NSGA-III,2,154,0.875047,0.038081,94.824551,0.035970,34.845182
NSGA-III,2,155,0.875180,0.038207,94.834012,0.035910,35.175837
NSGA-III,2,156,0.874427,0.038854,94.842963,0.036066,35.486174
NSGA-III,2,157,0.876726,0.037668,94.851433,0.035460,35.186749
NSGA-III,2,158,0.878371,0.038293,94.859446,0.035608,35.575903
NSGA-III,2,159,0.878659,0.038124,94.867028,0.035425,35.240872
NSGA-III,2,160,0.879276,0.038170,94.874202,0.035332,34.899592
NSGA-III,2,161,0.878681,0.037507,94.880990,0.034945,35.833821
NSGA-III,2,162,0.878621,0.037313,94.887411,0.034753,35.259652
NSGA-III,2,163,0.878571,0.037477,94.893487,0.034711,35.344959
NSGA-III,2,164,0.877923,0.037993,94.899235,0.034816,35.181924
NSGA-III,2,165,0.880196,0.037349,94.904674,0.034438,35.345200
NSGA-III,2,166,0.879855,0.037068,94.909819,0.034212,35.369537
NSGA-III,2,167,0.879244,0.037542,94.914687,0.034302,34.698934
NSGA-III,2,168,0.879957,0.037217,94.919292,0.034060,35.337385
NSGA-III,2,169,0.881037,0.037000,94.923649,0.033864,35.174577
NSGA-III,2,170,0.880217,0.037249,94.927771,0.033862,34.921347
NSGA-III,2,171,0.881513,0.036926,94.931671,0.033623,34.805871
NSGA-III,2,172,0.882115,0.037122,94.935361,0.033601,34.398093
NSGA-III,2,173,0.881142,0.036940,94.938851,0.033423,34.774880
NSGA-III,2,174,0.881667,0.036699,94.942153,0.033221,34.833835
NSGA-III,2,175,0.882236,0.036750,94.945277,0.033142,35.746835
NSGA-III,2,176,0.880630,0.037457,94.948232,0.033337,34.589578
NSGA-III,2,177,0.882123,0.036624,94.951028,0.032891,35.861495
NSGA-III,2,178,0.882565,0.036573,94.953672,0.032773,35.298358
NSGA-III,2,179,0.882018,0.036801,94.956175,0.032772,35.246055
NSGA-III,2,180,0.881360,0.037249,94.958542,0.032863,34.987888
NSGA-III,2,181,0.883344,0.036724,94.960781,0.032550,34.983064
NSGA-III,2,182,0.882947,0.036394,94.962899,0.032320,35.279906
NSGA-III,2,183,0.883437,0.036596,94.964903,0.032312,35.271868
NSGA-III,2,184,0.881383,0.037420,94.966799,0.032565,35.037597
NSGA-III,2,185,0.883173,0.036387,94.968592,0.032044,35.403745
NSGA-III,2,186,0.883806,0.036579,94.970289,0.032036,35.338055
NSGA-III,2,187,0.884003,0.036625,94.971894,0.031968,35.187083
NSGA-III,2,188,0.883402,0.036358,94.973412,0.031770,35.198346
NSGA-III,2,189,0.884647,0.036882,94.974849,0.031903,35.011978
NSGA-III,2,190,0.883907,0.036378,94.976207,0.031609,34.712117
NSGA-III,2,191,0.882163,0.037193,94.977493,0.031865,35.269431
NSGA-III,2,192,0.885128,0.036999,94.978709,0.031703,35.342413
NSGA-III,2,193,0.883558,0.036409,94.979859,0.031376,34.822356
NSGA-III,2,194,0.884078,0.036271,94.980947,0.031239,34.884141
NSGA-III,2,195,0.883610,0.036426,94.981977,0.031224,35.465128
NSGA-III,2,196,0.882784,0.036943,94.982950,0.031362,34.384439
NSGA-III,2,197,0.885373,0.036919,94.983872,0.031276,34.662511
NSGA-III,2,198,0.883676,0.036448,94.984743,0.031004,35.166051
NSGA-III,2,199,0.884141,0.036188,94.985567,0.030821,35.402848
NSGA-III,2,200,0.884206,0.036166,94.986347,0.030739,34.538716
NSGA-III,2,201,0.883298,0.036728,94.987085,0.030900,34.979759
NSGA-III,2,202,0.884153,0.036231,94.987783,0.030622,34.943313
NSGA-III,2,203,0.884256,0.036184,94.988443,0.030532,35.388728
NSGA-III,2,204,0.885980,0.037057,94.989067,0.030826,34.914759
NSGA-III,2,205,0.884711,0.036269,94.989658,0.030430,34.641496
NSGA-III,2,206,0.884054,0.036345,94.990217,0.030394,35.146094
NSGA-III,2,207,0.884954,0.036368,94.990745,0.030337,35.317519
NSGA-III,2,208,0.882977,0.037015,94.991245,0.030541,35.557562
NSGA-III,2,209,0.884649,0.036142,94.991719,0.030113,35.222752
NSGA-III,2,210,0.884919,0.036285,94.992166,0.030109,35.436011
NSGA-III,2,211,0.884503,0.036129,94.992589,0.029982,35.128759
NSGA-III,2,212,0.884520,0.036128,94.992990,0.029920,34.657229
NSGA-III,2,213,0.885087,0.036334,94.993369,0.029945,35.380772
NSGA-III,2,214,0.885299,0.036445,94.993727,0.029931,35.172774
NSGA-III,2,215,0.884310,0.036279,94.994066,0.029803,35.800424
NSGA-III,2,216,0.885234,0.036378,94.994387,0.029786,34.581925
NSGA-III,2,217,0.883364,0.036861,94.994690,0.029931,35.550358
NSGA-III,2,218,0.885799,0.036691,94.994977,0.029804,35.512774
NSGA-III,2,219,0.884012,0.036484,94.995248,0.029662,34.430298
NSGA-III,2,220,0.885390,0.036423,94.995505,0.029582,35.474731
NSGA-III,2,221,0.885336,0.036381,94.995748,0.029510,34.949739
NSGA-III,2,222,0.885005,0.036172,94.995978,0.029371,35.556191
NSGA-III,2,223,0.884928,0.036117,94.996195,0.029295,34.719676
NSGA-III,2,224,0.883482,0.036828,94.996401,0.029541,34.496478
NSGA-III,2,225,0.885048,0.036171,94.996595,0.029216,35.524674
NSGA-III,2,226,0.885401,0.036375,94.996779,0.029252,35.306751
NSGA-III,2,227,0.883308,0.036946,94.996953,0.029440,34.835170
NSGA-III,2,228,0.884675,0.036130,94.997118,0.029052,34.178369
NSGA-III,2,229,0.884581,0.036189,94.997274,0.029029,34.736004
NSGA-III,2,230,0.884923,0.036061,94.997421,0.028929,34.895111
NSGA-III,2,231,0.884526,0.036229,94.997560,0.028953,35.489891
NSGA-III,2,232,0.884152,0.036456,94.997692,0.029002,35.523223
NSGA-III,2,233,0.885659,0.036486,94.997817,0.028970,34.743146
NSGA-III,2,234,0.884993,0.036082,94.997935,0.028758,35.474511
NSGA-III,2,235,0.884292,0.036380,94.998046,0.028839,34.760040
NSGA-III,2,236,0.885294,0.036253,94.998152,0.028743,35.051973
NSGA-III,2,237,0.884888,0.036027,94.998252,0.028607,34.627133
NSGA-III,2,238,0.886432,0.036928,94.998346,0.028941,34.623331
NSGA-III,2,239,0.884465,0.036285,94.998436,0.028633,34.730847
NSGA-III,2,240,0.884029,0.036549,94.998520,0.028703,34.900626
NSGA-III,2,241,0.885082,0.036107,94.998600,0.028479,34.866762
NSGA-III,2,242,0.884402,0.036329,94.998676,0.028533,35.101143
NSGA-III,2,243,0.884363,0.036354,94.998747,0.028505,35.055093
NSGA-III,2,244,0.884590,0.036219,94.998815,0.028412,34.764042
NSGA-III,2,245,0.886485,0.036937,94.998879,0.028674,34.926073
NSGA-III,2,246,0.885334,0.036244,94.998940,0.028349,35.032751
NSGA-III,2,247,0.884715,0.036148,94.998997,0.028273,34.429943
NSGA-III,2,248,0.885147,0.036127,94.999051,0.028229,35.101951
NSGA-III,2,249,0.884104,0.036517,94.999102,0.028357,35.198610
NSGA-III,2,250,0.884330,0.036382,94.999151,0.028266,35.141083
NSGA-III,2,251,0.885248,0.036182,94.999197,0.028149,34.296752
NSGA-III,2,252,0.884921,0.036030,94.999240,0.028053,34.775809
NSGA-III,2,253,0.883880,0.036655,94.999281,0.028281,35.017801
NSGA-III,2,254,0.886106,0.036691,94.999320,0.028264,34.808531
NSGA-III,2,255,0.886106,0.036690,94.999357,0.028232,35.752782
NSGA-III,2,256,0.884112,0.036519,94.999392,0.028130,34.958300
NSGA-III,2,257,0.884505,0.036284,94.999425,0.028001,34.996001
NSGA-III,2,258,0.884214,0.036459,94.999456,0.028044,34.427358
NSGA-III,2,259,0.885046,0.036048,94.999485,0.027843,34.985260
NSGA-III,2,260,0.885052,0.036051,94.999513,0.027816,35.209826
NSGA-III,2,261,0.885132,0.036098,94.999539,0.027806,35.230235
NSGA-III,2,262,0.885551,0.036348,94.999564,0.027882,35.004506
NSGA-III,2,263,0.884326,0.036395,94.999588,0.027874,34.513807
NSGA-III,2,264,0.884675,0.036186,94.999610,0.027760,35.080839
NSGA-III,2,265,0.885363,0.036233,94.999631,0.027752,34.723264
NSGA-III,2,266,0.885065,0.036053,94.999651,0.027651,35.062625
NSGA-III,2,267,0.885251,0.036164,94.999670,0.027671,35.301432
NSGA-III,2,268,0.885895,0.036550,94.999688,0.027806,34.895827
NSGA-III,2,269,0.885039,0.036035,94.999705,0.027567,35.167066
NSGA-III,2,270,0.885175,0.036116,94.999721,0.027576,34.873508
NSGA-III,2,271,0.884679,0.036186,94.999736,0.027581,35.008372
NSGA-III,2,272,0.885870,0.036532,94.999750,0.027701,35.202263
NSGA-III,2,273,0.885734,0.036450,94.999763,0.027643,34.798821
NSGA-III,2,274,0.885015,0.036018,94.999776,0.027440,35.174076
NSGA-III,2,275,0.885609,0.036374,94.999788,0.027565,35.095096
NSGA-III,2,276,0.885165,0.036107,94.999800,0.027431,34.799395
NSGA-III,2,277,0.884120,0.036524,94.999811,0.027583,34.584187
NSGA-III,2,278,0.883834,0.036696,94.999821,0.027633,34.960401
NSGA-III,2,279,0.885323,0.036201,94.999830,0.027405,34.804463
NSGA-III,2,280,0.884190,0.036483,94.999840,0.027501,34.639259
NSGA-III,2,281,0.885194,0.036122,94.999848,0.027330,35.221365
NSGA-III,2,282,0.885883,0.036535,94.999857,0.027482,34.497612
NSGA-III,2,283,0.885835,0.036506,94.999864,0.027450,35.434190
NSGA-III,2,284,0.884921,0.036044,94.999872,0.027238,34.814184
NSGA-III,2,285,0.884330,0.036399,94.999879,0.027366,34.803587
NSGA-III,2,286,0.885292,0.036180,94.999885,0.027255,35.290401
NSGA-III,2,287,0.884914,0.036049,94.999891,0.027182,34.724932
NSGA-III,2,288,0.884544,0.036271,94.999897,0.027256,34.786188
NSGA-III,2,289,0.885907,0.036548,94.999903,0.027353,35.261701
NSGA-III,2,290,0.885051,0.036034,94.999908,0.027121,35.554576
NSGA-III,2,291,0.884903,0.036056,94.999913,0.027112,34.830783
NSGA-III,2,292,0.885579,0.036351,94.999918,0.027218,34.516544
NSGA-III,2,293,0.884451,0.036328,94.999922,0.027191,34.887302
NSGA-III,2,294,0.885196,0.036120,94.999926,0.027088,35.088306
NSGA-III,2,295,0.883824,0.036704,94.999930,0.027314,34.925281
NSGA-III,2,296,0.884826,0.036103,94.999934,0.027048,35.073679
NSGA-III,2,297,0.885476,0.036288,94.999938,0.027109,34.322834
NSGA-III,2,298,0.884669,0.036197,94.999941,0.027055,35.162191
NSGA-III,2,299,0.885189,0.036116,94.999944,0.027005,34.923885
NSGA-III,2,300,0.884836,0.036097,94.999947,0.026982,35.160773
MOEA-D,2,0,0.073410,0.367312,25.689364,0.145270,34.792746
MOEA-D,2,1,0.074091,0.366439,25.988432,0.143415,35.340379
MOEA-D,2,2,0.076226,0.366378,26.301793,0.141940,34.708219
MOEA-D,2,3,0.077106,0.365502,26.629976,0.140165,34.764609
MOEA-D,2,4,0.073415,0.365973,26.973515,0.138992,35.004652
MOEA-D,2,5,0.076944,0.363845,27.332945,0.136778,35.278882
MOEA-D,2,6,0.080796,0.363109,27.708802,0.135184,34.910165
MOEA-D,2,7,0.081560,0.361891,28.101617,0.133431,35.321567
MOEA-D,2,8,0.081793,0.360900,28.511917,0.131814,35.170290
MOEA-D,2,9,0.077772,0.363301,28.940219,0.131651,35.210832
MOEA-D,2,10,0.087051,0.359689,29.387030,0.129025,35.207832
MOEA-D,2,11,0.089012,0.358868,29.852841,0.127604,34.861595
MOEA-D,2,12,0.088655,0.356735,30.338124,0.125678,34.706508
MOEA-D,2,13,0.091018,0.355810,30.843331,0.124298,35.164456
MOEA-D,2,14,0.088543,0.356780,31.368886,0.123751,35.658047
MOEA-D,2,15,0.091752,0.354844,31.915183,0.122036,34.822199
MOEA-D,2,16,0.099049,0.353515,32.482581,0.120617,35.016123
MOEA-D,2,17,0.098027,0.351061,33.071399,0.118774,35.104596
MOEA-D,2,18,0.101746,0.349869,33.681914,0.117500,34.804618
MOEA-D,2,19,0.103036,0.348043,34.314353,0.116007,35.287007
MOEA-D,2,20,0.105938,0.346670,34.968890,0.114748,34.878244
MOEA-D,2,21,0.111623,0.347045,35.645640,0.114262,34.343368
MOEA-D,2,22,0.106872,0.345741,36.344655,0.113122,35.393616
MOEA-D,2,23,0.112954,0.342098,37.065921,0.111054,34.617391
MOEA-D,2,24,0.118737,0.341445,37.809352,0.110278,35.531661
MOEA-D,2,25,0.117904,0.339152,38.574785,0.108865,34.443564
MOEA-D,2,26,0.120862,0.337397,39.361978,0.107723,35.415939
MOEA-D,2,27,0.125345,0.334732,40.170607,0.106250,35.090457
MOEA-D,2,28,0.130161,0.333226,41.000260,0.105307,35.095006
MOEA-D,2,29,0.128263,0.333055,41.850438,0.104969,35.137156
MOEA-D,2,30,0.142630,0.332281,42.720554,0.104428,35.284822
MOEA-D,2,31,0.139504,0.326416,43.609927,0.101814,35.150919
MOEA-D,2,32,0.145232,0.324787,44.517787,0.101013,34.853687
MOEA-D,2,33,0.148392,0.321911,45.443272,0.099742,35.369999
MOEA-D,2,34,0.150667,0.319959,46.385434,0.098905,34.835329
MOEA-D,2,35,0.159647,0.318614,47.343233,0.098370,34.334086
MOEA-D,2,36,0.161249,0.314292,48.315550,0.096643,34.954956
MOEA-D,2,37,0.168385,0.313116,49.301184,0.096277,35.793184
MOEA-D,2,38,0.170893,0.308986,50.298861,0.094728,35.403037
MOEA-D,2,39,0.173850,0.306754,51.307235,0.094019,35.836884
MOEA-D,2,40,0.178817,0.303974,52.324900,0.093129,34.756283
MOEA-D,2,41,0.183629,0.301310,53.350396,0.092336,35.393680
MOEA-D,2,42,0.191950,0.297273,54.382214,0.091019,34.813936
MOEA-D,2,43,0.199516,0.295269,55.418807,0.090596,35.682350
MOEA-D,2,44,0.202833,0.290616,56.458601,0.089116,34.734693
MOEA-D,2,45,0.211538,0.288844,57.500000,0.088882,35.346894
MOEA-D,2,46,0.215668,0.284229,58.541399,0.087508,34.673803
MOEA-D,2,47,0.221111,0.280759,59.581193,0.086655,35.124310
MOEA-D,2,48,0.228625,0.277274,60.617786,0.085839,35.367184
MOEA-D,2,49,0.230842,0.275845,61.649604,0.085922,34.836199
MOEA-D,2,50,0.243440,0.270724,62.675100,0.084507,35.223560
MOEA-D,2,51,0.247370,0.267019,63.692765,0.083722,35.120114
MOEA-D,2,52,0.254422,0.263400,64.701139,0.083010,34.842291
MOEA-D,2,53,0.265015,0.259233,65.698816,0.082107,34.566431
MOEA-D,2,54,0.271443,0.254620,66.684450,0.081053,35.541561
MOEA-D,2,55,0.277284,0.251818,67.656767,0.080786,34.462804
MOEA-D,2,56,0.287357,0.246775,68.614566,0.079617,34.711213
MOEA-D,2,57,0.297193,0.243765,69.556728,0.079324,34.941838
MOEA-D,2,58,0.304232,0.238943,70.482213,0.078304,34.925902
MOEA-D,2,59,0.311257,0.235038,71.390073,0.077692,34.770490
MOEA-D,2,60,0.318791,0.231564,72.279446,0.077283,34.870259
MOEA-D,2,61,0.330785,0.227008,73.149562,0.076444,35.295075
MOEA-D,2,62,0.335494,0.223818,73.999740,0.076194,35.251097
MOEA-D,2,63,0.346366,0.218526,74.829393,0.075084,35.071061
MOEA-D,2,64,0.357732,0.214397,75.638022,0.074473,35.147069
MOEA-D,2,65,0.364425,0.210339,76.425215,0.073905,34.983351
MOEA-D,2,66,0.374323,0.205819,77.190648,0.073154,34.814159
MOEA-D,2,67,0.379608,0.204128,77.934079,0.073589,35.085690
MOEA-D,2,68,0.394450,0.197088,78.655345,0.071802,35.081736
MOEA-D,2,69,0.404143,0.192966,79.354360,0.071233,35.439272
MOEA-D,2,70,0.413786,0.188795,80.031110,0.070645,34.936978
MOEA-D,2,71,0.424350,0.185169,80.685647,0.070282,34.706419
MOEA-D,2,72,0.432206,0.180871,81.318086,0.069637,34.836305
MOEA-D,2,73,0.443518,0.176760,81.928601,0.069064,34.818593
MOEA-D,2,74,0.451835,0.172807,82.517419,0.068550,35.053197
MOEA-D,2,75,0.458267,0.170879,83.084817,0.068870,35.035922
MOEA-D,2,76,0.470888,0.165286,83.631114,0.067652,34.476389
MOEA-D,2,77,0.484662,0.162016,84.156669,0.067390,35.081431
MOEA-D,2,78,0.491315,0.157118,84.661876,0.066434,35.244785
MOEA-D,2,79,0.501461,0.153133,85.147159,0.065843,34.732205
MOEA-D,2,80,0.511620,0.149293,85.612970,0.065295,35.253401
MOEA-D,2,81,0.519305,0.146730,86.059781,0.065260,34.944306
MOEA-D,2,82,0.534735,0.144365,86.488083,0.065288,35.451044
MOEA-D,2,83,0.538831,0.139428,86.898383,0.064223,35.014279
MOEA-D,2,84,0.547786,0.136293,87.291198,0.063886,35.458176
MOEA-D,2,85,0.562269,0.133569,87.667055,0.063698,34.936551
MOEA-D,2,86,0.566835,0.129385,88.026485,0.062877,34.641528
MOEA-D,2,87,0.580584,0.127020,88.370024,0.062790,35.157076
MOEA-D,2,88,0.586973,0.122305,88.698207,0.061699,35.106930
MOEA-D,2,89,0.595691,0.119144,89.011568,0.061230,35.002733
MOEA-D,2,90,0.603543,0.116471,89.310636,0.060938,35.077044
MOEA-D,2,91,0.612397,0.113431,89.595939,0.060466,34.789764
MOEA-D,2,92,0.620802,0.110649,89.867994,0.060076,34.914607
MOEA-D,2,93,0.627977,0.108593,90.127312,0.059961,35.096275
MOEA-D,2,94,0.637885,0.104987,90.374395,0.059174,35.430779
MOEA-D,2,95,0.644026,0.103410,90.609732,0.059205,34.761602
MOEA-D,2,96,0.653254,0.100064,90.833805,0.058473,34.717030
MOEA-D,2,97,0.659167,0.098683,91.047083,0.058534,34.854664
MOEA-D,2,98,0.668021,0.095510,91.250019,0.057821,34.835454
MOEA-D,2,99,0.678390,0.094226,91.443060,0.057869,34.684460
MOEA-D,2,100,0.682829,0.090814,91.626633,0.057005,35.286854
MOEA-D,2,101,0.691830,0.089537,91.801156,0.057006,34.663111
MOEA-D,2,102,0.698699,0.087553,91.967033,0.056688,34.886166
MOEA-D,2,103,0.705263,0.085567,92.124652,0.056344,34.904806
MOEA-D,2,104,0.709201,0.082950,92.274390,0.055714,34.835067
MOEA-D,2,105,0.715218,0.081233,92.416610,0.055435,34.802554
MOEA-D,2,106,0.720740,0.079773,92.551661,0.055241,35.109194
MOEA-D,2,107,0.727783,0.077358,92.679877,0.054627,35.121584
MOEA-D,2,108,0.735169,0.076530,92.801583,0.054652,34.973927
MOEA-D,2,109,0.739162,0.074043,92.917087,0.053965,34.473284
MOEA-D,2,110,0.745483,0.073117,93.026687,0.053909,35.229087
MOEA-D,2,111,0.749903,0.071212,93.130668,0.053425,35.316836
MOEA-D,2,112,0.755051,0.069902,93.229303,0.053169,34.061976
MOEA-D,2,113,0.757755,0.069332,93.322852,0.053204,35.155952
MOEA-D,2,114,0.763859,0.067176,93.411567,0.052560,35.419962
MOEA-D,2,115,0.768701,0.065815,93.495685,0.052230,34.570635
MOEA-D,2,116,0.773081,0.064644,93.575435,0.051962,34.905491
MOEA-D,2,117,0.777170,0.063445,93.651034,0.051667,35.365046
MOEA-D,2,118,0.779378,0.063451,93.722692,0.051859,34.613934
MOEA-D,2,119,0.785089,0.061314,93.790605,0.051144,34.915346
MOEA-D,2,120,0.787318,0.061225,93.854963,0.051267,35.099240
MOEA-D,2,121,0.792962,0.059619,93.915947,0.050744,35.584033
MOEA-D,2,122,0.795539,0.058665,93.973729,0.050481,36.057625
MOEA-D,2,123,0.798424,0.058061,94.028470,0.050351,34.597867
MOEA-D,2,124,0.805254,0.058317,94.080329,0.050567,35.013807
MOEA-D,2,125,0.808031,0.057318,94.129451,0.050250,34.760035
MOEA-D,2,126,0.806190,0.056551,94.175979,0.050017,34.723505
MOEA-D,2,127,0.811117,0.054571,94.220047,0.049270,35.019086
MOEA-D,2,128,0.813835,0.053880,94.261781,0.049049,34.422661
MOEA-D,2,129,0.817064,0.053116,94.301303,0.048789,35.479791
MOEA-D,2,130,0.818711,0.052732,94.338728,0.048679,35.377949
MOEA-D,2,131,0.821479,0.051911,94.374165,0.048377,35.012914
MOEA-D,2,132,0.824575,0.051399,94.407719,0.048197,35.037493
MOEA-D,2,133,0.824702,0.051561,94.439487,0.048290,35.445482
MOEA-D,2,134,0.829042,0.050354,94.469563,0.047805,34.979614
MOEA-D,2,135,0.831331,0.049983,94.498036,0.047662,35.239296
MOEA-D,2,136,0.832422,0.049082,94.524991,0.047291,34.987093
MOEA-D,2,137,0.834151,0.048706,94.550507,0.047134,34.830013
MOEA-D,2,138,0.835974,0.048249,94.574660,0.046936,35.147470
MOEA-D,2,139,0.836627,0.048467,94.597522,0.047015,34.380306
MOEA-D,2,140,0.840027,0.047538,94.619162,0.046610,35.426233
MOEA-D,2,141,0.842080,0.047432,94.639644,0.046544,35.644006
MOEA-D,2,142,0.841379,0.047302,94.659029,0.046463,35.173445
MOEA-D,2,143,0.843535,0.046525,94.677376,0.046109,34.702618
MOEA-D,2,144,0.844260,0.046585,94.694740,0.046099,34.878965
MOEA-D,2,145,0.847463,0.045869,94.711173,0.045762,35.429858
MOEA-D,2,146,0.849071,0.045764,94.726724,0.045677,34.723838
MOEA-D,2,147,0.847724,0.045873,94.741441,0.045677,35.269861
MOEA-D,2,148,0.851258,0.045080,94.755368,0.045298,34.775866
MOEA-D,2,149,0.850869,0.044803,94.768547,0.045132,34.854486
MOEA-D,2,150,0.852719,0.044134,94.781019,0.044800,34.733197
MOEA-D,2,151,0.853491,0.043980,94.792820,0.044680,34.968841
MOEA-D,2,152,0.853407,0.044382,94.803987,0.044789,35.018156
MOEA-D,2,153,0.855217,0.043632,94.814553,0.044417,34.761181
MOEA-D,2,154,0.856455,0.043211,94.824551,0.044179,35.119312
MOEA-D,2,155,0.857275,0.043027,94.834012,0.044039,34.544962
MOEA-D,2,156,0.857707,0.043062,94.842963,0.043988,35.318957
MOEA-D,2,157,0.859826,0.043192,94.851433,0.043976,34.606415
MOEA-D,2,158,0.860319,0.042872,94.859446,0.043775,35.197607
MOEA-D,2,159,0.860908,0.042639,94.867028,0.043609,35.424087
MOEA-D,2,160,0.860677,0.042336,94.874202,0.043412,35.224848
MOEA-D,2,161,0.861997,0.042198,94.880990,0.043284,34.832073
MOEA-D,2,162,0.861706,0.042179,94.887411,0.043204,35.188525
MOEA-D,2,163,0.860812,0.042931,94.893487,0.043445,34.652818
MOEA-D,2,164,0.863372,0.041601,94.899235,0.042818,35.330170
MOEA-D,2,165,0.864571,0.041836,94.904674,0.042842,35.628158
MOEA-D,2,166,0.864441,0.041345,94.909819,0.042563,34.668165
MOEA-D,2,167,0.863788,0.041917,94.914687,0.042727,35.061895
MOEA-D,2,168,0.864896,0.041424,94.919292,0.042447,35.165343
MOEA-D,2,169,0.865380,0.041298,94.923649,0.042320,35.516462
MOEA-D,2,170,0.864994,0.041687,94.927771,0.042407,34.996235
MOEA-D,2,171,0.867808,0.041516,94.931671,0.042261,35.306924
MOEA-D,2,172,0.866897,0.040838,94.935361,0.041903,34.776486
MOEA-D,2,173,0.867114,0.040845,94.938851,0.041831,35.298221
MOEA-D,2,174,0.867394,0.040808,94.942153,0.041740,34.935603
MOEA-D,2,175,0.867892,0.040634,94.945277,0.041593,34.825042
MOEA-D,2,176,0.868350,0.040478,94.948232,0.041454,35.261470
MOEA-D,2,177,0.870418,0.041380,94.951028,0.041755,35.189319
MOEA-D,2,178,0.869921,0.040842,94.953672,0.041456,34.988775
MOEA-D,2,179,0.869316,0.040250,94.956175,0.041136,34.543802
MOEA-D,2,180,0.870498,0.040741,94.958542,0.041268,35.203391
MOEA-D,2,181,0.871033,0.040855,94.960781,0.041242,34.975111
MOEA-D,2,182,0.871196,0.040754,94.962899,0.041127,35.126071
MOEA-D,2,183,0.869635,0.040405,94.964903,0.040910,35.438863
MOEA-D,2,184,0.869062,0.040832,94.966799,0.041016,34.731483
MOEA-D,2,185,0.870153,0.040256,94.968592,0.040705,34.113027
MOEA-D,2,186,0.871717,0.040363,94.970289,0.040679,34.753046
MOEA-D,2,187,0.870584,0.040144,94.971894,0.040517,35.025509
MOEA-D,2,188,0.871440,0.039892,94.973412,0.040343,35.150417
MOEA-D,2,189,0.872670,0.040488,94.974849,0.040522,34.848128
MOEA-D,2,190,0.872943,0.040517,94.976207,0.040466,35.243910
MOEA-D,2,191,0.872042,0.039847,94.977493,0.040119,34.832237
MOEA-D,2,192,0.871887,0.039676,94.978709,0.039981,35.080295
MOEA-D,2,193,0.871972,0.039679,94.979859,0.039916,34.956281
MOEA-D,2,194,0.872558,0.039805,94.980947,0.039902,35.165608
MOEA-D,2,195,0.871090,0.040310,94.981977,0.040047,34.627051
MOEA-D,2,196,0.871687,0.039999,94.982950,0.039853,35.340684
MOEA-D,2,197,0.871320,0.040264,94.983872,0.039900,34.819228
MOEA-D,2,198,0.872887,0.039606,94.984743,0.039562,35.252201
MOEA-D,2,199,0.873897,0.040124,94.985567,0.039716,35.230524
MOEA-D,2,200,0.873207,0.039626,94.986347,0.039447,35.224826
MOEA-D,2,201,0.873203,0.039544,94.987085,0.039351,35.103168
MOEA-D,2,202,0.872017,0.040043,94.987783,0.039499,34.933407
MOEA-D,2,203,0.873758,0.039728,94.988443,0.039308,35.436323
MOEA-D,2,204,0.871769,0.040259,94.989067,0.039470,34.916208
MOEA-D,2,205,0.874576,0.040084,94.989658,0.039339,35.346463
MOEA-D,2,206,0.871961,0.040204,94.990217,0.039332,34.162822
MOEA-D,2,207,0.874069,0.039657,94.990745,0.039047,34.619526
MOEA-D,2,208,0.874846,0.040066,94.991245,0.039161,34.879136
MOEA-D,2,209,0.873831,0.039403,94.991719,0.038829,34.872528
MOEA-D,2,210,0.874339,0.039656,94.992166,0.038880,34.799731
MOEA-D,2,211,0.874160,0.039499,94.992589,0.038760,35.040959
MOEA-D,2,212,0.874500,0.039656,94.992990,0.038772,34.989413
MOEA-D,2,213,0.872999,0.039755,94.993369,0.038761,35.018093
MOEA-D,2,214,0.875299,0.040048,94.993727,0.038831,34.825857
MOEA-D,2,215,0.874302,0.039409,94.994066,0.038513,35.288795
MOEA-D,2,216,0.873551,0.039482,94.994387,0.038493,34.633303
MOEA-D,2,217,0.874275,0.039317,94.994690,0.038374,35.344461
MOEA-D,2,218,0.874988,0.039709,94.994977,0.038488,34.848903
MOEA-D,2,219,0.873070,0.039821,94.995248,0.038486,35.026126
MOEA-D,2,220,0.873939,0.039316,94.995505,0.038228,34.898983
MOEA-D,2,221,0.875306,0.039804,94.995748,0.038384,34.910230
MOEA-D,2,222,0.875709,0.040017,94.995978,0.038426,34.996663
MOEA-D,2,223,0.874420,0.039215,94.996195,0.038046,35.252132
MOEA-D,2,224,0.873193,0.039818,94.996401,0.038252,35.001344
MOEA-D,2,225,0.874440,0.039176,94.996595,0.037939,35.057317
MOEA-D,2,226,0.873167,0.039858,94.996779,0.038179,34.754532
MOEA-D,2,227,0.874666,0.039264,94.996953,0.037888,35.340063
MOEA-D,2,228,0.873974,0.039395,94.997118,0.037900,34.766439
MOEA-D,2,229,0.874386,0.039158,94.997274,0.037759,35.015164
MOEA-D,2,230,0.874061,0.039363,94.997421,0.037803,35.754797
MOEA-D,2,231,0.873686,0.039597,94.997560,0.037859,35.340084
MOEA-D,2,232,0.874561,0.039102,94.997692,0.037612,35.144971
MOEA-D,2,233,0.874746,0.039196,94.997817,0.037611,35.672591
MOEA-D,2,234,0.874283,0.039264,94.997935,0.037601,35.282344
MOEA-D,2,235,0.875500,0.039616,94.998046,0.037709,34.879810
MOEA-D,2,236,0.873683,0.039639,94.998152,0.037680,34.804470
MOEA-D,2,237,0.873606,0.039692,94.998252,0.037665,34.959175
MOEA-D,2,238,0.874334,0.039262,94.998346,0.037448,35.586360
MOEA-D,2,239,0.874422,0.039215,94.998436,0.037392,35.033061
MOEA-D,2,240,0.874981,0.039237,94.998520,0.037365,35.196784
MOEA-D,2,241,0.874768,0.039097,94.998600,0.037272,35.718981
MOEA-D,2,242,0.873730,0.039648,94.998676,0.037466,35.576442
MOEA-D,2,243,0.875209,0.039341,94.998747,0.037304,34.588893
MOEA-D,2,244,0.874364,0.039277,94.998815,0.037244,35.478761
MOEA-D,2,245,0.873906,0.039557,94.998879,0.037327,35.203018
MOEA-D,2,246,0.873841,0.039601,94.998940,0.037312,35.213297
MOEA-D,2,247,0.875584,0.039528,94.998997,0.037249,35.226039
MOEA-D,2,248,0.874760,0.039058,94.999051,0.037021,35.433175
MOEA-D,2,249,0.875540,0.039485,94.999102,0.037168,34.869482
MOEA-D,2,250,0.874595,0.039165,94.999151,0.037004,34.961066
MOEA-D,2,251,0.874768,0.039064,94.999197,0.036931,34.946109
MOEA-D,2,252,0.875052,0.039171,94.999240,0.036946,34.906613
MOEA-D,2,253,0.874517,0.039222,94.999281,0.036938,34.807894
MOEA-D,2,254,0.874751,0.039084,94.999320,0.036851,35.300621
MOEA-D,2,255,0.875392,0.039356,94.999357,0.036936,34.425768
MOEA-D,2,256,0.875077,0.039161,94.999392,0.036826,35.128417
MOEA-D,2,257,0.874243,0.039398,94.999425,0.036897,34.626696
MOEA-D,2,258,0.875672,0.039508,94.999456,0.036916,35.114687
MOEA-D,2,259,0.874658,0.039154,94.999485,0.036741,35.371103
MOEA-D,2,260,0.875196,0.039212,94.999513,0.036739,34.539295
MOEA-D,2,261,0.875337,0.039293,94.999539,0.036746,34.610062
MOEA-D,2,262,0.874776,0.039090,94.999564,0.036636,35.512757
MOEA-D,2,263,0.874043,0.039532,94.999588,0.036795,34.872806
MOEA-D,2,264,0.875324,0.039273,94.999610,0.036662,34.989121
MOEA-D,2,265,0.874912,0.039022,94.999631,0.036533,34.689002
MOEA-D,2,266,0.875983,0.039661,94.999651,0.036775,34.783227
MOEA-D,2,267,0.875167,0.039168,94.999670,0.036546,35.098866
MOEA-D,2,268,0.874422,0.039313,94.999688,0.036583,34.813533
MOEA-D,2,269,0.874656,0.039175,94.999705,0.036502,34.905225
MOEA-D,2,270,0.874588,0.039217,94.999721,0.036497,34.886245
MOEA-D,2,271,0.874267,0.039410,94.999736,0.036556,35.245327
MOEA-D,2,272,0.873915,0.039623,94.999750,0.036622,35.177620
MOEA-D,2,273,0.874821,0.039081,94.999763,0.036375,35.087937
MOEA-D,2,274,0.875477,0.039335,94.999776,0.036459,34.953830
MOEA-D,2,275,0.874556,0.039242,94.999788,0.036400,34.716118
MOEA-D,2,276,0.875446,0.039312,94.999800,0.036408,34.761557
MOEA-D,2,277,0.875457,0.039316,94.999811,0.036390,34.937835
MOEA-D,2,278,0.874908,0.039034,94.999821,0.036252,34.758742
MOEA-D,2,279,0.874881,0.039051,94.999830,0.036240,35.207959
MOEA-D,2,280,0.874892,0.039045,94.999840,0.036218,34.875168
MOEA-D,2,281,0.875106,0.039098,94.999848,0.036221,34.713241
MOEA-D,2,282,0.874553,0.039251,94.999857,0.036265,34.669588
MOEA-D,2,283,0.874026,0.039568,94.999864,0.036379,35.062595
MOEA-D,2,284,0.876063,0.039668,94.999872,0.036403,35.359582
MOEA-D,2,285,0.874482,0.039295,94.999879,0.036230,34.827635
MOEA-D,2,286,0.874128,0.039509,94.999885,0.036301,35.257052
MOEA-D,2,287,0.875554,0.039358,94.999891,0.036221,34.493100
MOEA-D,2,288,0.874893,0.039051,94.999897,0.036076,34.697780
MOEA-D,2,289,0.874521,0.039275,94.999903,0.036152,35.427031
MOEA-D,2,290,0.875563,0.039360,94.999908,0.036171,34.072934
MOEA-D,2,291,0.874765,0.039130,94.999913,0.036059,35.050430
MOEA-D,2,292,0.875181,0.039129,94.999918,0.036043,35.367705
MOEA-D,2,293,0.875382,0.039248,94.999922,0.036077,35.267949
MOEA-D,2,294,0.875114,0.039087,94.999926,0.035994,34.427657
MOEA-D,2,295,0.874873,0.039067,94.999930,0.035970,35.152770
MOEA-D,2,296,0.875618,0.039387,94.999934,0.036089,34.962742
MOEA-D,2,297,0.874452,0.039320,94.999938,0.036046,35.234819
MOEA-D,2,298,0.875184,0.039125,94.999941,0.035950,35.326281
MOEA-D,2,299,0.874893,0.039056,94.999944,0.035907,34.998639
MOEA-D,2,300,0.874838,0.039090,94.999947,0.035907,35.279668
NSGA-II,2,0,0.084205,0.361900,25.992796,0.145293,34.527595
NSGA-II,2,1,0.081226,0.362312,26.307816,0.143936,34.692034
NSGA-II,2,2,0.084734,0.360239,26.637889,0.141586,35.101147
NSGA-II,2,3,0.091083,0.361031,26.983574,0.140472,34.842840
NSGA-II,2,4,0.091296,0.359363,27.345435,0.138376,35.763908
NSGA-II,2,5,0.091781,0.357788,27.724035,0.136361,35.240459
NSGA-II,2,6,0.089751,0.357372,28.119938,0.134871,35.277877
NSGA-II,2,7,0.091281,0.356494,28.533703,0.133231,34.940365
NSGA-II,2,8,0.095167,0.354206,28.965886,0.131046,35.095470
NSGA-II,2,9,0.095884,0.353821,29.417031,0.129696,35.207845
NSGA-II,2,10,0.103339,0.354271,29.887672,0.128737,34.364885
NSGA-II,2,11,0.100917,0.350898,30.378326,0.126227,34.984931
NSGA-II,2,12,0.105210,0.350644,30.889491,0.125060,35.108569
NSGA-II,2,13,0.102323,0.350165,31.421642,0.123841,35.028461
NSGA-II,2,14,0.113094,0.350270,31.975227,0.122909,35.211759
NSGA-II,2,15,0.111312,0.346510,32.550659,0.120409,35.140005
NSGA-II,2,16,0.113078,0.344781,33.148318,0.118798,34.864127
NSGA-II,2,17,0.114704,0.343001,33.768540,0.117209,34.593595
NSGA-II,2,18,0.116560,0.341966,34.411616,0.115973,35.001204
NSGA-II,2,19,0.118691,0.340770,35.077785,0.114714,34.926842
NSGA-II,2,20,0.123737,0.339007,35.767231,0.113261,35.010470
NSGA-II,2,21,0.123814,0.337879,36.480074,0.112117,35.075411
NSGA-II,2,22,0.130112,0.336100,37.216370,0.110745,34.524279
NSGA-II,2,23,0.132853,0.334209,37.976104,0.109369,35.152534
NSGA-II,2,24,0.130454,0.334221,38.759184,0.108830,35.552137
NSGA-II,2,25,0.137301,0.330238,39.565440,0.106670,34.928892
NSGA-II,2,26,0.143604,0.329341,40.394617,0.105840,35.036074
NSGA-II,2,27,0.146721,0.327194,41.246372,0.104532,34.824740
NSGA-II,2,28,0.146940,0.324885,42.120273,0.103200,35.031912
NSGA-II,2,29,0.149339,0.323610,43.015795,0.102343,35.246424
NSGA-II,2,30,0.153654,0.321198,43.932317,0.101056,35.230938
NSGA-II,2,31,0.158339,0.318576,44.869123,0.099725,34.896748
NSGA-II,2,32,0.162644,0.316196,45.825402,0.098537,35.264778
NSGA-II,2,33,0.168412,0.313388,46.800247,0.097215,34.760904
NSGA-II,2,34,0.170684,0.311822,47.792657,0.096453,34.938661
NSGA-II,2,35,0.177206,0.308648,48.801539,0.095064,34.714275
NSGA-II,2,36,0.178032,0.307928,49.825713,0.094739,35.047097
NSGA-II,2,37,0.185413,0.303784,50.863914,0.093031,35.131506
NSGA-II,2,38,0.191123,0.300931,51.914800,0.091902,35.000094
NSGA-II,2,39,0.198542,0.299746,52.976954,0.091509,34.790566
NSGA-II,2,40,0.202701,0.296464,54.048895,0.090284,35.363569
NSGA-II,2,41,0.202562,0.294840,55.129084,0.089790,34.760301
NSGA-II,2,42,0.211128,0.290094,56.215932,0.088034,34.807196
NSGA-II,2,43,0.218799,0.287945,57.307810,0.087401,35.048977
NSGA-II,2,44,0.221321,0.284843,58.403060,0.086408,34.823235
NSGA-II,2,45,0.225885,0.282578,59.500000,0.085802,34.381151
NSGA-II,2,46,0.235790,0.278711,60.596940,0.084566,35.236911
NSGA-II,2,47,0.243345,0.276497,61.692190,0.084054,35.166435
NSGA-II,2,48,0.245456,0.272435,62.784068,0.082808,34.958339
NSGA-II,2,49,0.249982,0.270316,63.870916,0.082406,35.430252
NSGA-II,2,50,0.263224,0.267394,64.951105,0.081702,35.114692
NSGA-II,2,51,0.265305,0.262419,66.023046,0.080175,35.541292
NSGA-II,2,52,0.276281,0.260582,67.085200,0.079986,34.900007
NSGA-II,2,53,0.277567,0.256502,68.136086,0.078893,35.309750
NSGA-II,2,54,0.284193,0.253303,69.174287,0.078195,34.691268
NSGA-II,2,55,0.294353,0.248586,70.198461,0.076892,34.688336
NSGA-II,2,56,0.299777,0.245624,71.207343,0.076346,34.820890
NSGA-II,2,57,0.308036,0.241566,72.199753,0.075368,35.172736
NSGA-II,2,58,0.315041,0.238301,73.174598,0.074743,34.846210
NSGA-II,2,59,0.322942,0.234540,74.130877,0.073933,34.791118
NSGA-II,2,60,0.330433,0.231068,75.067683,0.073263,34.920175
NSGA-II,2,61,0.341236,0.228368,75.984205,0.072934,35.010436
NSGA-II,2,62,0.353218,0.227218,76.879727,0.073267,35.132409
NSGA-II,2,63,0.356092,0.220539,77.753628,0.071312,34.690120
NSGA-II,2,64,0.365585,0.217776,78.605383,0.071003,35.183527
NSGA-II,2,65,0.368889,0.213751,79.434560,0.070180,34.626839
NSGA-II,2,66,0.377748,0.209717,80.240816,0.069363,35.033693
NSGA-II,2,67,0.385717,0.206258,81.023896,0.068795,34.599239
NSGA-II,2,68,0.395588,0.201700,81.783630,0.067777,34.899752
NSGA-II,2,69,0.403031,0.198640,82.519926,0.067389,34.934145
NSGA-II,2,70,0.410198,0.195785,83.232769,0.067090,35.010698
NSGA-II,2,71,0.419817,0.191499,83.922215,0.066198,35.403244
NSGA-II,2,72,0.427310,0.188526,84.588384,0.065854,35.249921
NSGA-II,2,73,0.439772,0.184785,85.231460,0.065190,34.896717
NSGA-II,2,74,0.444467,0.181386,85.851682,0.064667,34.777476
NSGA-II,2,75,0.456095,0.177353,86.449341,0.063876,35.505494
NSGA-II,2,76,0.464091,0.173581,87.024773,0.063190,35.141174
NSGA-II,2,77,0.471823,0.169955,87.578358,0.062559,34.318846
NSGA-II,2,78,0.482326,0.167511,88.110509,0.062413,35.071360
NSGA-II,2,79,0.489128,0.163163,88.621674,0.061466,35.056298
NSGA-II,2,80,0.496751,0.160237,89.112328,0.061102,34.949965
NSGA-II,2,81,0.506461,0.156892,89.582969,0.060554,34.623971
NSGA-II,2,82,0.514526,0.153503,90.034114,0.059975,34.790125
NSGA-II,2,83,0.521965,0.150548,90.466297,0.059565,35.010623
NSGA-II,2,84,0.532192,0.147892,90.880062,0.059267,35.598526
NSGA-II,2,85,0.539190,0.144119,91.275965,0.058489,35.825323
NSGA-II,2,86,0.549480,0.142418,91.654565,0.058560,34.992297
NSGA-II,2,87,0.553518,0.139077,92.016426,0.057932,35.244158
NSGA-II,2,88,0.562948,0.135307,92.362111,0.057109,34.865203
NSGA-II,2,89,0.572023,0.132946,92.692184,0.056857,34.711724
NSGA-II,2,90,0.580919,0.130842,93.007204,0.056694,35.123728
NSGA-II,2,91,0.586893,0.127104,93.307723,0.055834,34.976654
NSGA-II,2,92,0.594882,0.124696,93.594287,0.055509,34.920349
NSGA-II,2,93,0.600628,0.122146,93.867436,0.055108,35.254634
NSGA-II,2,94,0.606394,0.120563,94.127696,0.055090,34.926798
NSGA-II,2,95,0.614576,0.117521,94.375585,0.054446,35.365262
NSGA-II,2,96,0.622150,0.114832,94.611608,0.053931,34.688795
NSGA-II,2,97,0.630576,0.112040,94.836260,0.053354,35.044626
NSGA-II,2,98,0.636252,0.110041,95.050021,0.053088,34.709860
NSGA-II,2,99,0.644592,0.107762,95.253356,0.052686,34.973110
NSGA-II,2,100,0.647312,0.107007,95.446720,0.052901,34.893841
NSGA-II,2,101,0.656761,0.103110,95.630551,0.051787,35.310474
NSGA-II,2,102,0.664338,0.101619,95.805274,0.051658,34.587149
NSGA-II,2,103,0.671800,0.100379,95.971300,0.051614,34.888848
NSGA-II,2,104,0.675667,0.097122,96.129025,0.050712,34.997057
NSGA-II,2,105,0.683007,0.096088,96.278830,0.050718,34.851670
NSGA-II,2,106,0.687249,0.093335,96.421083,0.049989,34.961341
NSGA-II,2,107,0.693526,0.091941,96.556137,0.049809,35.647884
NSGA-II,2,108,0.699959,0.090777,96.684334,0.049708,34.553572
NSGA-II,2,109,0.703141,0.088578,96.805998,0.049158,34.697466
NSGA-II,2,110,0.711548,0.088093,96.921444,0.049306,35.068046
NSGA-II,2,111,0.716953,0.086717,97.030970,0.049066,34.731634
NSGA-II,2,112,0.721145,0.084747,97.134866,0.048562,35.519408
NSGA-II,2,113,0.722849,0.082716,97.233404,0.048018,35.555136
NSGA-II,2,114,0.728059,0.081003,97.326850,0.047591,34.983997
NSGA-II,2,115,0.734388,0.080008,97.415455,0.047447,35.043223
NSGA-II,2,116,0.738536,0.078520,97.499458,0.047085,34.864610
NSGA-II,2,117,0.742648,0.077132,97.579089,0.046749,35.399774
NSGA-II,2,118,0.746180,0.075517,97.654568,0.046305,35.237817
NSGA-II,2,119,0.751589,0.075145,97.726104,0.046366,34.960817
NSGA-II,2,120,0.754365,0.073309,97.793895,0.045804,35.370174
NSGA-II,2,121,0.759359,0.072915,97.858131,0.045831,35.010319
NSGA-II,2,122,0.762072,0.071264,97.918994,0.045321,34.956483
NSGA-II,2,123,0.764207,0.070592,97.976656,0.045208,35.019939
NSGA-II,2,124,0.765867,0.070691,98.031279,0.045404,35.320707
NSGA-II,2,125,0.774294,0.069398,98.083022,0.045010,34.443866
NSGA-II,2,126,0.774122,0.067836,98.132032,0.044493,34.867013
NSGA-II,2,127,0.777035,0.067092,98.178449,0.044307,35.058840
NSGA-II,2,128,0.779728,0.066450,98.222409,0.044153,34.797989
NSGA-II,2,129,0.785031,0.064963,98.264039,0.043639,35.120837
NSGA-II,2,130,0.788492,0.064552,98.303460,0.043563,35.422172
NSGA-II,2,131,0.787893,0.064301,98.340788,0.043546,35.206259
NSGA-II,2,132,0.791982,0.062709,98.376130,0.042961,35.189544
NSGA-II,2,133,0.795853,0.062020,98.409593,0.042744,34.950149
NSGA-II,2,134,0.797771,0.061019,98.441273,0.042390,34.884611
NSGA-II,2,135,0.799270,0.060759,98.471265,0.042337,35.064662
NSGA-II,2,136,0.801733,0.060037,98.499657,0.042085,34.698314
NSGA-II,2,137,0.804287,0.059236,98.526534,0.041794,35.307309
NSGA-II,2,138,0.806041,0.058891,98.551975,0.041686,35.118620
NSGA-II,2,139,0.808957,0.058086,98.576057,0.041380,35.302969
NSGA-II,2,140,0.812636,0.058572,98.598850,0.041606,34.869158
NSGA-II,2,141,0.809002,0.059097,98.620425,0.041843,34.838512
NSGA-II,2,142,0.813851,0.056805,98.640844,0.040901,35.048615
NSGA-II,2,143,0.815857,0.056197,98.660169,0.040655,34.675950
NSGA-II,2,144,0.818029,0.055545,98.678459,0.040386,35.456562
NSGA-II,2,145,0.820516,0.055615,98.695768,0.040414,34.796855
NSGA-II,2,146,0.820818,0.054886,98.712149,0.040104,35.058794
NSGA-II,2,147,0.821804,0.054811,98.727651,0.040063,35.038708
NSGA-II,2,148,0.824730,0.054198,98.742321,0.039794,35.194602
NSGA-II,2,149,0.823088,0.055019,98.756203,0.040119,34.817440
NSGA-II,2,150,0.828155,0.053869,98.769340,0.039619,34.676450
NSGA-II,2,151,0.828010,0.052977,98.781770,0.039223,34.907759
NSGA-II,2,152,0.829522,0.052500,98.793533,0.038997,35.302857
NSGA-II,2,153,0.830601,0.052267,98.804663,0.038870,34.975913
NSGA-II,2,154,0.832495,0.052233,98.815194,0.038823,34.487596
NSGA-II,2,155,0.835936,0.053339,98.825159,0.039249,34.352946
NSGA-II,2,156,0.835855,0.052370,98.834588,0.038807,34.975050
NSGA-II,2,157,0.836897,0.052110,98.843509,0.038659,34.328464
NSGA-II,2,158,0.837178,0.051429,98.851950,0.038333,35.062845
NSGA-II,2,159,0.837356,0.050720,98.859937,0.037993,34.993558
NSGA-II,2,160,0.838764,0.050780,98.867493,0.037972,35.091916
NSGA-II,2,161,0.839757,0.050624,98.874642,0.037859,35.121473
NSGA-II,2,162,0.839201,0.050216,98.881407,0.037640,34.505201
NSGA-II,2,163,0.840212,0.049894,98.887806,0.037455,34.480571
NSGA-II,2,164,0.842348,0.050095,98.893861,0.037487,34.861341
NSGA-II,2,165,0.842345,0.049454,98.899590,0.037167,34.903032
NSGA-II,2,166,0.841420,0.049959,98.905009,0.037323,34.873155
NSGA-II,2,167,0.844232,0.049382,98.910137,0.037027,35.087440
NSGA-II,2,168,0.843042,0.049463,98.914988,0.037004,34.717834
NSGA-II,2,169,0.844453,0.048842,98.919577,0.036688,34.564389
NSGA-II,2,170,0.844894,0.048793,98.923919,0.036610,35.312728
NSGA-II,2,171,0.846850,0.048822,98.928027,0.036563,34.915326
NSGA-II,2,172,0.847826,0.048928,98.931913,0.036548,34.933796
NSGA-II,2,173,0.847822,0.048465,98.935590,0.036295,35.107164
NSGA-II,2,174,0.849029,0.048747,98.939068,0.036352,35.332526
NSGA-II,2,175,0.848804,0.048188,98.942358,0.036058,35.026860
NSGA-II,2,176,0.846512,0.048957,98.945471,0.036318,35.063623
NSGA-II,2,177,0.848609,0.047863,98.948416,0.035800,34.770695
NSGA-II,2,178,0.850411,0.047980,98.951202,0.035788,35.399196
NSGA-II,2,179,0.850148,0.047464,98.953837,0.035510,35.197593
NSGA-II,2,180,0.851212,0.047757,98.956330,0.035571,34.881621
NSGA-II,2,181,0.850919,0.047251,98.958689,0.035297,34.846422
NSGA-II,2,182,0.850483,0.047469,98.960921,0.035326,34.966387
NSGA-II,2,183,0.850586,0.047536,98.963031,0.035292,34.628531
NSGA-II,2,184,0.851014,0.047403,98.965028,0.035175,34.899929
NSGA-II,2,185,0.851875,0.047006,98.966917,0.034947,35.345601
NSGA-II,2,186,0.852689,0.046851,98.968705,0.034821,34.936487
NSGA-II,2,187,0.853397,0.047019,98.970395,0.034829,34.906623
NSGA-II,2,188,0.851765,0.047402,98.971994,0.034927,35.010670
NSGA-II,2,189,0.851701,0.047542,98.973507,0.034924,34.879357
NSGA-II,2,190,0.851232,0.047921,98.974939,0.035021,34.706876
NSGA-II,2,191,0.852648,0.047165,98.976292,0.034645,34.982216
NSGA-II,2,192,0.854573,0.046587,98.977573,0.034344,35.585833
NSGA-II,2,193,0.855131,0.046722,98.978785,0.034340,35.230669
NSGA-II,2,194,0.853055,0.047181,98.979931,0.034471,35.263358
NSGA-II,2,195,0.854459,0.046418,98.981015,0.034094,34.953422
NSGA-II,2,196,0.853985,0.046779,98.982041,0.034185,35.182680
NSGA-II,2,197,0.853584,0.047093,98.983011,0.034257,35.050529
NSGA-II,2,198,0.856098,0.046418,98.983929,0.033918,35.554582
NSGA-II,2,199,0.855703,0.046026,98.984798,0.033697,35.265475
NSGA-II,2,200,0.856093,0.046110,98.985619,0.033675,34.987948
NSGA-II,2,201,0.856597,0.046270,98.986396,0.033684,35.513542
NSGA-II,2,202,0.855101,0.046508,98.987131,0.033727,34.342318
NSGA-II,2,203,0.856495,0.045940,98.987826,0.033434,34.646775
NSGA-II,2,204,0.856753,0.045969,98.988484,0.033391,35.162584
NSGA-II,2,205,0.857546,0.046324,98.989106,0.033484,34.770299
NSGA-II,2,206,0.855969,0.046204,98.989695,0.033379,35.057398
NSGA-II,2,207,0.856217,0.046105,98.990252,0.033284,35.043045
NSGA-II,2,208,0.856300,0.046102,98.990779,0.033229,34.726625
NSGA-II,2,209,0.858386,0.046392,98.991277,0.033297,35.208805
NSGA-II,2,210,0.857008,0.045765,98.991748,0.032984,35.355398
NSGA-II,2,211,0.856058,0.046377,98.992194,0.033187,35.058201
NSGA-II,2,212,0.857928,0.045836,98.992616,0.032910,35.140332
NSGA-II,2,213,0.859265,0.046552,98.993015,0.033157,34.611322
NSGA-II,2,214,0.857781,0.045579,98.993392,0.032702,35.624025
NSGA-II,2,215,0.858036,0.045653,98.993749,0.032683,34.935622
NSGA-II,2,216,0.857422,0.045743,98.994087,0.032671,34.961668
NSGA-II,2,217,0.858276,0.045648,98.994407,0.032583,35.263140
NSGA-II,2,218,0.858689,0.045826,98.994709,0.032609,34.837177
NSGA-II,2,219,0.859592,0.046301,98.994995,0.032760,34.453691
NSGA-II,2,220,0.858460,0.045557,98.995265,0.032403,35.507979
NSGA-II,2,221,0.858572,0.045563,98.995521,0.032359,34.940628
NSGA-II,2,222,0.858010,0.045566,98.995763,0.032315,34.932221
NSGA-II,2,223,0.858338,0.045394,98.995992,0.032198,34.812726
NSGA-II,2,224,0.858330,0.045424,98.996209,0.032165,35.192056
NSGA-II,2,225,0.859872,0.046122,98.996414,0.032412,34.874414
NSGA-II,2,226,0.858560,0.045331,98.996607,0.032039,34.742105
NSGA-II,2,227,0.857154,0.046196,98.996791,0.032357,34.798414
NSGA-II,2,228,0.858061,0.045673,98.996964,0.032096,35.184549
NSGA-II,2,229,0.858258,0.045574,98.997128,0.032013,34.674832
NSGA-II,2,230,0.858537,0.045426,98.997283,0.031910,34.813664
NSGA-II,2,231,0.858963,0.045307,98.997430,0.031819,34.725481
NSGA-II,2,232,0.859517,0.045601,98.997569,0.031901,35.407705
NSGA-II,2,233,0.858206,0.045677,98.997700,0.031894,35.056260
NSGA-II,2,234,0.859184,0.045329,98.997825,0.031709,35.505924
NSGA-II,2,235,0.858625,0.045457,98.997942,0.031724,34.930283
NSGA-II,2,236,0.859045,0.045220,98.998053,0.031587,34.720393
NSGA-II,2,237,0.859069,0.045220,98.998159,0.031549,35.096861
NSGA-II,2,238,0.859008,0.045271,98.998258,0.031533,35.283657
NSGA-II,2,239,0.859469,0.045343,98.998352,0.031527,35.142818
NSGA-II,2,240,0.858198,0.045783,98.998441,0.031673,35.184091
NSGA-II,2,241,0.859619,0.045380,98.998526,0.031470,35.670138
NSGA-II,2,242,0.859251,0.045175,98.998605,0.031349,34.961573
NSGA-II,2,243,0.858953,0.045364,98.998681,0.031393,35.300991
NSGA-II,2,244,0.860646,0.045923,98.998752,0.031592,34.646485
NSGA-II,2,245,0.860139,0.045596,98.998819,0.031422,34.572911
NSGA-II,2,246,0.859357,0.045152,98.998883,0.031204,35.271880
NSGA-II,2,247,0.859161,0.045280,98.998943,0.031224,34.753579
NSGA-II,2,248,0.858724,0.045551,98.999001,0.031305,34.956120
NSGA-II,2,249,0.859159,0.045299,98.999055,0.031168,35.408111
NSGA-II,2,250,0.859757,0.045269,98.999106,0.031124,35.412506
NSGA-II,2,251,0.860251,0.045548,98.999154,0.031209,35.253714
NSGA-II,2,252,0.859940,0.045346,98.999200,0.031094,34.806617
NSGA-II,2,253,0.859893,0.045301,98.999243,0.031046,34.995535
NSGA-II,2,254,0.859056,0.045399,98.999284,0.031057,34.781990
NSGA-II,2,255,0.859918,0.045286,98.999323,0.030981,35.031987
NSGA-II,2,256,0.860177,0.045428,98.999359,0.031011,34.987424
NSGA-II,2,257,0.860176,0.045414,98.999394,0.030977,35.237269
NSGA-II,2,258,0.859101,0.045397,98.999427,0.030942,34.775922
NSGA-II,2,259,0.859497,0.045166,98.999458,0.030818,35.603681
NSGA-II,2,260,0.858818,0.045579,98.999487,0.030963,34.710504
NSGA-II,2,261,0.860604,0.045623,98.999515,0.030954,34.510485
NSGA-II,2,262,0.859280,0.045311,98.999541,0.030798,35.192044
NSGA-II,2,263,0.859800,0.045119,98.999566,0.030692,35.045513
NSGA-II,2,264,0.860176,0.045335,98.999589,0.030756,35.088445
NSGA-II,2,265,0.859709,0.045069,98.999611,0.030620,34.245217
NSGA-II,2,266,0.860377,0.045437,98.999632,0.030749,35.285632
NSGA-II,2,267,0.860546,0.045530,98.999652,0.030763,35.105796
NSGA-II,2,268,0.859961,0.045170,98.999671,0.030589,35.046975
NSGA-II,2,269,0.859419,0.045258,98.999689,0.030602,35.268552
NSGA-II,2,270,0.860986,0.045769,98.999706,0.030791,34.631218
NSGA-II,2,271,0.859214,0.045388,98.999722,0.030610,35.049845
NSGA-II,2,272,0.859703,0.045099,98.999737,0.030466,34.779192
NSGA-II,2,273,0.859507,0.045220,98.999751,0.030494,35.141192
NSGA-II,2,274,0.860320,0.045342,98.999764,0.030523,34.947737
NSGA-II,2,275,0.860242,0.045289,98.999777,0.030480,35.445197
NSGA-II,2,276,0.860863,0.045656,98.999789,0.030611,35.512944
NSGA-II,2,277,0.859940,0.045096,98.999800,0.030357,35.653696
NSGA-II,2,278,0.859944,0.045093,98.999811,0.030335,35.085939
NSGA-II,2,279,0.860549,0.045451,98.999821,0.030464,35.012248
NSGA-II,2,280,0.859221,0.045411,98.999831,0.030427,35.072963
NSGA-II,2,281,0.860285,0.045283,98.999840,0.030354,35.038281
NSGA-II,2,282,0.859730,0.045109,98.999849,0.030262,34.800309
NSGA-II,2,283,0.859087,0.045497,98.999857,0.030405,34.840287
NSGA-II,2,284,0.859698,0.045133,98.999865,0.030234,34.899359
NSGA-II,2,285,0.859706,0.045130,98.999872,0.030214,34.794550
NSGA-II,2,286,0.860104,0.045152,98.999879,0.030205,34.908916
NSGA-II,2,287,0.860590,0.045441,98.999886,0.030307,34.827358
NSGA-II,2,288,0.860474,0.045367,98.999892,0.030259,35.013072
NSGA-II,2,289,0.859518,0.045250,98.999898,0.030193,35.195088
NSGA-II,2,290,0.860015,0.045085,98.999903,0.030107,35.170075
NSGA-II,2,291,0.859523,0.045250,98.999908,0.030158,34.351201
NSGA-II,2,292,0.860843,0.045576,98.999913,0.030278,35.076955
NSGA-II,2,293,0.859364,0.045348,98.999918,0.030166,35.048938
NSGA-II,2,294,0.860371,0.045287,98.999922,0.030125,35.470881
NSGA-II,2,295,0.859990,0.045056,98.999927,0.030012,34.835724
NSGA-II,2,296,0.860569,0.045400,98.999931,0.030140,34.644208
NSGA-II,2,297,0.859986,0.045048,98.999934,0.029978,34.710665
NSGA-II,2,298,0.860247,0.045203,98.999938,0.030027,34.367341
NSGA-II,2,299,0.860371,0.045275,98.999941,0.030042,35.143361
NSGA-II,2,300,0.859622,0.045202,98.999944,0.029997,34.792567
INSGA-III,3,0,0.053278,0.377460,26.045897,0.145594,24.950779
INSGA-III,3,1,0.058557,0.377263,26.363708,0.143629,25.914420
INSGA-III,3,2,0.056605,0.375546,26.696705,0.141069,25.518712
INSGA-III,3,3,0.053867,0.376956,27.045454,0.139853,25.415032
INSGA-III,3,4,0.062654,0.377968,27.410522,0.138511,25.232029
INSGA-III,3,5,0.060399,0.375949,27.792476,0.135947,25.805400
INSGA-III,3,6,0.060337,0.375200,28.191887,0.133952,25.040324
INSGA-III,3,7,0.057650,0.374427,28.609318,0.131988,26.436978
INSGA-III,3,8,0.059357,0.373325,29.045330,0.129928,25.759957
INSGA-III,3,9,0.059246,0.373309,29.500473,0.128361,25.772025
INSGA-III,3,10,0.058545,0.373641,29.975284,0.126981,25.846665
INSGA-III,3,11,0.061425,0.371817,30.470285,0.124745,25.689885
INSGA-III,3,12,0.059220,0.373038,30.985980,0.123820,25.550543
INSGA-III,3,13,0.065777,0.371929,31.522847,0.121967,26.088668
INSGA-III,3,14,0.065080,0.370310,32.081336,0.119945,26.485206
INSGA-III,3,15,0.061555,0.371286,32.661868,0.119049,26.513437
INSGA-III,3,16,0.068373,0.369638,33.264822,0.117105,25.912499
INSGA-III,3,17,0.069963,0.369135,33.890540,0.115683,26.425219
INSGA-III,3,18,0.066718,0.367761,34.539314,0.113946,26.398008
INSGA-III,3,19,0.068163,0.366732,35.211386,0.112400,26.936406
INSGA-III,3,20,0.071106,0.364849,35.906940,0.110546,26.443850
INSGA-III,3,21,0.070027,0.365261,36.626100,0.109698,27.221229
INSGA-III,3,22,0.075234,0.363448,37.368920,0.107974,26.878382
INSGA-III,3,23,0.076677,0.362185,38.135386,0.106532,26.972962
INSGA-III,3,24,0.077694,0.360531,38.925405,0.104979,26.897200
INSGA-III,3,25,0.078599,0.359274,39.738805,0.103647,27.408320
INSGA-III,3,26,0.080735,0.357752,40.575329,0.102260,27.345475
INSGA-III,3,27,0.081048,0.357310,41.434631,0.101381,26.783964
INSGA-III,3,28,0.083876,0.355346,42.316276,0.099926,27.584176
INSGA-III,3,29,0.086930,0.353235,43.219732,0.098471,27.823521
INSGA-III,3,30,0.090666,0.351410,44.144375,0.097197,27.848392
INSGA-III,3,31,0.092374,0.349372,45.089482,0.095897,28.230704
INSGA-III,3,32,0.092817,0.348789,46.054235,0.095270,27.509060
INSGA-III,3,33,0.102125,0.347299,47.037717,0.094331,27.620814
INSGA-III,3,34,0.104692,0.344737,48.038921,0.093015,28.193159
INSGA-III,3,35,0.105485,0.340873,49.056742,0.091226,28.445964
INSGA-III,3,36,0.106714,0.339073,50.089991,0.090369,27.968874
INSGA-III,3,37,0.113347,0.336160,51.137392,0.089122,28.357287
INSGA-III,3,38,0.117051,0.333270,52.197589,0.087959,28.337121
INSGA-III,3,39,0.118912,0.330638,53.269155,0.086981,28.096881
INSGA-III,3,40,0.127816,0.328660,54.350594,0.086352,28.158329
INSGA-III,3,41,0.126804,0.325148,55.440354,0.085163,28.520320
INSGA-III,3,42,0.135032,0.320729,56.536832,0.083676,28.228931
INSGA-III,3,43,0.139952,0.317081,57.638386,0.082592,28.163918
INSGA-III,3,44,0.142666,0.314539,58.743340,0.082049,29.332469
INSGA-III,3,45,0.150837,0.309432,59.850000,0.080519,28.471192
INSGA-III,3,46,0.157221,0.305667,60.956660,0.079631,28.374454
INSGA-III,3,47,0.164416,0.302043,62.061614,0.078883,28.518123
INSGA-III,3,48,0.170552,0.297434,63.163168,0.077806,28.072392
INSGA-III,3,49,0.175580,0.293375,64.259646,0.077039,29.285254
INSGA-III,3,50,0.182633,0.288972,65.349406,0.076208,28.786971
INSGA-III,3,51,0.190528,0.284118,66.430845,0.075266,28.453114
INSGA-III,3,52,0.199787,0.278506,67.502411,0.074085,29.193010
INSGA-III,3,53,0.206555,0.274458,68.562608,0.073629,29.032340
INSGA-III,3,54,0.215322,0.269288,69.610009,0.072777,28.834649
INSGA-III,3,55,0.228308,0.264114,70.643258,0.071990,29.420366
INSGA-III,3,56,0.237812,0.258711,71.661079,0.071172,29.043011
INSGA-III,3,57,0.245980,0.252178,72.662283,0.069943,29.273756
INSGA-III,3,58,0.260671,0.249240,73.645765,0.070268,29.768289
INSGA-III,3,59,0.267505,0.241283,74.610518,0.068553,29.781950
INSGA-III,3,60,0.273229,0.237201,75.555625,0.068499,29.762030
INSGA-III,3,61,0.288187,0.229100,76.480268,0.066811,29.476312
INSGA-III,3,62,0.299112,0.223562,77.383724,0.066226,29.697127
INSGA-III,3,63,0.311948,0.217027,78.265369,0.065255,29.490011
INSGA-III,3,64,0.323188,0.211604,79.124671,0.064771,29.506687
INSGA-III,3,65,0.338974,0.206388,79.961195,0.064391,29.299055
INSGA-III,3,66,0.348948,0.199270,80.774595,0.063230,29.734725
INSGA-III,3,67,0.359521,0.194733,81.564614,0.063149,29.692925
INSGA-III,3,68,0.372807,0.188733,82.331080,0.062459,30.183637
INSGA-III,3,69,0.388072,0.181710,83.073900,0.061335,30.033231
INSGA-III,3,70,0.401192,0.176136,83.793060,0.060802,30.193731
INSGA-III,3,71,0.415951,0.169738,84.488614,0.059908,30.727057
INSGA-III,3,72,0.432489,0.164944,85.160686,0.059660,30.493559
INSGA-III,3,73,0.442809,0.158992,85.809460,0.058901,30.296299
INSGA-III,3,74,0.457713,0.152948,86.435178,0.058070,30.407429
INSGA-III,3,75,0.468455,0.149533,87.038132,0.058298,30.222419
INSGA-III,3,76,0.486570,0.141816,87.618664,0.056692,30.862220
INSGA-III,3,77,0.499739,0.137178,88.177153,0.056325,30.599548
INSGA-III,3,78,0.514608,0.131619,88.714020,0.055526,30.287449
INSGA-III,3,79,0.527969,0.127052,89.229715,0.055090,30.314434
INSGA-III,3,80,0.542725,0.122266,89.724716,0.054511,30.637261
INSGA-III,3,81,0.553594,0.118787,90.199527,0.054422,30.460953
INSGA-III,3,82,0.568407,0.113534,90.654670,0.053537,29.997812
INSGA-III,3,83,0.582765,0.108822,91.090682,0.052822,30.463360
INSGA-III,3,84,0.596692,0.105258,91.508113,0.052527,31.091309
INSGA-III,3,85,0.609340,0.101235,91.907524,0.051983,30.615615
INSGA-III,3,86,0.620514,0.097026,92.289478,0.051303,30.236600
INSGA-III,3,87,0.632768,0.093356,92.654546,0.050791,30.940538
INSGA-III,3,88,0.641803,0.091589,93.003295,0.051014,30.248999
INSGA-III,3,89,0.654538,0.087565,93.336292,0.050240,30.684304
INSGA-III,3,90,0.667841,0.083269,93.654103,0.049298,31.598480
INSGA-III,3,91,0.679555,0.080727,93.957285,0.049032,31.747517
INSGA-III,3,92,0.689695,0.077594,94.246389,0.048468,30.579350
INSGA-III,3,93,0.699865,0.074834,94.521957,0.048007,31.270542
INSGA-III,3,94,0.709143,0.072013,94.784523,0.047471,30.434702
INSGA-III,3,95,0.716012,0.071107,95.034609,0.047684,31.465078
INSGA-III,3,96,0.727022,0.067628,95.272724,0.046780,31.643740
INSGA-III,3,97,0.736857,0.065064,95.499366,0.046212,31.223565
INSGA-III,3,98,0.746243,0.063552,95.715021,0.046039,31.160187
INSGA-III,3,99,0.753942,0.061354,95.920158,0.045540,31.192261
INSGA-III,3,100,0.760339,0.059194,96.115235,0.045018,31.168422
INSGA-III,3,101,0.765299,0.058859,96.300695,0.045218,31.474843
INSGA-III,3,102,0.775887,0.055947,96.476967,0.044310,30.917791
INSGA-III,3,103,0.780404,0.054775,96.644464,0.044093,31.882358
INSGA-III,3,104,0.789974,0.053491,96.803586,0.043799,31.662210
INSGA-III,3,105,0.794488,0.051159,96.954718,0.043037,31.533820
INSGA-III,3,106,0.798178,0.050829,97.098231,0.043081,31.107425
INSGA-III,3,107,0.805671,0.048565,97.234483,0.042293,31.309197
INSGA-III,3,108,0.810691,0.047317,97.363815,0.041903,32.163879
INSGA-III,3,109,0.813928,0.047233,97.486558,0.041974,31.260154
INSGA-III,3,110,0.820236,0.045218,97.603026,0.041219,31.363205
INSGA-III,3,111,0.825204,0.044502,97.713523,0.040985,32.045503
INSGA-III,3,112,0.828477,0.043554,97.818339,0.040634,31.611901
INSGA-III,3,113,0.832564,0.042619,97.917751,0.040272,31.899582
INSGA-III,3,114,0.836189,0.041884,98.012025,0.039975,32.189210
INSGA-III,3,115,0.838595,0.041804,98.101414,0.039936,31.971529
INSGA-III,3,116,0.842632,0.040674,98.186162,0.039445,32.067688
INSGA-III,3,117,0.846187,0.039763,98.266499,0.039033,32.241250
INSGA-III,3,118,0.848747,0.039382,98.342647,0.038828,32.065021
INSGA-III,3,119,0.851673,0.038720,98.414816,0.038495,31.700282
INSGA-III,3,120,0.854630,0.037977,98.483208,0.038118,31.938814
INSGA-III,3,121,0.857409,0.037301,98.548013,0.037759,31.902637
INSGA-III,3,122,0.860198,0.037105,98.609416,0.037591,31.912169
INSGA-III,3,123,0.861139,0.036833,98.667588,0.037384,32.318476
INSGA-III,3,124,0.865087,0.036632,98.722696,0.037198,32.078062
INSGA-III,3,125,0.865658,0.035708,98.774897,0.036705,32.237847
INSGA-III,3,126,0.867245,0.035482,98.824341,0.036496,32.152966
INSGA-III,3,127,0.870070,0.035254,98.871170,0.036281,31.827013
INSGA-III,3,128,0.873153,0.035823,98.915519,0.036393,32.377906
INSGA-III,3,129,0.871823,0.034667,98.957518,0.035782,32.078349
INSGA-III,3,130,0.873476,0.034244,98.997288,0.035472,32.338365
INSGA-III,3,131,0.875668,0.033947,99.034946,0.035211,32.292883
INSGA-III,3,132,0.875941,0.033804,99.070602,0.035011,32.552043
INSGA-III,3,133,0.877682,0.033236,99.104361,0.034632,32.789378
INSGA-III,3,134,0.879387,0.033388,99.136322,0.034550,32.717035
INSGA-III,3,135,0.880677,0.033347,99.166580,0.034386,32.042220
INSGA-III,3,136,0.878960,0.033719,99.195224,0.034391,32.385180
INSGA-III,3,137,0.883254,0.033413,99.222338,0.034113,31.970695
INSGA-III,3,138,0.883666,0.032989,99.248005,0.033785,32.160617
INSGA-III,3,139,0.883868,0.032482,99.272300,0.033421,32.070434
INSGA-III,3,140,0.884167,0.032074,99.295296,0.033097,32.659477
INSGA-III,3,141,0.884688,0.031911,99.317061,0.032876,32.702635
INSGA-III,3,142,0.885584,0.031857,99.337661,0.032699,32.179849
INSGA-III,3,143,0.885739,0.031800,99.357158,0.032521,32.529418
INSGA-III,3,144,0.885533,0.032160,99.375610,0.032517,32.965119
INSGA-III,3,145,0.888502,0.032249,99.393073,0.032400,32.997076
INSGA-III,3,146,0.888303,0.031733,99.409599,0.032032,32.903461
INSGA-III,3,147,0.888814,0.031669,99.425238,0.031852,32.763064
INSGA-III,3,148,0.888341,0.031282,99.440038,0.031538,32.764039
INSGA-III,3,149,0.888023,0.031644,99.454043,0.031537,33.423122
INSGA-III,3,150,0.889243,0.031072,99.467296,0.031148,32.417411
INSGA-III,3,151,0.888905,0.031426,99.479837,0.031145,32.283612
INSGA-III,3,152,0.890468,0.031135,99.491703,0.030875,32.564269
INSGA-III,3,153,0.889837,0.031139,99.502932,0.030729,32.933443
INSGA-III,3,154,0.890485,0.030875,99.513557,0.030472,33.417839
INSGA-III,3,155,0.891472,0.031037,99.523610,0.030394,32.592570
INSGA-III,3,156,0.891552,0.030881,99.533122,0.030184,32.759914
INSGA-III,3,157,0.891576,0.030705,99.542122,0.029968,32.621269
INSGA-III,3,158,0.891665,0.030589,99.550638,0.029778,32.931236
INSGA-III,3,159,0.891471,0.030795,99.558696,0.029723,32.780475
INSGA-III,3,160,0.892851,0.030968,99.566319,0.029657,32.878653
INSGA-III,3,161,0.893444,0.031177,99.573532,0.029607,33.006952
INSGA-III,3,162,0.891240,0.031170,99.580356,0.029468,32.608975
INSGA-III,3,163,0.892701,0.030467,99.586812,0.029040,33.131230
INSGA-III,3,164,0.892778,0.030394,99.592921,0.028877,33.166358
INSGA-III,3,165,0.893971,0.030998,99.598700,0.028997,32.649516
INSGA-III,3,166,0.893136,0.030392,99.604168,0.028615,33.814414
INSGA-III,3,167,0.894002,0.030814,99.609341,0.028663,33.674171
INSGA-III,3,168,0.893878,0.030648,99.614235,0.028467,33.098135
INSGA-III,3,169,0.893720,0.030467,99.618865,0.028267,32.891236
INSGA-III,3,170,0.892789,0.030684,99.623245,0.028234,33.298152
INSGA-III,3,171,0.894813,0.030968,99.627389,0.028230,32.943309
INSGA-III,3,172,0.892745,0.030790,99.631310,0.028036,32.905480
INSGA-III,3,173,0.892797,0.030794,99.635019,0.027919,33.208528
INSGA-III,3,174,0.893187,0.030594,99.638528,0.027719,33.378943
INSGA-III,3,175,0.892907,0.030793,99.641847,0.027686,32.921796
INSGA-III,3,176,0.892488,0.031074,99.644988,0.027689,33.205878
INSGA-III,3,177,0.893462,0.030517,99.647959,0.027345,33.278049
INSGA-III,3,178,0.893565,0.030481,99.650769,0.027219,34.108010
INSGA-III,3,179,0.893502,0.030543,99.653428,0.027136,33.987723
INSGA-III,3,180,0.896062,0.031228,99.655944,0.027314,33.543715
INSGA-III,3,181,0.893338,0.030686,99.658323,0.026982,33.571414
INSGA-III,3,182,0.895302,0.030698,99.660574,0.026882,33.448532
INSGA-III,3,183,0.894880,0.030411,99.662704,0.026659,33.527325
INSGA-III,3,184,0.892814,0.031055,99.664718,0.026826,33.432994
INSGA-III,3,185,0.893256,0.030807,99.666624,0.026623,33.195781
INSGA-III,3,186,0.893276,0.030810,99.668427,0.026525,33.691292
INSGA-III,3,187,0.894461,0.030114,99.670133,0.026138,32.956345
INSGA-III,3,188,0.894832,0.030245,99.671746,0.026097,33.095688
INSGA-III,3,189,0.895277,0.030489,99.673273,0.026104,32.929546
INSGA-III,3,190,0.893244,0.030881,99.674716,0.026175,33.443610
INSGA-III,3,191,0.894759,0.030138,99.676082,0.025773,34.249400
INSGA-III,3,192,0.895872,0.030787,99.677375,0.025954,34.134974
INSGA-III,3,193,0.893636,0.030677,99.678597,0.025819,33.950011
INSGA-III,3,194,0.893547,0.030739,99.679753,0.025758,33.000703
INSGA-III,3,195,0.893503,0.030774,99.680847,0.025686,33.900101
INSGA-III,3,196,0.895285,0.030373,99.681882,0.025434,33.101830
INSGA-III,3,197,0.894038,0.030469,99.682861,0.025390,33.604566
INSGA-III,3,198,0.894428,0.030241,99.683787,0.025213,34.104903
INSGA-III,3,199,0.894232,0.030365,99.684663,0.025184,34.022848
INSGA-III,3,200,0.895410,0.030401,99.685492,0.025119,33.575344
INSGA-III,3,201,0.893156,0.031023,99.686275,0.025299,34.299503
INSGA-III,3,202,0.895499,0.030434,99.687017,0.024977,33.103014
INSGA-III,3,203,0.894564,0.030189,99.687719,0.024798,33.515761
INSGA-III,3,204,0.895863,0.030636,99.688382,0.024910,34.234858
INSGA-III,3,205,0.896001,0.030711,99.689010,0.024867,33.535486
INSGA-III,3,206,0.894014,0.030531,99.689604,0.024720,33.791540
INSGA-III,3,207,0.895437,0.030359,99.690165,0.024576,34.324162
INSGA-III,3,208,0.893742,0.030702,99.690697,0.024649,33.758190
INSGA-III,3,209,0.893564,0.030813,99.691200,0.024626,33.771953
INSGA-III,3,210,0.894303,0.030372,99.691675,0.024374,33.966078
INSGA-III,3,211,0.894930,0.030032,99.692125,0.024165,33.805981
INSGA-III,3,212,0.895423,0.030323,99.692550,0.024220,33.585841
INSGA-III,3,213,0.894159,0.030467,99.692953,0.024215,34.165586
INSGA-III,3,214,0.894314,0.030376,99.693334,0.024113,33.622123
INSGA-III,3,215,0.895319,0.030248,99.693694,0.023997,33.270569
INSGA-III,3,216,0.894524,0.030254,99.694035,0.023937,34.322408
INSGA-III,3,217,0.895321,0.030242,99.694357,0.023871,33.920796
INSGA-III,3,218,0.895578,0.030393,99.694662,0.023874,34.033644
INSGA-III,3,219,0.894312,0.030387,99.694950,0.023813,33.612415
INSGA-III,3,220,0.894754,0.030124,99.695223,0.023644,34.432726
INSGA-III,3,221,0.894924,0.030023,99.695481,0.023545,33.527027
INSGA-III,3,222,0.894492,0.030284,99.695726,0.023597,33.819676
INSGA-III,3,223,0.895485,0.030324,99.695957,0.023559,33.357369
INSGA-III,3,224,0.894626,0.030206,99.696175,0.023455,33.943364
INSGA-III,3,225,0.894347,0.030375,99.696382,0.023471,34.238387
INSGA-III,3,226,0.894480,0.030296,99.696577,0.023386,33.594239
INSGA-III,3,227,0.894844,0.030079,99.696762,0.023243,33.511740
INSGA-III,3,228,0.894995,0.030021,99.696937,0.023168,33.208933
INSGA-III,3,229,0.894200,0.030467,99.697103,0.023303,33.933544
INSGA-III,3,230,0.895549,0.030350,99.697259,0.023205,33.957822
INSGA-III,3,231,0.895662,0.030417,99.697407,0.023184,34.050017
INSGA-III,3,232,0.894656,0.030195,99.697548,0.023043,33.946425
INSGA-III,3,233,0.895880,0.030545,99.697680,0.023142,34.297222
INSGA-III,3,234,0.892784,0.031320,99.697805,0.023418,34.183137
INSGA-III,3,235,0.895331,0.030213,99.697924,0.022911,34.015338
INSGA-III,3,236,0.894361,0.030375,99.698036,0.022933,34.404263
INSGA-III,3,237,0.895587,0.030365,99.698142,0.022885,33.742908
INSGA-III,3,238,0.896052,0.030643,99.698243,0.022957,33.513900
INSGA-III,3,239,0.894891,0.030059,99.698338,0.022671,33.970326
INSGA-III,3,240,0.894502,0.030293,99.698427,0.022726,33.760209
INSGA-III,3,241,0.895016,0.030020,99.698512,0.022570,34.467086
INSGA-III,3,242,0.893385,0.030963,99.698593,0.022923,34.363562
INSGA-III,3,243,0.894781,0.030126,99.698669,0.022534,33.684936
INSGA-III,3,244,0.894687,0.030183,99.698741,0.022518,34.209678
INSGA-III,3,245,0.894211,0.030469,99.698809,0.022598,33.972488
INSGA-III,3,246,0.894874,0.030072,99.698873,0.022394,34.525856
INSGA-III,3,247,0.894852,0.030085,99.698934,0.022362,34.733094
INSGA-III,3,248,0.895051,0.030037,99.698992,0.022304,33.915289
INSGA-III,3,249,0.893927,0.030640,99.699046,0.022519,33.851076
INSGA-III,3,250,0.894977,0.030010,99.699098,0.022221,34.347888
INSGA-III,3,251,0.894447,0.030329,99.699147,0.022318,34.433762
INSGA-III,3,252,0.893852,0.030686,99.699193,0.022432,34.073858
INSGA-III,3,253,0.895244,0.030151,99.699236,0.022175,34.290082
INSGA-III,3,254,0.895483,0.030294,99.699278,0.022200,34.204677
INSGA-III,3,255,0.894601,0.030237,99.699317,0.022143,34.339754
INSGA-III,3,256,0.895284,0.030174,99.699354,0.022085,33.919158
INSGA-III,3,257,0.895202,0.030125,99.699388,0.022032,34.862142
INSGA-III,3,258,0.895702,0.030425,99.699421,0.022125,33.908469
INSGA-III,3,259,0.894463,0.030321,99.699453,0.022051,34.642099
INSGA-III,3,260,0.894156,0.030505,99.699482,0.022097,34.198931
INSGA-III,3,261,0.894015,0.030589,99.699510,0.022102,34.121188
INSGA-III,3,262,0.894113,0.030531,99.699537,0.022048,34.112343
INSGA-III,3,263,0.894737,0.030156,99.699562,0.021862,33.879919
INSGA-III,3,264,0.894747,0.030150,99.699585,0.021831,34.161013
INSGA-III,3,265,0.894888,0.030066,99.699608,0.021768,34.499874
INSGA-III,3,266,0.895047,0.030030,99.699629,0.021725,34.053976
INSGA-III,3,267,0.895491,0.030297,99.699649,0.021809,34.574101
INSGA-III,3,268,0.894721,0.030167,99.699668,0.021728,34.766943
INSGA-III,3,269,0.894326,0.030403,99.699686,0.021800,34.461519
INSGA-III,3,270,0.894397,0.030361,99.699703,0.021756,34.514573
INSGA-III,3,271,0.895344,0.030208,99.699719,0.021666,35.008122
INSGA-III,3,272,0.894911,0.030053,99.699734,0.021576,33.875523
INSGA-III,3,273,0.893987,0.030607,99.699749,0.021783,34.850475
INSGA-III,3,274,0.895417,0.030251,99.699762,0.021610,34.589518
INSGA-III,3,275,0.893886,0.030668,99.699775,0.021759,34.260498
INSGA-III,3,276,0.894910,0.030054,99.699787,0.021480,34.238972
INSGA-III,3,277,0.895244,0.030147,99.699799,0.021495,34.120537
INSGA-III,3,278,0.894492,0.030304,99.699810,0.021538,33.707648
INSGA-III,3,279,0.895112,0.030068,99.699820,0.021417,34.457742
INSGA-III,3,280,0.895619,0.030372,99.699830,0.021521,34.546420
INSGA-III,3,281,0.894949,0.030030,99.699839,0.021357,34.894459
INSGA-III,3,282,0.895026,0.030016,99.699848,0.021330,34.225886
INSGA-III,3,283,0.894649,0.030210,99.699856,0.021389,33.961260
INSGA-III,3,284,0.895138,0.030083,99.699864,0.021316,34.353088
INSGA-III,3,285,0.895426,0.030256,99.699871,0.021367,34.515802
INSGA-III,3,286,0.894627,0.030223,99.699878,0.021333,34.398557
INSGA-III,3,287,0.894537,0.030277,99.699884,0.021336,34.338864
INSGA-III,3,288,0.895738,0.030443,99.699891,0.021386,34.061108
INSGA-III,3,289,0.894892,0.030064,99.699897,0.021209,34.335435
INSGA-III,3,290,0.894420,0.030348,99.699902,0.021308,34.281748
INSGA-III,3,291,0.895227,0.030137,99.699908,0.021201,34.602998
INSGA-III,3,292,0.895028,0.030017,99.699913,0.021133,34.807030
INSGA-III,3,293,0.894797,0.030122,99.699917,0.021159,34.051254
INSGA-III,3,294,0.894676,0.030194,99.699922,0.021171,33.994871
INSGA-III,3,295,0.895257,0.030155,99.699926,0.021137,34.090447
INSGA-III,3,296,0.895768,0.030461,99.699930,0.021248,34.276782
INSGA-III,3,297,0.895139,0.030084,99.699934,0.021074,35.087991
INSGA-III,3,298,0.895070,0.030042,99.699937,0.021040,34.304526
INSGA-III,3,299,0.895042,0.030025,99.699941,0.021016,34.119470
INSGA-III,3,300,0.895196,0.030118,99.699944,0.021039,34.878760
NSGA-III,3,0,0.065390,0.374106,25.689364,0.145795,34.695989
NSGA-III,3,1,0.055977,0.375899,25.988432,0.144828,34.689690
NSGA-III,3,2,0.065412,0.372328,26.301793,0.141666,35.140169
NSGA-III,3,3,0.063185,0.371492,26.629976,0.139685,34.686790
NSGA-III,3,4,0.064210,0.370832,26.973515,0.137819,35.454154
NSGA-III,3,5,0.064562,0.370572,27.332945,0.136162,35.279345
NSGA-III,3,6,0.067076,0.369105,27.708802,0.134043,34.816850
NSGA-III,3,7,0.067700,0.368584,28.101617,0.132360,34.966446
NSGA-III,3,8,0.069767,0.368240,28.511917,0.130793,34.999914
NSGA-III,3,9,0.067864,0.368369,28.940219,0.129466,35.396854
NSGA-III,3,10,0.071448,0.366488,29.387030,0.127344,34.990700
NSGA-III,3,11,0.076100,0.367783,29.852841,0.126589,34.709176
NSGA-III,3,12,0.073589,0.364732,30.338124,0.124066,34.363344
NSGA-III,3,13,0.079887,0.366817,30.843331,0.123728,34.924080
NSGA-III,3,14,0.077110,0.363400,31.368886,0.121141,35.027808
NSGA-III,3,15,0.079245,0.362835,31.915183,0.119788,35.386042
NSGA-III,3,16,0.079794,0.361220,32.482581,0.118043,35.491875
NSGA-III,3,17,0.081092,0.359950,33.071399,0.116489,35.339697
NSGA-III,3,18,0.084558,0.359873,33.681914,0.115478,34.582574
NSGA-III,3,19,0.085412,0.358116,34.314353,0.113815,35.038388
NSGA-III,3,20,0.086144,0.356498,34.968890,0.112258,35.085158
NSGA-III,3,21,0.088966,0.355348,35.645640,0.110945,34.951314
NSGA-III,3,22,0.092536,0.354849,36.344655,0.109953,34.640353
NSGA-III,3,23,0.094850,0.353461,37.065921,0.108641,35.258068
NSGA-III,3,24,0.095203,0.350756,37.809352,0.106831,35.030571
NSGA-III,3,25,0.095474,0.350346,38.574785,0.106030,35.293014
NSGA-III,3,26,0.097499,0.349012,39.361978,0.104897,35.179845
NSGA-III,3,27,0.101422,0.346538,40.170607,0.103343,35.619069
NSGA-III,3,28,0.106473,0.344325,41.000260,0.101951,34.621683
NSGA-III,3,29,0.109258,0.342286,41.850438,0.100688,34.785315
NSGA-III,3,30,0.108551,0.341896,42.720554,0.100168,35.183321
NSGA-III,3,31,0.119218,0.340305,43.609927,0.099204,35.468002
NSGA-III,3,32,0.122136,0.337796,44.517787,0.097916,35.686436
NSGA-III,3,33,0.124228,0.334596,45.443272,0.096399,34.869392
NSGA-III,3,34,0.125092,0.331507,46.385434,0.094987,35.366132
NSGA-III,3,35,0.129615,0.328689,47.343233,0.093747,34.810812
NSGA-III,3,36,0.134117,0.325931,48.315550,0.092593,35.086162
NSGA-III,3,37,0.135348,0.325066,49.301184,0.092289,35.057356
NSGA-III,3,38,0.141439,0.321336,50.298861,0.090852,34.948673
NSGA-III,3,39,0.145667,0.318737,51.307235,0.089949,34.986713
NSGA-III,3,40,0.151566,0.315152,52.324900,0.088696,34.560217
NSGA-III,3,41,0.157887,0.311418,53.350396,0.087444,35.474587
NSGA-III,3,42,0.162753,0.308405,54.382214,0.086554,34.792419
NSGA-III,3,43,0.169513,0.305218,55.418807,0.085654,34.865304
NSGA-III,3,44,0.174929,0.301509,56.458601,0.084597,35.328557
NSGA-III,3,45,0.182843,0.299047,57.500000,0.084122,34.955008
NSGA-III,3,46,0.189044,0.295305,58.541399,0.083173,35.166528
NSGA-III,3,47,0.191284,0.291677,59.581193,0.082332,34.736063
NSGA-III,3,48,0.198701,0.287413,60.617786,0.081285,35.262294
NSGA-III,3,49,0.204415,0.284217,61.649604,0.080740,34.852497
NSGA-III,3,50,0.214621,0.278374,62.675100,0.079149,35.044288
NSGA-III,3,51,0.219991,0.275486,63.692765,0.078844,35.004380
NSGA-III,3,52,0.227542,0.271348,64.701139,0.078070,34.773043
NSGA-III,3,53,0.242145,0.267870,65.698816,0.077623,34.999880
NSGA-III,3,54,0.244831,0.261947,66.684450,0.076206,34.761802
NSGA-III,3,55,0.257741,0.258097,67.656767,0.075699,34.923662
NSGA-III,3,56,0.261241,0.253354,68.614566,0.074864,34.889407
NSGA-III,3,57,0.273037,0.247251,69.556728,0.073503,34.597942
NSGA-III,3,58,0.283135,0.242984,70.482213,0.072946,35.403480
NSGA-III,3,59,0.291140,0.237888,71.390073,0.072078,34.617668
NSGA-III,3,60,0.301397,0.232731,72.279446,0.071216,34.647649
NSGA-III,3,61,0.309510,0.228952,73.149562,0.070958,35.325471
NSGA-III,3,62,0.321707,0.222982,73.999740,0.069812,34.553729
NSGA-III,3,63,0.331870,0.217999,74.829393,0.069099,35.542887
NSGA-III,3,64,0.343070,0.213299,75.638022,0.068522,35.234638
NSGA-III,3,65,0.351140,0.209291,76.425215,0.068248,35.044943
NSGA-III,3,66,0.363476,0.203466,77.190648,0.067227,34.945978
NSGA-III,3,67,0.372295,0.199850,77.934079,0.067135,34.984992
NSGA-III,3,68,0.383933,0.194644,78.655345,0.066383,34.645285
NSGA-III,3,69,0.397788,0.188205,79.354360,0.065117,35.510911
NSGA-III,3,70,0.410098,0.183766,80.031110,0.064681,34.896291
NSGA-III,3,71,0.420831,0.178431,80.685647,0.063866,34.557085
NSGA-III,3,72,0.432337,0.173669,81.318086,0.063279,35.535094
NSGA-III,3,73,0.446527,0.170330,81.928601,0.063271,35.250124
NSGA-III,3,74,0.455375,0.164422,82.517419,0.062176,35.153930
NSGA-III,3,75,0.467470,0.159574,83.084817,0.061504,35.186014
NSGA-III,3,76,0.480874,0.156005,83.631114,0.061343,35.646696
NSGA-III,3,77,0.490400,0.150853,84.156669,0.060499,35.196305
NSGA-III,3,78,0.500815,0.147221,84.661876,0.060260,35.119902
NSGA-III,3,79,0.514500,0.142067,85.147159,0.059359,35.094154
NSGA-III,3,80,0.525952,0.137823,85.612970,0.058806,35.371080
NSGA-III,3,81,0.537385,0.133720,86.059781,0.058279,35.239199
NSGA-III,3,82,0.549600,0.130250,86.488083,0.057983,34.987257
NSGA-III,3,83,0.558747,0.126273,86.898383,0.057440,35.076729
NSGA-III,3,84,0.570900,0.121979,87.291198,0.056729,36.152619
NSGA-III,3,85,0.582912,0.118955,87.667055,0.056510,34.598370
NSGA-III,3,86,0.594226,0.115721,88.026485,0.056166,35.217535
NSGA-III,3,87,0.603854,0.111694,88.370024,0.055453,35.336994
NSGA-III,3,88,0.613570,0.107945,88.698207,0.054817,34.599241
NSGA-III,3,89,0.621660,0.105798,89.011568,0.054811,34.709222
NSGA-III,3,90,0.633603,0.101509,89.310636,0.053873,35.033229
NSGA-III,3,91,0.645407,0.099724,89.595939,0.053939,34.881383
NSGA-III,3,92,0.653882,0.096188,89.867994,0.053238,35.169503
NSGA-III,3,93,0.661657,0.093081,90.127312,0.052678,35.232733
NSGA-III,3,94,0.669840,0.090910,90.374395,0.052470,35.077551
NSGA-III,3,95,0.680068,0.087534,90.609732,0.051723,35.439982
NSGA-III,3,96,0.690474,0.086158,90.833805,0.051773,34.849884
NSGA-III,3,97,0.695069,0.083721,91.047083,0.051347,35.011089
NSGA-III,3,98,0.704564,0.080572,91.250019,0.050588,35.148086
NSGA-III,3,99,0.714003,0.078919,91.443060,0.050419,34.874502
NSGA-III,3,100,0.718226,0.077302,91.626633,0.050233,34.673443
NSGA-III,3,101,0.728528,0.074626,91.801156,0.049574,35.294701
NSGA-III,3,102,0.735065,0.072405,91.967033,0.049073,34.903302
NSGA-III,3,103,0.744522,0.072170,92.124652,0.049371,35.048202
NSGA-III,3,104,0.747001,0.069155,92.274390,0.048481,35.164674
NSGA-III,3,105,0.752771,0.067811,92.416610,0.048260,34.749999
NSGA-III,3,106,0.760981,0.065681,92.551661,0.047685,34.913718
NSGA-III,3,107,0.766309,0.063861,92.679877,0.047213,34.679823
NSGA-III,3,108,0.770640,0.063049,92.801583,0.047137,35.676476
NSGA-III,3,109,0.776827,0.061191,92.917087,0.046603,34.819154
NSGA-III,3,110,0.784081,0.060707,93.026687,0.046618,35.126637
NSGA-III,3,111,0.784971,0.059818,93.130668,0.046443,35.631563
NSGA-III,3,112,0.795093,0.059073,93.229303,0.046308,35.014267
NSGA-III,3,113,0.798065,0.057009,93.322852,0.045604,34.846407
NSGA-III,3,114,0.802649,0.056086,93.411567,0.045357,35.026673
NSGA-III,3,115,0.802184,0.055760,93.495685,0.045341,34.728425
NSGA-III,3,116,0.807498,0.053988,93.575435,0.044707,34.923732
NSGA-III,3,117,0.813162,0.052355,93.651034,0.044115,35.196945
NSGA-III,3,118,0.816276,0.051382,93.722692,0.043782,34.661474
NSGA-III,3,119,0.820210,0.050652,93.790605,0.043537,35.496055
NSGA-III,3,120,0.825759,0.051225,93.854963,0.043822,34.581072
NSGA-III,3,121,0.826760,0.049203,93.915947,0.043013,35.342820
NSGA-III,3,122,0.830388,0.048883,93.973729,0.042902,34.813294
NSGA-III,3,123,0.833447,0.048345,94.028470,0.042689,35.365591
NSGA-III,3,124,0.833756,0.047609,94.080329,0.042383,35.294149
NSGA-III,3,125,0.836755,0.046761,94.129451,0.042021,35.178672
NSGA-III,3,126,0.841041,0.046460,94.175979,0.041877,34.711699
NSGA-III,3,127,0.842834,0.045599,94.220047,0.041492,35.132046
NSGA-III,3,128,0.845216,0.045189,94.261781,0.041287,34.572819
NSGA-III,3,129,0.847868,0.045034,94.301303,0.041181,34.898939
NSGA-III,3,130,0.851498,0.045554,94.338728,0.041349,35.041740
NSGA-III,3,131,0.849134,0.044185,94.374165,0.040724,35.219625
NSGA-III,3,132,0.850816,0.043856,94.407719,0.040526,34.775965
NSGA-III,3,133,0.854132,0.042653,94.439487,0.039958,35.324666
NSGA-III,3,134,0.854748,0.042759,94.469563,0.039931,34.982657
NSGA-III,3,135,0.857802,0.042238,94.498036,0.039638,34.534383
NSGA-III,3,136,0.855885,0.043220,94.524991,0.039966,35.102741
NSGA-III,3,137,0.860145,0.041293,94.550507,0.039080,35.448796
NSGA-III,3,138,0.861249,0.041034,94.574660,0.038884,35.196853
NSGA-III,3,139,0.861138,0.041578,94.597522,0.039019,34.641542
NSGA-III,3,140,0.865419,0.041372,94.619162,0.038839,34.633910
NSGA-III,3,141,0.866710,0.041224,94.639644,0.038681,35.413001
NSGA-III,3,142,0.864390,0.040922,94.659029,0.038456,35.009581
NSGA-III,3,143,0.866469,0.040063,94.677376,0.037997,34.914227
NSGA-III,3,144,0.867313,0.039926,94.694740,0.037836,35.232135
NSGA-III,3,145,0.869804,0.039854,94.711173,0.037701,34.769476
NSGA-III,3,146,0.872674,0.040874,94.726724,0.038019,35.407119
NSGA-III,3,147,0.872179,0.039912,94.741441,0.037511,34.918008
NSGA-III,3,148,0.871315,0.038823,94.755368,0.036948,34.940241
NSGA-III,3,149,0.870363,0.039678,94.768547,0.037194,35.525666
NSGA-III,3,150,0.871879,0.039037,94.781019,0.036816,35.063510
NSGA-III,3,151,0.874819,0.039174,94.792820,0.036762,34.638194
NSGA-III,3,152,0.873645,0.038475,94.803987,0.036359,35.603497
NSGA-III,3,153,0.875573,0.038643,94.814553,0.036317,35.186109
NSGA-III,3,154,0.875218,0.037978,94.824551,0.035927,34.749350
NSGA-III,3,155,0.876938,0.038583,94.834012,0.036066,34.979418
NSGA-III,3,156,0.876093,0.037855,94.842963,0.035650,35.437607
NSGA-III,3,157,0.877058,0.037868,94.851433,0.035543,35.067265
NSGA-III,3,158,0.879072,0.038715,94.859446,0.035783,34.867884
NSGA-III,3,159,0.877800,0.037609,94.867028,0.035210,34.876587
NSGA-III,3,160,0.876063,0.038558,94.874202,0.035494,35.384022
NSGA-III,3,161,0.877767,0.037684,94.880990,0.035018,35.027325
NSGA-III,3,162,0.878530,0.037368,94.887411,0.034775,35.083333
NSGA-III,3,163,0.879485,0.037427,94.893487,0.034689,35.080579
NSGA-III,3,164,0.880124,0.037551,94.899235,0.034631,35.480934
NSGA-III,3,165,0.879542,0.037142,94.904674,0.034352,35.283258
NSGA-III,3,166,0.878379,0.037953,94.909819,0.034581,35.059683
NSGA-III,3,167,0.878924,0.037734,94.914687,0.034382,35.694810
NSGA-III,3,168,0.883050,0.038404,94.919292,0.034554,34.394613
NSGA-III,3,169,0.882586,0.037930,94.923649,0.034251,34.979289
NSGA-III,3,170,0.880589,0.037026,94.927771,0.033769,34.848206
NSGA-III,3,171,0.880616,0.037096,94.931671,0.033694,34.972507
NSGA-III,3,172,0.880977,0.036962,94.935361,0.033535,34.991263
NSGA-III,3,173,0.882338,0.037099,94.938851,0.033489,35.231547
NSGA-III,3,174,0.882187,0.036861,94.942153,0.033289,35.196420
NSGA-III,3,175,0.881510,0.036863,94.945277,0.033189,34.734025
NSGA-III,3,176,0.883975,0.037662,94.948232,0.033423,34.871262
NSGA-III,3,177,0.883110,0.037018,94.951028,0.033056,35.406464
NSGA-III,3,178,0.883146,0.036921,94.953672,0.032918,35.036719
NSGA-III,3,179,0.880728,0.037575,94.956175,0.033094,35.065381
NSGA-III,3,180,0.883051,0.036648,94.958542,0.032613,34.800597
NSGA-III,3,181,0.882508,0.036611,94.960781,0.032503,35.093004
NSGA-III,3,182,0.882882,0.036434,94.962899,0.032337,34.608597
NSGA-III,3,183,0.882268,0.036847,94.964903,0.032417,35.540543
NSGA-III,3,184,0.881593,0.037295,94.966799,0.032512,35.267522
NSGA-III,3,185,0.884443,0.037036,94.968592,0.032315,34.667474
NSGA-III,3,186,0.882390,0.036895,94.970289,0.032168,34.912636
NSGA-III,3,187,0.882542,0.036839,94.971894,0.032057,35.423670
NSGA-III,3,188,0.883678,0.036364,94.973412,0.031772,35.120194
NSGA-III,3,189,0.883907,0.036437,94.974849,0.031718,35.203067
NSGA-III,3,190,0.882712,0.036834,94.976207,0.031799,35.027784
NSGA-III,3,191,0.883147,0.036602,94.977493,0.031619,34.863972
NSGA-III,3,192,0.884101,0.036384,94.978709,0.031446,35.255216
NSGA-III,3,193,0.885258,0.037027,94.979859,0.031633,35.449295
NSGA-III,3,194,0.884113,0.036292,94.980947,0.031247,34.867073
NSGA-III,3,195,0.883891,0.036257,94.981977,0.031154,34.597927
NSGA-III,3,196,0.884403,0.036378,94.982950,0.031127,34.890988
NSGA-III,3,197,0.884092,0.036179,94.983872,0.030967,34.561295
NSGA-III,3,198,0.884463,0.036335,94.984743,0.030957,35.471636
NSGA-III,3,199,0.884208,0.036148,94.985567,0.030804,35.231874
NSGA-III,3,200,0.883191,0.036776,94.986347,0.030992,35.399944
NSGA-III,3,201,0.883868,0.036386,94.987085,0.030758,35.231539
NSGA-III,3,202,0.884700,0.036344,94.987783,0.030669,35.300794
NSGA-III,3,203,0.884418,0.036146,94.988443,0.030516,34.817666
NSGA-III,3,204,0.884075,0.036306,94.989067,0.030514,35.262942
NSGA-III,3,205,0.885951,0.037013,94.989658,0.030740,34.879462
NSGA-III,3,206,0.883977,0.036391,94.990217,0.030413,34.624604
NSGA-III,3,207,0.884958,0.036370,94.990745,0.030338,34.380816
NSGA-III,3,208,0.884386,0.036169,94.991245,0.030189,34.750918
NSGA-III,3,209,0.883828,0.036515,94.991719,0.030269,35.481159
NSGA-III,3,210,0.884899,0.036273,94.992166,0.030104,34.361623
NSGA-III,3,211,0.885703,0.036737,94.992589,0.030235,34.996085
NSGA-III,3,212,0.884890,0.036232,94.992990,0.029963,35.046080
NSGA-III,3,213,0.885871,0.036804,94.993369,0.030141,35.463569
NSGA-III,3,214,0.885290,0.036440,94.993727,0.029929,34.850861
NSGA-III,3,215,0.884059,0.036430,94.994066,0.029866,35.050898
NSGA-III,3,216,0.886302,0.037019,94.994387,0.030054,34.662767
NSGA-III,3,217,0.885623,0.036598,94.994690,0.029821,34.280756
NSGA-III,3,218,0.884123,0.036412,94.994977,0.029687,34.996685
NSGA-III,3,219,0.884483,0.036202,94.995248,0.029544,34.791620
NSGA-III,3,220,0.885146,0.036277,94.995505,0.029521,35.015495
NSGA-III,3,221,0.884709,0.036078,94.995748,0.029384,34.636684
NSGA-III,3,222,0.884863,0.036087,94.995978,0.029335,34.500421
NSGA-III,3,223,0.884611,0.036147,94.996195,0.029308,34.854379
NSGA-III,3,224,0.884937,0.036113,94.996401,0.029243,35.616927
NSGA-III,3,225,0.884222,0.036389,94.996595,0.029307,34.974676
NSGA-III,3,226,0.884649,0.036137,94.996779,0.029152,35.317576
NSGA-III,3,227,0.883576,0.036785,94.996953,0.029373,35.214735
NSGA-III,3,228,0.885249,0.036270,94.997118,0.029110,35.456239
NSGA-III,3,229,0.886210,0.036840,94.997274,0.029300,35.096781
NSGA-III,3,230,0.885066,0.036147,94.997421,0.028965,35.008426
NSGA-III,3,231,0.884316,0.036355,94.997560,0.029005,34.963319
NSGA-III,3,232,0.885475,0.036381,94.997692,0.028971,35.175222
NSGA-III,3,233,0.884684,0.036140,94.997817,0.028826,34.572844
NSGA-III,3,234,0.884630,0.036175,94.997935,0.028796,35.335399
NSGA-III,3,235,0.884624,0.036181,94.998046,0.028756,34.997697
NSGA-III,3,236,0.884839,0.036054,94.998152,0.028660,34.613507
NSGA-III,3,237,0.885556,0.036406,94.998252,0.028765,35.285194
NSGA-III,3,238,0.884642,0.036177,94.998346,0.028628,34.663837
NSGA-III,3,239,0.884584,0.036214,94.998436,0.028603,34.486421
NSGA-III,3,240,0.884922,0.036014,94.998520,0.028480,35.158425
NSGA-III,3,241,0.884871,0.036045,94.998600,0.028454,35.171977
NSGA-III,3,242,0.885752,0.036506,94.998676,0.028607,35.114675
NSGA-III,3,243,0.885882,0.036581,94.998747,0.028600,35.184887
NSGA-III,3,244,0.885322,0.036242,94.998815,0.028421,35.391595
NSGA-III,3,245,0.885198,0.036165,94.998879,0.028352,35.302606
NSGA-III,3,246,0.885065,0.036083,94.998940,0.028282,35.146016
NSGA-III,3,247,0.884746,0.036130,94.998997,0.028265,35.215038
NSGA-III,3,248,0.884538,0.036255,94.999051,0.028282,34.540285
NSGA-III,3,249,0.885304,0.036219,94.999102,0.028233,34.974522
NSGA-III,3,250,0.884582,0.036231,94.999151,0.028204,35.053190
NSGA-III,3,251,0.885086,0.036085,94.999197,0.028109,35.258656
NSGA-III,3,252,0.884208,0.036458,94.999240,0.028231,34.532759
NSGA-III,3,253,0.884405,0.036341,94.999281,0.028150,34.874452
NSGA-III,3,254,0.885696,0.036445,94.999320,0.028162,35.481712
NSGA-III,3,255,0.885500,0.036326,94.999357,0.028080,34.741351
NSGA-III,3,256,0.884756,0.036132,94.999392,0.027969,35.259784
NSGA-III,3,257,0.885232,0.036162,94.999425,0.027951,35.025079
NSGA-III,3,258,0.884872,0.036065,94.999456,0.027880,34.707350
NSGA-III,3,259,0.884214,0.036460,94.999485,0.028015,35.100567
NSGA-III,3,260,0.885842,0.036525,94.999513,0.028013,34.910013
NSGA-III,3,261,0.885023,0.036032,94.999539,0.027779,34.979178
NSGA-III,3,262,0.885845,0.036525,94.999564,0.027956,34.741128
NSGA-III,3,263,0.884835,0.036089,94.999588,0.027747,35.073155
NSGA-III,3,264,0.884796,0.036113,94.999610,0.027730,34.710732
NSGA-III,3,265,0.886111,0.036682,94.999631,0.027940,35.099711
NSGA-III,3,266,0.885521,0.036327,94.999651,0.027765,35.336173
NSGA-III,3,267,0.884421,0.036340,94.999670,0.027745,35.340933
NSGA-III,3,268,0.885221,0.036145,94.999688,0.027638,34.810730
NSGA-III,3,269,0.885261,0.036168,94.999705,0.027622,35.285356
NSGA-III,3,270,0.885011,0.036018,94.999721,0.027535,34.970280
NSGA-III,3,271,0.884638,0.036211,94.999736,0.027591,35.266126
NSGA-III,3,272,0.885739,0.036453,94.999750,0.027668,35.167047
NSGA-III,3,273,0.885400,0.036250,94.999763,0.027559,34.672406
NSGA-III,3,274,0.885265,0.036168,94.999776,0.027502,34.737221
NSGA-III,3,275,0.884405,0.036352,94.999788,0.027556,34.994663
NSGA-III,3,276,0.884512,0.036288,94.999800,0.027507,34.958352
NSGA-III,3,277,0.885619,0.036379,94.999811,0.027523,35.626359
NSGA-III,3,278,0.885642,0.036393,94.999821,0.027506,34.776563
NSGA-III,3,279,0.885372,0.036230,94.999830,0.027417,34.812704
NSGA-III,3,280,0.884713,0.036168,94.999840,0.027370,34.738276
NSGA-III,3,281,0.884668,0.036196,94.999848,0.027361,35.248179
NSGA-III,3,282,0.884919,0.036045,94.999857,0.027278,34.806216
NSGA-III,3,283,0.884815,0.036108,94.999864,0.027284,35.038253
NSGA-III,3,284,0.885350,0.036215,94.999872,0.027309,35.435538
NSGA-III,3,285,0.884670,0.036195,94.999879,0.027281,35.282905
NSGA-III,3,286,0.885642,0.036390,94.999885,0.027343,34.249103
NSGA-III,3,287,0.885602,0.036365,94.999891,0.027314,34.796630
NSGA-III,3,288,0.885004,0.036006,94.999897,0.027146,34.897899
NSGA-III,3,289,0.885175,0.036109,94.999903,0.027170,35.030140
NSGA-III,3,290,0.885233,0.036144,94.999908,0.027167,34.816287
NSGA-III,3,291,0.884892,0.036063,94.999913,0.027115,34.494693
NSGA-III,3,292,0.885146,0.036091,94.999918,0.027109,35.139123
NSGA-III,3,293,0.884964,0.036020,94.999922,0.027063,34.979474
NSGA-III,3,294,0.885530,0.036321,94.999926,0.027171,35.425466
NSGA-III,3,295,0.885439,0.036266,94.999930,0.027132,34.756218
NSGA-III,3,296,0.885519,0.036314,94.999934,0.027136,34.524758
NSGA-III,3,297,0.885937,0.036564,94.999938,0.027224,34.936070
NSGA-III,3,298,0.886026,0.036618,94.999941,0.027230,34.854508
NSGA-III,3,299,0.884646,0.036211,94.999944,0.027045,34.539190
NSGA-III,3,300,0.885027,0.036018,94.999947,0.026950,34.398693
MOEA-D,3,0,0.071415,0.367212,25.689364,0.145228,34.877020
MOEA-D,3,1,0.073689,0.366198,25.988432,0.143315,35.002423
MOEA-D,3,2,0.075043,0.365668,26.301793,0.141644,35.030863
MOEA-D,3,3,0.076829,0.365336,26.629976,0.140096,35.461258
MOEA-D,3,4,0.079493,0.365467,26.973515,0.138782,34.719624
MOEA-D,3,5,0.079363,0.363854,27.332945,0.136782,34.653661
MOEA-D,3,6,0.083545,0.364759,27.708802,0.135872,34.738603
MOEA-D,3,7,0.076936,0.363827,28.101617,0.134237,35.146745
MOEA-D,3,8,0.082835,0.360903,28.511917,0.131815,35.132506
MOEA-D,3,9,0.079258,0.362410,28.940219,0.131280,35.537703
MOEA-D,3,10,0.080031,0.361934,29.387030,0.129960,35.578844
MOEA-D,3,11,0.088653,0.358653,29.852841,0.127514,35.438821
MOEA-D,3,12,0.087540,0.357405,30.338124,0.125957,35.119642
MOEA-D,3,13,0.091781,0.356268,30.843331,0.124489,35.267796
MOEA-D,3,14,0.091300,0.355126,31.368886,0.123061,35.219409
MOEA-D,3,15,0.094641,0.353342,31.915183,0.121410,35.374109
MOEA-D,3,16,0.099556,0.353819,32.482581,0.120744,35.347247
MOEA-D,3,17,0.100532,0.351827,33.071399,0.119093,34.941245
MOEA-D,3,18,0.100223,0.349737,33.681914,0.117445,34.572475
MOEA-D,3,19,0.101710,0.348839,34.314353,0.116339,35.062747
MOEA-D,3,20,0.104594,0.347105,34.968890,0.114929,34.200760
MOEA-D,3,21,0.107539,0.345338,35.645640,0.113551,35.588233
MOEA-D,3,22,0.110210,0.343738,36.344655,0.112287,34.986958
MOEA-D,3,23,0.114758,0.342478,37.065921,0.111212,34.934655
MOEA-D,3,24,0.114694,0.341063,37.809352,0.110119,35.037750
MOEA-D,3,25,0.117509,0.339389,38.574785,0.108964,34.551333
MOEA-D,3,26,0.124433,0.337612,39.361978,0.107813,34.850041
MOEA-D,3,27,0.128724,0.336348,40.170607,0.106924,35.149135
MOEA-D,3,28,0.125658,0.334578,41.000260,0.105871,34.179255
MOEA-D,3,29,0.134322,0.331586,41.850438,0.104357,35.029218
MOEA-D,3,30,0.135570,0.328719,42.720554,0.102943,35.810299
MOEA-D,3,31,0.141713,0.327284,43.609927,0.102175,34.905184
MOEA-D,3,32,0.142037,0.324965,44.517787,0.101087,35.207550
MOEA-D,3,33,0.142604,0.324704,45.443272,0.100906,34.806664
MOEA-D,3,34,0.151975,0.319175,46.385434,0.098578,34.520937
MOEA-D,3,35,0.157100,0.317086,47.343233,0.097733,34.606756
MOEA-D,3,36,0.160138,0.314506,48.315550,0.096733,35.613962
MOEA-D,3,37,0.166594,0.312042,49.301184,0.095829,34.991273
MOEA-D,3,38,0.169121,0.309414,50.298861,0.094906,34.640370
MOEA-D,3,39,0.174517,0.306354,51.307235,0.093852,35.113975
MOEA-D,3,40,0.182463,0.304118,52.324900,0.093189,34.780529
MOEA-D,3,41,0.185960,0.300040,53.350396,0.091807,34.782545
MOEA-D,3,42,0.190488,0.297443,54.382214,0.091090,35.007678
MOEA-D,3,43,0.195490,0.294718,55.418807,0.090366,35.332305
MOEA-D,3,44,0.204682,0.291641,56.458601,0.089543,35.360212
MOEA-D,3,45,0.213184,0.289832,57.500000,0.089293,34.995338
MOEA-D,3,46,0.215926,0.284384,58.541399,0.087572,35.054673
MOEA-D,3,47,0.220107,0.281362,59.581193,0.086906,34.542725
MOEA-D,3,48,0.230606,0.278463,60.617786,0.086335,34.630992
MOEA-D,3,49,0.239026,0.275883,61.649604,0.085938,35.200105
MOEA-D,3,50,0.239972,0.270890,62.675100,0.084576,34.762376
MOEA-D,3,51,0.249474,0.266365,63.692765,0.083449,35.691172
MOEA-D,3,52,0.259224,0.264069,64.701139,0.083289,34.551559
MOEA-D,3,53,0.265576,0.259570,65.698816,0.082247,35.211840
MOEA-D,3,54,0.271141,0.254741,66.684450,0.081103,35.175738
MOEA-D,3,55,0.281617,0.252102,67.656767,0.080904,34.975532
MOEA-D,3,56,0.288384,0.247391,68.614566,0.079874,34.876866
MOEA-D,3,57,0.294772,0.243014,69.556728,0.079011,35.126153
MOEA-D,3,58,0.302030,0.239588,70.482213,0.078573,35.257956
MOEA-D,3,59,0.311335,0.234992,71.390073,0.077673,34.971164
MOEA-D,3,60,0.322527,0.231455,72.279446,0.077238,35.020261
MOEA-D,3,61,0.328320,0.226955,73.149562,0.076422,34.543661
MOEA-D,3,62,0.339247,0.222581,73.999740,0.075678,34.484560
MOEA-D,3,63,0.344253,0.219793,74.829393,0.075612,34.635453
MOEA-D,3,64,0.362103,0.217019,75.638022,0.075566,35.091205
MOEA-D,3,65,0.366939,0.210169,76.425215,0.073834,35.157945
MOEA-D,3,66,0.373768,0.206152,77.190648,0.073292,35.175367
MOEA-D,3,67,0.385182,0.201435,77.934079,0.072467,34.697185
MOEA-D,3,68,0.391764,0.198376,78.655345,0.072338,35.534030
MOEA-D,3,69,0.403988,0.192873,79.354360,0.071194,35.261352
MOEA-D,3,70,0.413558,0.188659,80.031110,0.070588,34.646743
MOEA-D,3,71,0.422613,0.184850,80.685647,0.070150,35.206683
MOEA-D,3,72,0.431508,0.181290,81.318086,0.069812,35.042310
MOEA-D,3,73,0.442765,0.176366,81.928601,0.068900,35.278360
MOEA-D,3,74,0.452803,0.172408,82.517419,0.068384,34.925350
MOEA-D,3,75,0.463163,0.168737,83.084817,0.067978,34.430386
MOEA-D,3,76,0.471648,0.164830,83.631114,0.067462,34.537724
MOEA-D,3,77,0.480938,0.161280,84.156669,0.067083,34.486134
MOEA-D,3,78,0.489315,0.158318,84.661876,0.066934,34.653792
MOEA-D,3,79,0.500508,0.153704,85.147159,0.066081,34.842347
MOEA-D,3,80,0.513068,0.150162,85.612970,0.065657,34.814200
MOEA-D,3,81,0.521804,0.145952,86.059781,0.064936,35.075081
MOEA-D,3,82,0.531896,0.142662,86.488083,0.064578,34.752021
MOEA-D,3,83,0.539467,0.139047,86.898383,0.064064,34.441569
MOEA-D,3,84,0.551062,0.135823,87.291198,0.063690,35.152019
MOEA-D,3,85,0.560750,0.132657,87.667055,0.063318,34.946935
MOEA-D,3,86,0.568059,0.128650,88.026485,0.062571,34.491543
MOEA-D,3,87,0.579568,0.126410,88.370024,0.062536,34.975961
MOEA-D,3,88,0.588039,0.122945,88.698207,0.061966,34.974853
MOEA-D,3,89,0.596690,0.119744,89.011568,0.061480,35.375109
MOEA-D,3,90,0.604949,0.116468,89.310636,0.060936,35.416455
MOEA-D,3,91,0.612292,0.113494,89.595939,0.060492,35.227818
MOEA-D,3,92,0.621426,0.110389,89.867994,0.059967,35.154880
MOEA-D,3,93,0.629995,0.107804,90.127312,0.059632,34.748899
MOEA-D,3,94,0.638203,0.105178,90.374395,0.059253,35.320243
MOEA-D,3,95,0.643399,0.103786,90.609732,0.059362,35.369686
MOEA-D,3,96,0.651781,0.100948,90.833805,0.058842,34.790433
MOEA-D,3,97,0.662299,0.098054,91.047083,0.058271,35.262431
MOEA-D,3,98,0.670146,0.095930,91.250019,0.057996,34.179049
MOEA-D,3,99,0.676595,0.093149,91.443060,0.057421,35.068505
MOEA-D,3,100,0.683537,0.090847,91.626633,0.057019,35.371845
MOEA-D,3,101,0.692136,0.089720,91.801156,0.057083,34.607741
MOEA-D,3,102,0.696776,0.086499,91.967033,0.056249,34.780087
MOEA-D,3,103,0.703834,0.084710,92.124652,0.055987,34.785351
MOEA-D,3,104,0.712361,0.084080,92.274390,0.056185,34.114583
MOEA-D,3,105,0.715273,0.081200,92.416610,0.055421,34.476707
MOEA-D,3,106,0.724092,0.080156,92.551661,0.055401,35.005689
MOEA-D,3,107,0.727820,0.077336,92.679877,0.054617,35.213956
MOEA-D,3,108,0.735028,0.076446,92.801583,0.054617,35.123824
MOEA-D,3,109,0.737688,0.074909,92.917087,0.054326,35.491133
MOEA-D,3,110,0.744663,0.072625,93.026687,0.053704,34.618104
MOEA-D,3,111,0.752195,0.072588,93.130668,0.053998,35.196613
MOEA-D,3,112,0.752579,0.070888,93.229303,0.053580,35.388766
MOEA-D,3,113,0.760135,0.068710,93.322852,0.052945,34.839738
MOEA-D,3,114,0.767016,0.068747,93.411567,0.053214,35.156398
MOEA-D,3,115,0.768603,0.065792,93.495685,0.052220,34.794956
MOEA-D,3,116,0.772317,0.064981,93.575435,0.052103,35.298791
MOEA-D,3,117,0.779215,0.064667,93.651034,0.052177,34.829360
MOEA-D,3,118,0.781123,0.062405,93.722692,0.051423,34.615032
MOEA-D,3,119,0.786780,0.062299,93.790605,0.051554,35.057878
MOEA-D,3,120,0.787923,0.060862,93.854963,0.051116,34.991439
MOEA-D,3,121,0.793934,0.060202,93.915947,0.050987,34.544106
MOEA-D,3,122,0.797063,0.059070,93.973729,0.050650,35.283313
MOEA-D,3,123,0.799997,0.057939,94.028470,0.050300,35.275073
MOEA-D,3,124,0.800730,0.057765,94.080329,0.050337,35.232962
MOEA-D,3,125,0.806949,0.056669,94.129451,0.049979,34.660561
MOEA-D,3,126,0.809680,0.055750,94.175979,0.049684,34.602723
MOEA-D,3,127,0.810475,0.054956,94.220047,0.049430,34.716664
MOEA-D,3,128,0.815036,0.054156,94.261781,0.049164,35.248899
MOEA-D,3,129,0.814104,0.054625,94.301303,0.049418,35.106448
MOEA-D,3,130,0.819544,0.052440,94.338728,0.048557,35.104769
MOEA-D,3,131,0.821796,0.051720,94.374165,0.048298,35.353484
MOEA-D,3,132,0.824528,0.051371,94.407719,0.048185,35.064634
MOEA-D,3,133,0.826704,0.050774,94.439487,0.047962,34.915195
MOEA-D,3,134,0.825648,0.051739,94.469563,0.048382,34.736794
MOEA-D,3,135,0.831162,0.049881,94.498036,0.047619,35.026095
MOEA-D,3,136,0.833155,0.049406,94.524991,0.047426,35.036303
MOEA-D,3,137,0.833690,0.048983,94.550507,0.047249,35.412250
MOEA-D,3,138,0.838003,0.049187,94.574660,0.047327,35.115400
MOEA-D,3,139,0.837679,0.047836,94.597522,0.046752,35.060242
MOEA-D,3,140,0.839955,0.047495,94.619162,0.046592,34.679515
MOEA-D,3,141,0.842138,0.047466,94.639644,0.046558,35.251224
MOEA-D,3,142,0.845479,0.048190,94.659029,0.046833,34.634889
MOEA-D,3,143,0.844449,0.046349,94.677376,0.046035,34.969857
MOEA-D,3,144,0.846355,0.046322,94.694740,0.045989,35.160698
MOEA-D,3,145,0.848944,0.046757,94.711173,0.046132,34.665471
MOEA-D,3,146,0.847617,0.045501,94.726724,0.045567,35.237153
MOEA-D,3,147,0.848617,0.045337,94.741441,0.045453,35.023040
MOEA-D,3,148,0.850348,0.044716,94.755368,0.045147,34.723518
MOEA-D,3,149,0.849814,0.045437,94.768547,0.045396,35.027801
MOEA-D,3,150,0.850708,0.045283,94.781019,0.045279,34.829234
MOEA-D,3,151,0.853859,0.043967,94.792820,0.044674,35.340237
MOEA-D,3,152,0.855593,0.044195,94.803987,0.044711,35.128012
MOEA-D,3,153,0.855638,0.043447,94.814553,0.044339,35.011090
MOEA-D,3,154,0.855921,0.043532,94.824551,0.044313,35.327750
MOEA-D,3,155,0.857213,0.043064,94.834012,0.044054,35.628917
MOEA-D,3,156,0.858411,0.042987,94.842963,0.043957,35.232293
MOEA-D,3,157,0.860270,0.043458,94.851433,0.044087,34.865785
MOEA-D,3,158,0.861691,0.043696,94.859446,0.044118,34.877327
MOEA-D,3,159,0.860548,0.042423,94.867028,0.043519,34.753384
MOEA-D,3,160,0.861135,0.042215,94.874202,0.043362,35.024803
MOEA-D,3,161,0.861245,0.042231,94.880990,0.043297,35.135938
MOEA-D,3,162,0.861689,0.042190,94.887411,0.043209,35.066347
MOEA-D,3,163,0.860961,0.042842,94.893487,0.043408,35.237560
MOEA-D,3,164,0.862002,0.042423,94.899235,0.043160,34.973404
MOEA-D,3,165,0.862185,0.042511,94.904674,0.043123,34.994169
MOEA-D,3,166,0.864960,0.041647,94.909819,0.042689,35.014883
MOEA-D,3,167,0.864028,0.041773,94.914687,0.042667,35.089843
MOEA-D,3,168,0.865714,0.041312,94.919292,0.042400,34.606261
MOEA-D,3,169,0.865211,0.041400,94.923649,0.042362,35.303108
MOEA-D,3,170,0.866312,0.040953,94.927771,0.042101,35.527681
MOEA-D,3,171,0.865331,0.041634,94.931671,0.042310,34.145015
MOEA-D,3,172,0.866251,0.041226,94.935361,0.042064,34.716734
MOEA-D,3,173,0.866468,0.041232,94.938851,0.041992,34.963532
MOEA-D,3,174,0.865843,0.041738,94.942153,0.042128,35.410604
MOEA-D,3,175,0.867526,0.040853,94.945277,0.041684,35.176299
MOEA-D,3,176,0.867448,0.041019,94.948232,0.041679,34.885288
MOEA-D,3,177,0.869891,0.041063,94.951028,0.041623,35.181700
MOEA-D,3,178,0.871901,0.042029,94.953672,0.041951,34.647727
MOEA-D,3,179,0.870009,0.040666,94.956175,0.041310,35.012168
MOEA-D,3,180,0.870252,0.040594,94.958542,0.041206,34.794312
MOEA-D,3,181,0.869119,0.040538,94.960781,0.041110,34.852354
MOEA-D,3,182,0.870471,0.040319,94.962899,0.040946,34.715162
MOEA-D,3,183,0.871176,0.040554,94.964903,0.040972,34.837234
MOEA-D,3,184,0.871814,0.040756,94.966799,0.040984,34.978579
MOEA-D,3,185,0.870041,0.040323,94.968592,0.040733,35.170069
MOEA-D,3,186,0.869562,0.040686,94.970289,0.040813,34.927127
MOEA-D,3,187,0.870950,0.039925,94.971894,0.040426,35.152314
MOEA-D,3,188,0.870542,0.040238,94.973412,0.040487,35.007177
MOEA-D,3,189,0.872572,0.040429,94.974849,0.040498,34.738986
MOEA-D,3,190,0.872217,0.040081,94.976207,0.040284,35.225989
MOEA-D,3,191,0.871464,0.039873,94.977493,0.040130,35.007211
MOEA-D,3,192,0.872530,0.040017,94.978709,0.040123,35.022977
MOEA-D,3,193,0.873300,0.040362,94.979859,0.040200,34.832818
MOEA-D,3,194,0.872881,0.039999,94.980947,0.039983,35.400511
MOEA-D,3,195,0.873629,0.040341,94.981977,0.040061,34.859561
MOEA-D,3,196,0.871387,0.040179,94.982950,0.039928,35.142665
MOEA-D,3,197,0.873723,0.040200,94.983872,0.039873,34.831108
MOEA-D,3,198,0.872985,0.039664,94.984743,0.039587,35.696337
MOEA-D,3,199,0.872306,0.039757,94.985567,0.039563,34.660308
MOEA-D,3,200,0.872255,0.039827,94.986347,0.039530,35.010122
MOEA-D,3,201,0.873136,0.039504,94.987085,0.039335,34.619699
MOEA-D,3,202,0.873703,0.039768,94.987783,0.039384,35.005880
MOEA-D,3,203,0.871969,0.040106,94.988443,0.039466,34.484235
MOEA-D,3,204,0.874681,0.040213,94.989067,0.039451,35.310005
MOEA-D,3,205,0.872819,0.039660,94.989658,0.039162,35.583492
MOEA-D,3,206,0.873573,0.039419,94.990217,0.039004,34.926360
MOEA-D,3,207,0.873460,0.039333,94.990745,0.038912,35.273894
MOEA-D,3,208,0.873585,0.039310,94.991245,0.038846,35.126804
MOEA-D,3,209,0.873963,0.039482,94.991719,0.038862,34.658879
MOEA-D,3,210,0.874312,0.039640,94.992166,0.038873,34.762125
MOEA-D,3,211,0.873921,0.039356,94.992589,0.038701,35.018426
MOEA-D,3,212,0.873739,0.039290,94.992990,0.038620,34.909464
MOEA-D,3,213,0.874205,0.039434,94.993369,0.038627,35.222027
MOEA-D,3,214,0.873785,0.039304,94.993727,0.038521,34.848100
MOEA-D,3,215,0.874814,0.039716,94.994066,0.038641,34.845016
MOEA-D,3,216,0.872523,0.040099,94.994387,0.038750,35.375898
MOEA-D,3,217,0.873117,0.039760,94.994690,0.038559,34.779566
MOEA-D,3,218,0.874240,0.039260,94.994977,0.038301,35.550184
MOEA-D,3,219,0.873294,0.039687,94.995248,0.038430,34.639433
MOEA-D,3,220,0.875622,0.040024,94.995505,0.038523,35.070930
MOEA-D,3,221,0.874727,0.039456,94.995748,0.038239,34.908961
MOEA-D,3,222,0.874243,0.039162,94.995978,0.038070,35.183989
MOEA-D,3,223,0.875198,0.039682,94.996195,0.038240,35.010086
MOEA-D,3,224,0.874252,0.039183,94.996401,0.037987,34.418642
MOEA-D,3,225,0.873647,0.039558,94.996595,0.038098,34.998284
MOEA-D,3,226,0.873997,0.039360,94.996779,0.037972,35.247834
MOEA-D,3,227,0.872695,0.040152,94.996953,0.038258,34.489660
MOEA-D,3,228,0.874627,0.039219,94.997118,0.037827,35.204503
MOEA-D,3,229,0.874500,0.039122,94.997274,0.037744,35.069436
MOEA-D,3,230,0.874694,0.039219,94.997421,0.037743,35.216182
MOEA-D,3,231,0.875515,0.039692,94.997560,0.037899,35.456004
MOEA-D,3,232,0.873797,0.039539,94.997692,0.037795,35.141823
MOEA-D,3,233,0.875164,0.039446,94.997817,0.037716,34.533236
MOEA-D,3,234,0.874120,0.039362,94.997935,0.037641,35.123395
MOEA-D,3,235,0.875317,0.039506,94.998046,0.037663,34.931808
MOEA-D,3,236,0.874012,0.039441,94.998152,0.037598,35.510723
MOEA-D,3,237,0.875761,0.039744,94.998252,0.037686,35.449286
MOEA-D,3,238,0.874620,0.039090,94.998346,0.037377,34.872444
MOEA-D,3,239,0.874552,0.039137,94.998436,0.037360,34.673432
MOEA-D,3,240,0.875030,0.039266,94.998520,0.037378,34.386046
MOEA-D,3,241,0.874740,0.039081,94.998600,0.037265,35.023890
MOEA-D,3,242,0.875393,0.039462,94.998676,0.037389,35.308994
MOEA-D,3,243,0.875849,0.039725,94.998747,0.037464,34.974014
MOEA-D,3,244,0.874163,0.039398,94.998815,0.037294,34.926399
MOEA-D,3,245,0.876012,0.039802,94.998879,0.037429,35.236497
MOEA-D,3,246,0.875061,0.039223,94.998940,0.037154,35.185028
MOEA-D,3,247,0.875177,0.039284,94.998997,0.037147,35.267075
MOEA-D,3,248,0.874127,0.039437,94.999051,0.037180,35.445043
MOEA-D,3,249,0.875483,0.039451,94.999102,0.037154,35.580383
MOEA-D,3,250,0.873636,0.039740,94.999151,0.037243,35.497073
MOEA-D,3,251,0.874354,0.039313,94.999197,0.037035,34.840858
MOEA-D,3,252,0.874170,0.039426,94.999240,0.037052,35.013080
MOEA-D,3,253,0.874813,0.039044,94.999281,0.036864,35.424057
MOEA-D,3,254,0.874571,0.039192,94.999320,0.036896,34.902083
MOEA-D,3,255,0.875224,0.039255,94.999357,0.036894,35.198131
MOEA-D,3,256,0.874571,0.039198,94.999392,0.036842,35.003378
MOEA-D,3,257,0.875208,0.039234,94.999425,0.036829,35.198703
MOEA-D,3,258,0.874811,0.039060,94.999456,0.036729,35.221140
MOEA-D,3,259,0.875289,0.039273,94.999485,0.036791,34.752744
MOEA-D,3,260,0.875656,0.039489,94.999513,0.036854,35.176663
MOEA-D,3,261,0.874461,0.039277,94.999539,0.036740,34.489219
MOEA-D,3,262,0.873836,0.039654,94.999564,0.036871,34.719054
MOEA-D,3,263,0.874321,0.039365,94.999588,0.036726,34.542847
MOEA-D,3,264,0.874952,0.039049,94.999610,0.036569,35.006997
MOEA-D,3,265,0.874665,0.039162,94.999631,0.036592,35.195491
MOEA-D,3,266,0.875775,0.039536,94.999651,0.036723,35.202061
MOEA-D,3,267,0.874286,0.039393,94.999670,0.036640,34.859027
MOEA-D,3,268,0.874507,0.039262,94.999688,0.036562,35.153690
MOEA-D,3,269,0.874292,0.039392,94.999705,0.036593,35.064471
MOEA-D,3,270,0.874888,0.039037,94.999721,0.036422,35.205700
MOEA-D,3,271,0.875605,0.039419,94.999736,0.036559,34.764487
MOEA-D,3,272,0.874811,0.039086,94.999750,0.036398,35.215157
MOEA-D,3,273,0.875135,0.039132,94.999763,0.036396,34.892982
MOEA-D,3,274,0.875094,0.039105,94.999776,0.036363,34.725276
MOEA-D,3,275,0.874369,0.039354,94.999788,0.036447,35.128651
MOEA-D,3,276,0.874436,0.039315,94.999800,0.036410,35.295883
MOEA-D,3,277,0.875457,0.039316,94.999811,0.036390,34.780022
MOEA-D,3,278,0.874400,0.039339,94.999821,0.036379,34.350628
MOEA-D,3,279,0.873779,0.039712,94.999830,0.036515,35.331110
MOEA-D,3,280,0.875227,0.039173,94.999840,0.036271,34.870837
MOEA-D,3,281,0.875031,0.039053,94.999848,0.036202,34.579158
MOEA-D,3,282,0.874797,0.039104,94.999857,0.036204,34.341192
MOEA-D,3,283,0.875064,0.039070,94.999864,0.036172,34.273200
MOEA-D,3,284,0.875027,0.039046,94.999872,0.036144,35.393719
MOEA-D,3,285,0.874941,0.039021,94.999879,0.036115,34.952497
MOEA-D,3,286,0.874035,0.039565,94.999885,0.036324,35.194878
MOEA-D,3,287,0.874580,0.039238,94.999891,0.036171,34.778985
MOEA-D,3,288,0.874992,0.039020,94.999897,0.036063,34.801092
MOEA-D,3,289,0.874458,0.039313,94.999903,0.036168,34.619390
MOEA-D,3,290,0.876447,0.039891,94.999908,0.036392,35.032695
MOEA-D,3,291,0.875311,0.039208,94.999913,0.036091,34.992075
MOEA-D,3,292,0.875535,0.039341,94.999918,0.036131,34.930756
MOEA-D,3,293,0.874491,0.039295,94.999922,0.036096,34.363203
MOEA-D,3,294,0.875149,0.039108,94.999926,0.036003,35.173424
MOEA-D,3,295,0.875217,0.039148,94.999930,0.036004,34.302949
MOEA-D,3,296,0.875108,0.039081,94.999934,0.035961,35.030484
MOEA-D,3,297,0.875237,0.039158,94.999938,0.035978,35.442374
MOEA-D,3,298,0.875102,0.039077,94.999941,0.035930,34.945648
MOEA-D,3,299,0.874517,0.039282,94.999944,0.036001,34.673947
MOEA-D,3,300,0.875873,0.039538,94.999947,0.036094,35.230229
NSGA-II,3,0,0.082714,0.361389,25.992796,0.145080,34.782821
NSGA-II,3,1,0.084105,0.360585,26.307816,0.143216,35.208643
NSGA-II,3,2,0.081109,0.362414,26.637889,0.142492,34.998751
NSGA-II,3,3,0.088028,0.359199,26.983574,0.139709,34.910718
NSGA-II,3,4,0.085672,0.359745,27.345435,0.138535,34.951908
NSGA-II,3,5,0.093465,0.358798,27.724035,0.136782,34.848859
NSGA-II,3,6,0.088355,0.358210,28.119938,0.135220,34.685819
NSGA-II,3,7,0.091789,0.356190,28.533703,0.133104,34.602481
NSGA-II,3,8,0.093999,0.354906,28.965886,0.131338,35.219129
NSGA-II,3,9,0.100430,0.354773,29.417031,0.130093,35.165104
NSGA-II,3,10,0.100504,0.352570,29.887672,0.128028,35.324735
NSGA-II,3,11,0.100227,0.351312,30.378326,0.126400,35.095631
NSGA-II,3,12,0.099440,0.351838,30.889491,0.125558,34.569765
NSGA-II,3,13,0.106916,0.349162,31.421642,0.123423,35.050700
NSGA-II,3,14,0.108822,0.347707,31.975227,0.121841,35.144609
NSGA-II,3,15,0.110256,0.345876,32.550659,0.120144,34.916564
NSGA-II,3,16,0.112030,0.344533,33.148318,0.118695,35.630667
NSGA-II,3,17,0.114714,0.342995,33.768540,0.117207,35.017846
NSGA-II,3,18,0.122794,0.344734,34.411616,0.117126,34.562601
NSGA-II,3,19,0.121113,0.340632,35.077785,0.114656,34.919047
NSGA-II,3,20,0.123727,0.339000,35.767231,0.113259,35.155929
NSGA-II,3,21,0.126806,0.337538,36.480074,0.111975,35.215808
NSGA-II,3,22,0.130953,0.336605,37.216370,0.110955,34.861718
NSGA-II,3,23,0.130328,0.334181,37.976104,0.109357,34.726636
NSGA-II,3,24,0.138959,0.334220,38.759184,0.108830,35.125820
NSGA-II,3,25,0.144427,0.333729,39.565440,0.108125,35.084910
NSGA-II,3,26,0.144363,0.329797,40.394617,0.106030,35.336826
NSGA-II,3,27,0.148810,0.328448,41.246372,0.105054,34.982039
NSGA-II,3,28,0.150052,0.325049,42.120273,0.103269,34.962020
NSGA-II,3,29,0.152054,0.321981,43.015795,0.101665,34.763292
NSGA-II,3,30,0.152912,0.321643,43.932317,0.101241,34.949475
NSGA-II,3,31,0.160438,0.318073,44.869123,0.099515,35.264294
NSGA-II,3,32,0.161985,0.316591,45.825402,0.098702,35.244802
NSGA-II,3,33,0.166150,0.314309,46.800247,0.097599,34.394235
NSGA-II,3,34,0.170906,0.311688,47.792657,0.096397,35.087948
NSGA-II,3,35,0.175580,0.309133,48.801539,0.095266,34.814041
NSGA-II,3,36,0.177685,0.308136,49.825713,0.094826,35.395803
NSGA-II,3,37,0.183739,0.304788,50.863914,0.093449,35.740006
NSGA-II,3,38,0.191096,0.300915,51.914800,0.091895,35.050581
NSGA-II,3,39,0.198296,0.299598,52.976954,0.091448,34.838690
NSGA-II,3,40,0.199958,0.296033,54.048895,0.090104,35.379021
NSGA-II,3,41,0.205710,0.292951,55.129084,0.089003,34.919483
NSGA-II,3,42,0.211334,0.289971,56.215932,0.087983,34.579101
NSGA-II,3,43,0.216530,0.287272,57.307810,0.087120,35.048066
NSGA-II,3,44,0.222734,0.283995,58.403060,0.086055,35.439475
NSGA-II,3,45,0.230789,0.282324,59.500000,0.085696,35.522531
NSGA-II,3,46,0.235816,0.278727,60.596940,0.084572,34.888955
NSGA-II,3,47,0.240720,0.274922,61.692190,0.083398,34.685194
NSGA-II,3,48,0.246260,0.271952,62.784068,0.082607,35.021070
NSGA-II,3,49,0.252310,0.268919,63.870916,0.081824,34.741129
NSGA-II,3,50,0.257005,0.266733,64.951105,0.081427,34.694282
NSGA-II,3,51,0.268633,0.263377,66.023046,0.080574,35.054209
NSGA-II,3,52,0.270480,0.260015,67.085200,0.079750,35.332726
NSGA-II,3,53,0.277257,0.256688,68.136086,0.078970,34.895722
NSGA-II,3,54,0.286606,0.251855,69.174287,0.077592,35.014378
NSGA-II,3,55,0.291507,0.249731,70.198461,0.077369,34.630521
NSGA-II,3,56,0.301353,0.244958,71.207343,0.076068,35.204435
NSGA-II,3,57,0.309880,0.242147,72.199753,0.075610,35.087526
NSGA-II,3,58,0.313299,0.239346,73.174598,0.075178,35.095919
NSGA-II,3,59,0.324182,0.234597,74.130877,0.073956,35.049118
NSGA-II,3,60,0.331324,0.230690,75.067683,0.073106,34.963635
NSGA-II,3,61,0.337299,0.228014,75.984205,0.072786,35.625361
NSGA-II,3,62,0.346436,0.223639,76.879727,0.071776,35.130492
NSGA-II,3,63,0.355329,0.220082,77.753628,0.071122,35.016888
NSGA-II,3,64,0.364675,0.217230,78.605383,0.070775,35.111940
NSGA-II,3,65,0.371893,0.213051,79.434560,0.069888,35.166978
NSGA-II,3,66,0.376983,0.210175,80.240816,0.069554,34.908018
NSGA-II,3,67,0.389705,0.206598,81.023896,0.068937,34.849070
NSGA-II,3,68,0.395960,0.201735,81.783630,0.067792,34.616265
NSGA-II,3,69,0.403551,0.198327,82.519926,0.067258,34.545211
NSGA-II,3,70,0.414412,0.195520,83.232769,0.066980,34.912629
NSGA-II,3,71,0.418795,0.192112,83.922215,0.066453,34.830320
NSGA-II,3,72,0.427684,0.188301,84.588384,0.065760,35.144678
NSGA-II,3,73,0.436888,0.184338,85.231460,0.065004,35.079441
NSGA-II,3,74,0.448128,0.181173,85.851682,0.064578,35.316772
NSGA-II,3,75,0.452377,0.178270,86.449341,0.064258,35.072366
NSGA-II,3,76,0.462977,0.173571,87.024773,0.063186,34.689373
NSGA-II,3,77,0.471644,0.170062,87.578358,0.062603,35.600154
NSGA-II,3,78,0.479734,0.166929,88.110509,0.062170,35.197779
NSGA-II,3,79,0.492441,0.165150,88.621674,0.062294,34.327063
NSGA-II,3,80,0.496836,0.160185,89.112328,0.061081,34.911684
NSGA-II,3,81,0.509159,0.158511,89.582969,0.061228,35.187741
NSGA-II,3,82,0.514311,0.153374,90.034114,0.059922,34.748523
NSGA-II,3,83,0.524372,0.151262,90.466297,0.059863,35.046949
NSGA-II,3,84,0.531654,0.147569,90.880062,0.059132,35.096696
NSGA-II,3,85,0.540316,0.144794,91.275965,0.058770,35.282815
NSGA-II,3,86,0.547566,0.141270,91.654565,0.058081,35.617897
NSGA-II,3,87,0.554706,0.138365,92.016426,0.057635,34.869888
NSGA-II,3,88,0.563630,0.135467,92.362111,0.057176,34.794115
NSGA-II,3,89,0.570362,0.132749,92.692184,0.056774,35.328505
NSGA-II,3,90,0.579978,0.130277,93.007204,0.056459,34.782190
NSGA-II,3,91,0.589741,0.128812,93.307723,0.056545,34.696303
NSGA-II,3,92,0.594999,0.124767,93.594287,0.055539,35.341586
NSGA-II,3,93,0.602497,0.122190,93.867436,0.055126,35.105978
NSGA-II,3,94,0.608452,0.119328,94.127696,0.054576,34.460850
NSGA-II,3,95,0.616436,0.116789,94.375585,0.054142,34.685963
NSGA-II,3,96,0.625845,0.115751,94.611608,0.054314,34.744816
NSGA-II,3,97,0.631683,0.112705,94.836260,0.053631,34.851452
NSGA-II,3,98,0.637412,0.109729,95.050021,0.052958,34.934971
NSGA-II,3,99,0.644875,0.107932,95.253356,0.052757,35.000900
NSGA-II,3,100,0.649262,0.105837,95.446720,0.052413,34.571969
NSGA-II,3,101,0.655075,0.104121,95.630551,0.052209,35.007829
NSGA-II,3,102,0.663267,0.100976,95.805274,0.051390,35.179986
NSGA-II,3,103,0.668523,0.099531,95.971300,0.051261,35.429188
NSGA-II,3,104,0.675320,0.097155,96.129025,0.050726,35.073372
NSGA-II,3,105,0.678860,0.096709,96.278830,0.050976,34.696421
NSGA-II,3,106,0.685971,0.094094,96.421083,0.050305,34.818513
NSGA-II,3,107,0.690727,0.092864,96.556137,0.050194,34.843327
NSGA-II,3,108,0.698944,0.090168,96.684334,0.049454,35.219326
NSGA-II,3,109,0.703074,0.088618,96.805998,0.049175,35.076386
NSGA-II,3,110,0.708602,0.086838,96.921444,0.048783,35.185949
NSGA-II,3,111,0.716233,0.086286,97.030970,0.048886,34.566791
NSGA-II,3,112,0.718982,0.083592,97.134866,0.048081,35.137316
NSGA-II,3,113,0.725214,0.082832,97.233404,0.048066,34.463181
NSGA-II,3,114,0.727634,0.081258,97.326850,0.047697,34.557988
NSGA-II,3,115,0.731564,0.080281,97.415455,0.047561,34.786929
NSGA-II,3,116,0.738246,0.078346,97.499458,0.047012,34.728890
NSGA-II,3,117,0.741159,0.077190,97.579089,0.046773,34.862591
NSGA-II,3,118,0.746577,0.075755,97.654568,0.046405,34.600777
NSGA-II,3,119,0.748908,0.075078,97.726104,0.046339,34.868494
NSGA-II,3,120,0.755038,0.073713,97.793895,0.045972,34.326782
NSGA-II,3,121,0.756226,0.073097,97.858131,0.045907,35.157141
NSGA-II,3,122,0.762816,0.071711,97.918994,0.045507,34.534426
NSGA-II,3,123,0.763558,0.070982,97.976656,0.045370,35.256274
NSGA-II,3,124,0.767493,0.069715,98.031279,0.044998,35.113611
NSGA-II,3,125,0.771144,0.068589,98.083022,0.044673,34.867877
NSGA-II,3,126,0.774702,0.067488,98.132032,0.044348,35.171872
NSGA-II,3,127,0.778900,0.066533,98.178449,0.044074,34.746019
NSGA-II,3,128,0.781676,0.065528,98.222409,0.043769,35.324506
NSGA-II,3,129,0.781229,0.066494,98.264039,0.044277,34.882123
NSGA-II,3,130,0.787492,0.063952,98.303460,0.043313,35.110287
NSGA-II,3,131,0.788879,0.063709,98.340788,0.043299,34.525784
NSGA-II,3,132,0.793506,0.062845,98.376130,0.043017,35.057878
NSGA-II,3,133,0.795605,0.061872,98.409593,0.042683,35.136191
NSGA-II,3,134,0.799173,0.061860,98.441273,0.042741,34.960037
NSGA-II,3,135,0.799851,0.060410,98.471265,0.042192,34.813409
NSGA-II,3,136,0.802358,0.059697,98.499657,0.041944,34.765698
NSGA-II,3,137,0.803542,0.059683,98.526534,0.041980,35.541045
NSGA-II,3,138,0.806268,0.058755,98.551975,0.041629,34.823923
NSGA-II,3,139,0.809980,0.058700,98.576057,0.041636,34.611822
NSGA-II,3,140,0.811140,0.057675,98.598850,0.041232,34.782843
NSGA-II,3,141,0.812977,0.057120,98.620425,0.041019,34.927622
NSGA-II,3,142,0.817124,0.058014,98.640844,0.041404,34.829707
NSGA-II,3,143,0.815837,0.056209,98.660169,0.040660,34.321515
NSGA-II,3,144,0.817574,0.055741,98.678459,0.040468,34.895954
NSGA-II,3,145,0.820169,0.055407,98.695768,0.040328,34.660826
NSGA-II,3,146,0.820459,0.055101,98.712149,0.040194,35.104208
NSGA-II,3,147,0.823169,0.054525,98.727651,0.039944,34.658881
NSGA-II,3,148,0.824491,0.054054,98.742321,0.039734,34.640650
NSGA-II,3,149,0.826877,0.054270,98.756203,0.039807,35.332918
NSGA-II,3,150,0.827296,0.053353,98.769340,0.039404,35.056917
NSGA-II,3,151,0.828088,0.052930,98.781770,0.039203,34.345082
NSGA-II,3,152,0.828462,0.053136,98.793533,0.039262,34.714572
NSGA-II,3,153,0.830763,0.052191,98.804663,0.038838,34.669227
NSGA-II,3,154,0.832610,0.052302,98.815194,0.038852,34.596905
NSGA-II,3,155,0.833790,0.052052,98.825159,0.038712,34.595778
NSGA-II,3,156,0.834613,0.051625,98.834588,0.038496,35.149325
NSGA-II,3,157,0.834813,0.051253,98.843509,0.038302,34.664835
NSGA-II,3,158,0.836813,0.051210,98.851950,0.038241,34.754562
NSGA-II,3,159,0.836536,0.050895,98.859937,0.038066,34.556650
NSGA-II,3,160,0.836809,0.051050,98.867493,0.038085,34.970745
NSGA-II,3,161,0.838017,0.050631,98.874642,0.037863,34.688593
NSGA-II,3,162,0.840327,0.050243,98.881407,0.037652,34.956452
NSGA-II,3,163,0.840535,0.049700,98.887806,0.037375,34.831717
NSGA-II,3,164,0.842049,0.049915,98.893861,0.037412,35.884706
NSGA-II,3,165,0.841334,0.049758,98.899590,0.037293,34.799181
NSGA-II,3,166,0.842942,0.049197,98.905009,0.037006,34.619804
NSGA-II,3,167,0.842987,0.049262,98.910137,0.036977,35.175009
NSGA-II,3,168,0.844929,0.049234,98.914988,0.036909,34.599229
NSGA-II,3,169,0.845453,0.049006,98.919577,0.036756,34.799529
NSGA-II,3,170,0.844690,0.048916,98.923919,0.036661,35.016918
NSGA-II,3,171,0.846403,0.048554,98.928027,0.036452,35.035821
NSGA-II,3,172,0.846204,0.048416,98.931913,0.036335,35.035209
NSGA-II,3,173,0.847303,0.048154,98.935590,0.036165,35.257439
NSGA-II,3,174,0.848005,0.048133,98.939068,0.036096,35.258566
NSGA-II,3,175,0.849519,0.048617,98.942358,0.036237,35.348971
NSGA-II,3,176,0.848986,0.047891,98.945471,0.035873,35.159980
NSGA-II,3,177,0.848043,0.048203,98.948416,0.035942,34.576348
NSGA-II,3,178,0.849508,0.047482,98.951202,0.035580,35.325205
NSGA-II,3,179,0.850687,0.047787,98.953837,0.035645,35.274164
NSGA-II,3,180,0.851221,0.047762,98.956330,0.035573,35.140374
NSGA-II,3,181,0.849397,0.047985,98.958689,0.035604,34.424713
NSGA-II,3,182,0.850562,0.047421,98.960921,0.035306,34.471212
NSGA-II,3,183,0.851816,0.047168,98.963031,0.035139,34.801139
NSGA-II,3,184,0.852833,0.047486,98.965028,0.035209,35.427036
NSGA-II,3,185,0.851861,0.047014,98.966917,0.034951,35.057462
NSGA-II,3,186,0.851153,0.047554,98.968705,0.035114,34.723900
NSGA-II,3,187,0.852312,0.046969,98.970395,0.034808,34.883635
NSGA-II,3,188,0.852148,0.047172,98.971994,0.034831,34.840496
NSGA-II,3,189,0.854946,0.047465,98.973507,0.034892,35.305983
NSGA-II,3,190,0.854205,0.046793,98.974939,0.034551,35.292179
NSGA-II,3,191,0.853931,0.046411,98.976292,0.034331,35.350477
NSGA-II,3,192,0.853900,0.046505,98.977573,0.034309,34.876855
NSGA-II,3,193,0.854359,0.046315,98.978785,0.034170,34.854136
NSGA-II,3,194,0.853609,0.046849,98.979931,0.034333,34.900424
NSGA-II,3,195,0.853293,0.047118,98.981015,0.034385,34.787625
NSGA-II,3,196,0.854703,0.046348,98.982041,0.034006,35.008307
NSGA-II,3,197,0.855291,0.046096,98.983011,0.033842,35.335411
NSGA-II,3,198,0.854729,0.046476,98.983929,0.033942,35.105502
NSGA-II,3,199,0.854644,0.046595,98.984798,0.033934,34.383571
NSGA-II,3,200,0.855380,0.046219,98.985619,0.033720,34.897866
NSGA-II,3,201,0.857507,0.046816,98.986396,0.033912,34.910829
NSGA-II,3,202,0.857549,0.046704,98.987131,0.033808,35.010358
NSGA-II,3,203,0.857719,0.046675,98.987826,0.033740,34.813190
NSGA-II,3,204,0.856049,0.046053,98.988484,0.033425,34.873303
NSGA-II,3,205,0.857599,0.046356,98.989106,0.033497,35.042073
NSGA-II,3,206,0.855028,0.046769,98.989695,0.033615,35.309446
NSGA-II,3,207,0.858283,0.046539,98.990252,0.033465,35.069911
NSGA-II,3,208,0.858888,0.046795,98.990779,0.033518,35.262299
NSGA-II,3,209,0.856347,0.046119,98.991277,0.033183,34.820899
NSGA-II,3,210,0.857035,0.045749,98.991748,0.032977,35.043896
NSGA-II,3,211,0.856432,0.046152,98.992194,0.033093,34.944211
NSGA-II,3,212,0.858016,0.045889,98.992616,0.032932,34.642449
NSGA-II,3,213,0.856937,0.045928,98.993015,0.032897,34.754379
NSGA-II,3,214,0.856754,0.046074,98.993392,0.032908,34.881814
NSGA-II,3,215,0.857676,0.045556,98.993749,0.032643,35.052060
NSGA-II,3,216,0.857462,0.045718,98.994087,0.032661,34.661330
NSGA-II,3,217,0.857415,0.045779,98.994407,0.032638,35.064015
NSGA-II,3,218,0.859291,0.046187,98.994709,0.032760,34.860772
NSGA-II,3,219,0.858485,0.045637,98.994995,0.032483,35.018290
NSGA-II,3,220,0.858345,0.045488,98.995265,0.032374,35.149186
NSGA-II,3,221,0.857120,0.046073,98.995521,0.032572,35.052191
NSGA-II,3,222,0.859971,0.046343,98.995763,0.032639,34.712885
NSGA-II,3,223,0.857443,0.045931,98.995992,0.032422,35.096088
NSGA-II,3,224,0.857802,0.045740,98.996209,0.032297,34.920050
NSGA-II,3,225,0.858676,0.045404,98.996414,0.032113,34.546657
NSGA-II,3,226,0.859632,0.045928,98.996607,0.032288,35.535562
NSGA-II,3,227,0.858956,0.045475,98.996791,0.032056,34.869266
NSGA-II,3,228,0.858140,0.045625,98.996964,0.032076,34.962690
NSGA-II,3,229,0.859660,0.045808,98.997128,0.032110,34.603870
NSGA-II,3,230,0.859167,0.045470,98.997283,0.031928,34.852136
NSGA-II,3,231,0.857741,0.045922,98.997430,0.032076,35.288016
NSGA-II,3,232,0.858965,0.045270,98.997569,0.031764,35.160042
NSGA-II,3,233,0.859240,0.045398,98.997700,0.031777,35.047962
NSGA-II,3,234,0.858864,0.045298,98.997825,0.031696,34.686250
NSGA-II,3,235,0.858830,0.045334,98.997942,0.031673,34.518938
NSGA-II,3,236,0.860133,0.045831,98.998053,0.031842,34.208511
NSGA-II,3,237,0.858627,0.045486,98.998159,0.031660,34.971270
NSGA-II,3,238,0.859873,0.045615,98.998258,0.031676,35.249912
NSGA-II,3,239,0.858852,0.045377,98.998352,0.031541,34.838018
NSGA-II,3,240,0.859245,0.045182,98.998441,0.031423,35.300386
NSGA-II,3,241,0.858932,0.045354,98.998526,0.031459,34.302968
NSGA-II,3,242,0.859973,0.045567,98.998605,0.031512,35.308598
NSGA-II,3,243,0.858233,0.045796,98.998681,0.031574,35.186957
NSGA-II,3,244,0.859239,0.045203,98.998752,0.031292,35.200507
NSGA-II,3,245,0.859401,0.045154,98.998819,0.031238,34.803106
NSGA-II,3,246,0.858514,0.045659,98.998883,0.031415,35.387036
NSGA-II,3,247,0.858019,0.045965,98.998943,0.031509,35.158088
NSGA-II,3,248,0.859242,0.045240,98.999001,0.031175,34.880583
NSGA-II,3,249,0.859510,0.045139,98.999055,0.031101,35.323853
NSGA-II,3,250,0.860802,0.045896,98.999106,0.031385,34.822626
NSGA-II,3,251,0.858924,0.045456,98.999154,0.031171,34.857701
NSGA-II,3,252,0.859378,0.045191,98.999200,0.031030,35.038757
NSGA-II,3,253,0.859833,0.045266,98.999243,0.031031,35.126627
NSGA-II,3,254,0.859817,0.045240,98.999284,0.030991,35.259470
NSGA-II,3,255,0.858885,0.045508,98.999323,0.031073,34.890571
NSGA-II,3,256,0.859102,0.045384,98.999359,0.030993,34.210116
NSGA-II,3,257,0.860560,0.045645,98.999394,0.031073,34.933635
NSGA-II,3,258,0.860270,0.045458,98.999427,0.030967,35.034288
NSGA-II,3,259,0.859093,0.045408,98.999458,0.030918,35.006519
NSGA-II,3,260,0.859600,0.045109,98.999487,0.030767,34.768071
NSGA-II,3,261,0.859346,0.045267,98.999515,0.030806,34.735370
NSGA-II,3,262,0.859776,0.045115,98.999541,0.030716,34.614002
NSGA-II,3,263,0.859548,0.045156,98.999566,0.030707,35.236076
NSGA-II,3,264,0.859149,0.045400,98.999589,0.030783,34.743972
NSGA-II,3,265,0.858866,0.045574,98.999611,0.030831,34.858501
NSGA-II,3,266,0.860355,0.045424,98.999632,0.030743,35.020036
NSGA-II,3,267,0.859183,0.045392,98.999652,0.030706,34.900799
NSGA-II,3,268,0.859518,0.045195,98.999671,0.030600,34.773851
NSGA-II,3,269,0.860040,0.045209,98.999689,0.030582,35.107503
NSGA-II,3,270,0.859010,0.045507,98.999706,0.030682,34.580525
NSGA-II,3,271,0.859299,0.045338,98.999722,0.030589,34.969782
NSGA-II,3,272,0.859626,0.045145,98.999737,0.030486,35.017477
NSGA-II,3,273,0.859498,0.045225,98.999751,0.030497,35.159651
NSGA-II,3,274,0.860233,0.045290,98.999764,0.030502,35.125608
NSGA-II,3,275,0.861268,0.045905,98.999777,0.030736,35.443041
NSGA-II,3,276,0.859090,0.045479,98.999789,0.030537,35.006860
NSGA-II,3,277,0.859801,0.045055,98.999800,0.030340,34.668020
NSGA-II,3,278,0.859896,0.045064,98.999811,0.030323,35.190297
NSGA-II,3,279,0.859569,0.045199,98.999821,0.030359,34.951728
NSGA-II,3,280,0.859429,0.045286,98.999831,0.030375,35.320696
NSGA-II,3,281,0.860461,0.045388,98.999840,0.030398,35.193048
NSGA-II,3,282,0.859777,0.045081,98.999849,0.030250,34.890912
NSGA-II,3,283,0.860129,0.045180,98.999857,0.030272,34.982625
NSGA-II,3,284,0.859459,0.045276,98.999865,0.030294,34.965833
NSGA-II,3,285,0.859408,0.045309,98.999872,0.030289,34.892437
NSGA-II,3,286,0.860480,0.045378,98.999879,0.030299,35.016264
NSGA-II,3,287,0.860926,0.045642,98.999886,0.030391,34.877508
NSGA-II,3,288,0.860410,0.045329,98.999892,0.030243,35.264068
NSGA-II,3,289,0.860754,0.045532,98.999898,0.030310,34.783128
NSGA-II,3,290,0.859142,0.045477,98.999903,0.030270,35.408509
NSGA-II,3,291,0.859358,0.045349,98.999908,0.030200,35.732536
NSGA-II,3,292,0.860082,0.045119,98.999913,0.030087,35.280095
NSGA-II,3,293,0.859730,0.045128,98.999918,0.030075,34.860053
NSGA-II,3,294,0.859907,0.045024,98.999922,0.030015,35.055612
NSGA-II,3,295,0.859967,0.045042,98.999927,0.030006,34.671810
NSGA-II,3,296,0.859713,0.045143,98.999931,0.030033,35.025960
NSGA-II,3,297,0.859687,0.045160,98.999934,0.030025,35.136497
NSGA-II,3,298,0.859605,0.045210,98.999938,0.030030,35.133873
NSGA-II,3,299,0.859957,0.045026,98.999941,0.029939,34.329073
NSGA-II,3,300,0.859658,0.045180,98.999944,0.029988,35.309565
INSGA-III,4,0,0.055646,0.376039,26.045897,0.145002,25.208395
INSGA-III,4,1,0.050639,0.378997,26.363708,0.144351,25.002910
INSGA-III,4,2,0.058083,0.376433,26.696705,0.141439,25.539718
INSGA-III,4,3,0.055412,0.376029,27.045454,0.139467,25.230359
INSGA-III,4,4,0.059535,0.376097,27.410522,0.137732,25.147297
INSGA-III,4,5,0.063293,0.377685,27.792476,0.136670,25.169658
INSGA-III,4,6,0.056801,0.375008,28.191887,0.133872,26.028673
INSGA-III,4,7,0.056591,0.375062,28.609318,0.132253,25.660873
INSGA-III,4,8,0.059198,0.373421,29.045330,0.129968,25.693413
INSGA-III,4,9,0.058840,0.373553,29.500473,0.128463,25.919857
INSGA-III,4,10,0.059926,0.372812,29.975284,0.126636,26.249912
INSGA-III,4,11,0.062171,0.371947,30.470285,0.124799,26.403871
INSGA-III,4,12,0.066217,0.373319,30.985980,0.123937,26.163010
INSGA-III,4,13,0.064925,0.371418,31.522847,0.121754,25.817704
INSGA-III,4,14,0.067902,0.372003,32.081336,0.120651,25.856023
INSGA-III,4,15,0.062126,0.370943,32.661868,0.118906,26.220950
INSGA-III,4,16,0.066999,0.368814,33.264822,0.116762,26.598286
INSGA-III,4,17,0.065829,0.368446,33.890540,0.115396,26.502326
INSGA-III,4,18,0.068265,0.366832,34.539314,0.113559,26.633561
INSGA-III,4,19,0.066845,0.367523,35.211386,0.112729,26.334019
INSGA-III,4,20,0.072403,0.365627,35.906940,0.110870,26.613192
INSGA-III,4,21,0.074221,0.364840,36.626100,0.109523,27.043235
INSGA-III,4,22,0.074760,0.363163,37.368920,0.107856,26.660529
INSGA-III,4,23,0.075453,0.361607,38.135386,0.106291,26.978254
INSGA-III,4,24,0.074767,0.361802,38.925405,0.105509,26.810840
INSGA-III,4,25,0.082040,0.360730,39.738805,0.104254,27.321346
INSGA-III,4,26,0.082676,0.358551,40.575329,0.102593,27.494038
INSGA-III,4,27,0.086546,0.358152,41.434631,0.101732,27.181774
INSGA-III,4,28,0.081881,0.356544,42.316276,0.100425,27.366846
INSGA-III,4,29,0.085774,0.353928,43.219732,0.098760,27.235201
INSGA-III,4,30,0.089140,0.351617,44.144375,0.097283,28.040144
INSGA-III,4,31,0.091476,0.349911,45.089482,0.096122,28.192219
INSGA-III,4,32,0.096481,0.347788,46.054235,0.094853,27.620362
INSGA-III,4,33,0.098385,0.345120,47.037717,0.093423,27.567435
INSGA-III,4,34,0.102134,0.343202,48.038921,0.092375,27.720120
INSGA-III,4,35,0.104970,0.340564,49.056742,0.091097,27.715551
INSGA-III,4,36,0.107555,0.338569,50.089991,0.090159,27.959589
INSGA-III,4,37,0.110969,0.336154,51.137392,0.089119,28.111909
INSGA-III,4,38,0.115919,0.332811,52.197589,0.087768,28.379692
INSGA-III,4,39,0.122190,0.330963,53.269155,0.087116,28.304947
INSGA-III,4,40,0.122186,0.328296,54.350594,0.086200,28.096643
INSGA-III,4,41,0.127652,0.324639,55.440354,0.084951,27.582648
INSGA-III,4,42,0.133721,0.320625,56.536832,0.083633,28.762880
INSGA-III,4,43,0.141995,0.318307,57.638386,0.083103,28.691256
INSGA-III,4,44,0.145091,0.313240,58.743340,0.081508,28.543443
INSGA-III,4,45,0.149085,0.310350,59.850000,0.080902,28.309068
INSGA-III,4,46,0.157016,0.305544,60.956660,0.079580,28.523719
INSGA-III,4,47,0.159105,0.303734,62.061614,0.079588,28.214373
INSGA-III,4,48,0.170713,0.297531,63.163168,0.077847,29.393900
INSGA-III,4,49,0.179136,0.293940,64.259646,0.077275,28.859895
INSGA-III,4,50,0.185830,0.288957,65.349406,0.076201,29.063297
INSGA-III,4,51,0.188757,0.285180,66.430845,0.075709,29.273893
INSGA-III,4,52,0.198732,0.279139,67.502411,0.074349,29.162446
INSGA-III,4,53,0.206602,0.274430,68.562608,0.073617,28.301648
INSGA-III,4,54,0.213886,0.270150,69.610009,0.073135,28.831161
INSGA-III,4,55,0.224870,0.263736,70.643258,0.071832,28.819644
INSGA-III,4,56,0.234031,0.258511,71.661079,0.071089,29.529240
INSGA-III,4,57,0.245947,0.252158,72.662283,0.069935,29.098604
INSGA-III,4,58,0.251370,0.248971,73.645765,0.070156,28.325421
INSGA-III,4,59,0.264929,0.241444,74.610518,0.068620,29.138102
INSGA-III,4,60,0.278087,0.235285,75.555625,0.067700,29.604090
INSGA-III,4,61,0.286420,0.230160,76.480268,0.067253,29.792112
INSGA-III,4,62,0.301966,0.224117,77.383724,0.066457,29.599155
INSGA-III,4,63,0.314117,0.218300,78.265369,0.065786,29.640423
INSGA-III,4,64,0.323263,0.211559,79.124671,0.064752,29.517664
INSGA-III,4,65,0.336162,0.205299,79.961195,0.063938,29.133814
INSGA-III,4,66,0.348728,0.199402,80.774595,0.063285,29.745149
INSGA-III,4,67,0.361764,0.193387,81.564614,0.062589,30.159525
INSGA-III,4,68,0.375253,0.187266,82.331080,0.061847,29.762379
INSGA-III,4,69,0.388070,0.181711,83.073900,0.061335,30.083880
INSGA-III,4,70,0.401488,0.175959,83.793060,0.060728,30.501537
INSGA-III,4,71,0.418302,0.170492,84.488614,0.060223,29.990466
INSGA-III,4,72,0.432310,0.164837,85.160686,0.059615,30.250776
INSGA-III,4,73,0.444693,0.158244,85.809460,0.058589,29.117015
INSGA-III,4,74,0.456290,0.153802,86.435178,0.058426,30.781417
INSGA-III,4,75,0.470852,0.148095,87.038132,0.057699,30.550893
INSGA-III,4,76,0.489428,0.143521,87.618664,0.057403,30.256533
INSGA-III,4,77,0.500717,0.136702,88.177153,0.056126,29.971912
INSGA-III,4,78,0.515806,0.132336,88.714020,0.055824,30.023813
INSGA-III,4,79,0.531158,0.128326,89.229715,0.055621,29.895800
INSGA-III,4,80,0.544223,0.123165,89.724716,0.054886,30.361432
INSGA-III,4,81,0.555163,0.117846,90.199527,0.054029,30.524780
INSGA-III,4,82,0.567290,0.114204,90.654670,0.053816,30.774265
INSGA-III,4,83,0.582807,0.108847,91.090682,0.052832,30.875119
INSGA-III,4,84,0.595482,0.104649,91.508113,0.052273,30.673836
INSGA-III,4,85,0.609655,0.101424,91.907524,0.052062,30.661738
INSGA-III,4,86,0.623253,0.098293,92.289478,0.051831,30.891968
INSGA-III,4,87,0.632146,0.093728,92.654546,0.050946,31.043041
INSGA-III,4,88,0.644078,0.090224,93.003295,0.050445,31.459552
INSGA-III,4,89,0.659653,0.088280,93.336292,0.050538,30.860359
INSGA-III,4,90,0.665670,0.084456,93.654103,0.049793,30.993800
INSGA-III,4,91,0.680027,0.081010,93.957285,0.049150,30.676304
INSGA-III,4,92,0.688189,0.077908,94.246389,0.048598,31.426720
INSGA-III,4,93,0.698488,0.075106,94.521957,0.048120,31.231390
INSGA-III,4,94,0.709242,0.071953,94.784523,0.047446,30.391836
INSGA-III,4,95,0.719033,0.069663,95.034609,0.047083,31.066562
INSGA-III,4,96,0.727672,0.067238,95.272724,0.046617,30.713193
INSGA-III,4,97,0.736018,0.065265,95.499366,0.046295,31.847135
INSGA-III,4,98,0.744584,0.063065,95.715021,0.045836,30.716017
INSGA-III,4,99,0.754412,0.061637,95.920158,0.045658,31.365764
INSGA-III,4,100,0.761943,0.059657,96.115235,0.045210,31.378511
INSGA-III,4,101,0.767624,0.057464,96.300695,0.044637,31.281490
INSGA-III,4,102,0.774745,0.055731,96.476967,0.044220,31.744794
INSGA-III,4,103,0.781888,0.053952,96.644464,0.043751,31.045032
INSGA-III,4,104,0.788815,0.052796,96.803586,0.043509,31.131869
INSGA-III,4,105,0.794341,0.051071,96.954718,0.043000,32.461616
INSGA-III,4,106,0.802008,0.050893,97.098231,0.043108,31.530723
INSGA-III,4,107,0.805684,0.048572,97.234483,0.042296,31.412195
INSGA-III,4,108,0.813557,0.049012,97.363815,0.042609,31.611223
INSGA-III,4,109,0.814215,0.047061,97.486558,0.041903,31.553246
INSGA-III,4,110,0.822448,0.046465,97.603026,0.041739,31.588350
INSGA-III,4,111,0.825365,0.044598,97.713523,0.041025,31.295729
INSGA-III,4,112,0.828472,0.043557,97.818339,0.040636,31.120577
INSGA-III,4,113,0.832626,0.042583,97.917751,0.040256,31.888384
INSGA-III,4,114,0.836711,0.041730,98.012025,0.039911,31.798145
INSGA-III,4,115,0.841140,0.041524,98.101414,0.039820,31.824801
INSGA-III,4,116,0.845054,0.041174,98.186162,0.039654,31.835622
INSGA-III,4,117,0.848157,0.040496,98.266499,0.039338,31.442988
INSGA-III,4,118,0.850885,0.039742,98.342647,0.038978,32.250262
INSGA-III,4,119,0.850936,0.039162,98.414816,0.038679,31.893819
INSGA-III,4,120,0.855894,0.038381,98.483208,0.038286,32.067093
INSGA-III,4,121,0.856429,0.037872,98.548013,0.037997,31.460499
INSGA-III,4,122,0.860352,0.037198,98.609416,0.037630,32.595031
INSGA-III,4,123,0.860542,0.037190,98.667588,0.037533,31.972595
INSGA-III,4,124,0.864571,0.036323,98.722696,0.037069,32.458844
INSGA-III,4,125,0.867266,0.036391,98.774897,0.036989,32.182218
INSGA-III,4,126,0.865638,0.036446,98.824341,0.036898,32.363439
INSGA-III,4,127,0.871543,0.036138,98.871170,0.036649,31.723073
INSGA-III,4,128,0.869223,0.035621,98.915519,0.036309,32.597499
INSGA-III,4,129,0.870947,0.035192,98.957518,0.036001,32.923352
INSGA-III,4,130,0.873993,0.033999,98.997288,0.035370,31.827285
INSGA-III,4,131,0.875752,0.033998,99.034946,0.035233,32.178269
INSGA-III,4,132,0.876570,0.033497,99.070602,0.034884,32.012978
INSGA-III,4,133,0.878185,0.033538,99.104361,0.034758,32.310804
INSGA-III,4,134,0.878849,0.033066,99.136322,0.034416,32.478928
INSGA-III,4,135,0.879630,0.032925,99.166580,0.034210,32.058014
INSGA-III,4,136,0.882346,0.033584,99.195224,0.034335,32.461306
INSGA-III,4,137,0.881896,0.032598,99.222338,0.033774,32.571493
INSGA-III,4,138,0.883974,0.033174,99.248005,0.033862,32.259129
INSGA-III,4,139,0.884687,0.032974,99.272300,0.033626,32.513212
INSGA-III,4,140,0.884170,0.032075,99.295296,0.033098,32.884351
INSGA-III,4,141,0.883257,0.032770,99.317061,0.033234,32.626031
INSGA-III,4,142,0.887387,0.032938,99.337661,0.033150,32.611349
INSGA-III,4,143,0.885660,0.031848,99.357158,0.032541,33.140566
INSGA-III,4,144,0.885520,0.032168,99.375610,0.032520,32.050183
INSGA-III,4,145,0.886420,0.031849,99.393073,0.032233,32.762615
INSGA-III,4,146,0.888153,0.031643,99.409599,0.031994,32.470955
INSGA-III,4,147,0.887883,0.031374,99.425238,0.031729,33.305679
INSGA-III,4,148,0.888086,0.031435,99.440038,0.031602,32.776987
INSGA-III,4,149,0.888182,0.031548,99.454043,0.031497,32.946418
INSGA-III,4,150,0.889638,0.031187,99.467296,0.031196,33.029676
INSGA-III,4,151,0.889140,0.031285,99.479837,0.031086,32.119533
INSGA-III,4,152,0.890297,0.031032,99.491703,0.030832,32.733728
INSGA-III,4,153,0.890653,0.030996,99.502932,0.030669,32.420115
INSGA-III,4,154,0.889118,0.031695,99.513557,0.030813,33.199404
INSGA-III,4,155,0.890779,0.030815,99.523610,0.030301,32.536966
INSGA-III,4,156,0.892040,0.031174,99.533122,0.030306,32.947738
INSGA-III,4,157,0.892070,0.031001,99.542122,0.030091,32.919899
INSGA-III,4,158,0.891316,0.030798,99.550638,0.029865,32.518996
INSGA-III,4,159,0.892641,0.030998,99.558696,0.029808,32.744029
INSGA-III,4,160,0.892156,0.030551,99.566319,0.029483,32.441967
INSGA-III,4,161,0.892950,0.030881,99.573532,0.029483,32.786193
INSGA-III,4,162,0.892928,0.030731,99.580356,0.029285,32.963671
INSGA-III,4,163,0.893410,0.030892,99.586812,0.029218,33.457287
INSGA-III,4,164,0.892284,0.030677,99.592921,0.028995,33.385629
INSGA-III,4,165,0.893168,0.030516,99.598700,0.028797,32.889062
INSGA-III,4,166,0.893757,0.030765,99.604168,0.028771,33.198936
INSGA-III,4,167,0.894400,0.031052,99.609341,0.028762,33.101432
INSGA-III,4,168,0.893229,0.030330,99.614235,0.028335,33.295486
INSGA-III,4,169,0.893841,0.030540,99.618865,0.028297,33.252013
INSGA-III,4,170,0.893416,0.030308,99.623245,0.028077,33.220405
INSGA-III,4,171,0.894401,0.030721,99.627389,0.028128,32.814496
INSGA-III,4,172,0.894352,0.030622,99.631310,0.027966,32.950099
INSGA-III,4,173,0.893564,0.030334,99.635019,0.027727,33.272866
INSGA-III,4,174,0.893301,0.030525,99.638528,0.027690,32.991979
INSGA-III,4,175,0.892890,0.030804,99.641847,0.027691,33.245132
INSGA-III,4,176,0.893320,0.030575,99.644988,0.027481,32.948780
INSGA-III,4,177,0.894366,0.030342,99.647959,0.027272,32.741455
INSGA-III,4,178,0.895010,0.030682,99.650769,0.027303,33.567380
INSGA-III,4,179,0.893398,0.030606,99.653428,0.027162,32.945361
INSGA-III,4,180,0.893928,0.030310,99.655944,0.026931,32.753880
INSGA-III,4,181,0.894121,0.030215,99.658323,0.026786,33.544664
INSGA-III,4,182,0.893836,0.030407,99.660574,0.026761,32.844925
INSGA-III,4,183,0.895930,0.031041,99.662704,0.026922,33.827100
INSGA-III,4,184,0.895212,0.030579,99.664718,0.026628,32.935672
INSGA-III,4,185,0.894537,0.030145,99.666624,0.026347,33.792851
INSGA-III,4,186,0.894150,0.030285,99.668427,0.026307,33.579240
INSGA-III,4,187,0.894106,0.030326,99.670133,0.026226,33.664900
INSGA-III,4,188,0.894658,0.030140,99.671746,0.026053,33.726656
INSGA-III,4,189,0.893512,0.030709,99.673273,0.026196,33.739128
INSGA-III,4,190,0.895626,0.030678,99.674716,0.026090,33.768793
INSGA-III,4,191,0.895061,0.030319,99.676082,0.025849,33.325377
INSGA-III,4,192,0.895094,0.030320,99.677375,0.025759,33.641154
INSGA-III,4,193,0.893510,0.030753,99.678597,0.025851,33.531470
INSGA-III,4,194,0.894428,0.030211,99.679753,0.025537,33.960235
INSGA-III,4,195,0.894282,0.030306,99.680847,0.025491,33.283509
INSGA-III,4,196,0.894491,0.030189,99.681882,0.025357,33.387232
INSGA-III,4,197,0.893187,0.030979,99.682861,0.025603,33.342156
INSGA-III,4,198,0.896409,0.031022,99.683787,0.025539,33.297882
INSGA-III,4,199,0.895137,0.030248,99.684663,0.025135,33.484065
INSGA-III,4,200,0.893879,0.030583,99.685492,0.025195,33.887425
INSGA-III,4,201,0.894528,0.030200,99.686275,0.024957,33.729094
INSGA-III,4,202,0.895804,0.030618,99.687017,0.025053,33.987454
INSGA-III,4,203,0.894969,0.030108,99.687719,0.024765,34.067893
INSGA-III,4,204,0.894600,0.030172,99.688382,0.024716,33.449604
INSGA-III,4,205,0.894115,0.030467,99.689010,0.024766,33.958018
INSGA-III,4,206,0.894847,0.030032,99.689604,0.024512,34.099762
INSGA-III,4,207,0.894903,0.030039,99.690165,0.024443,34.235665
INSGA-III,4,208,0.894627,0.030171,99.690697,0.024428,34.154229
INSGA-III,4,209,0.894026,0.030535,99.691200,0.024510,33.946878
INSGA-III,4,210,0.894945,0.030046,99.691675,0.024238,34.254816
INSGA-III,4,211,0.895045,0.030101,99.692125,0.024194,33.322801
INSGA-III,4,212,0.894998,0.030068,99.692550,0.024114,33.944080
INSGA-III,4,213,0.894175,0.030457,99.692953,0.024211,33.938238
INSGA-III,4,214,0.894130,0.030487,99.693334,0.024159,33.869668
INSGA-III,4,215,0.893441,0.030902,99.693694,0.024269,34.178453
INSGA-III,4,216,0.895204,0.030175,99.694035,0.023905,33.802458
INSGA-III,4,217,0.894965,0.030029,99.694357,0.023782,33.603921
INSGA-III,4,218,0.896371,0.030869,99.694662,0.024072,34.070526
INSGA-III,4,219,0.895362,0.030260,99.694950,0.023760,34.021523
INSGA-III,4,220,0.896583,0.030990,99.695223,0.024006,33.863706
INSGA-III,4,221,0.894455,0.030305,99.695481,0.023663,33.789011
INSGA-III,4,222,0.895378,0.030262,99.695726,0.023588,33.919160
INSGA-III,4,223,0.895198,0.030152,99.695957,0.023487,34.386157
INSGA-III,4,224,0.895593,0.030387,99.696175,0.023530,33.779954
INSGA-III,4,225,0.895806,0.030512,99.696382,0.023529,33.440979
INSGA-III,4,226,0.895360,0.030243,99.696577,0.023364,34.437296
INSGA-III,4,227,0.895118,0.030096,99.696762,0.023250,34.449003
INSGA-III,4,228,0.894711,0.030159,99.696937,0.023225,33.704600
INSGA-III,4,229,0.895232,0.030161,99.697103,0.023176,34.538529
INSGA-III,4,230,0.894817,0.030097,99.697259,0.023099,34.007990
INSGA-III,4,231,0.893487,0.030896,99.697407,0.023383,34.239046
INSGA-III,4,232,0.894578,0.030243,99.697548,0.023063,33.856281
INSGA-III,4,233,0.895765,0.030476,99.697680,0.023113,34.009716
INSGA-III,4,234,0.893714,0.030762,99.697805,0.023186,34.450782
INSGA-III,4,235,0.895791,0.030489,99.697924,0.023026,34.045595
INSGA-III,4,236,0.895413,0.030261,99.698036,0.022886,34.662917
INSGA-III,4,237,0.895703,0.030435,99.698142,0.022914,33.734361
INSGA-III,4,238,0.894430,0.030335,99.698243,0.022829,33.463124
INSGA-III,4,239,0.895431,0.030270,99.698338,0.022759,33.985725
INSGA-III,4,240,0.895801,0.030491,99.698427,0.022809,34.090056
INSGA-III,4,241,0.894484,0.030304,99.698512,0.022689,34.135058
INSGA-III,4,242,0.895105,0.030072,99.698593,0.022551,34.315946
INSGA-III,4,243,0.894621,0.030222,99.698669,0.022574,34.880838
INSGA-III,4,244,0.895807,0.030492,99.698741,0.022646,33.855137
INSGA-III,4,245,0.894803,0.030113,99.698809,0.022450,34.694215
INSGA-III,4,246,0.894228,0.030459,99.698873,0.022555,34.307504
INSGA-III,4,247,0.893799,0.030717,99.698934,0.022625,34.461391
INSGA-III,4,248,0.895167,0.030106,99.698992,0.022333,34.484247
INSGA-III,4,249,0.895167,0.030106,99.699046,0.022296,33.801908
INSGA-III,4,250,0.894243,0.030451,99.699098,0.022404,34.074193
INSGA-III,4,251,0.894158,0.030502,99.699147,0.022390,34.228280
INSGA-III,4,252,0.895686,0.030416,99.699193,0.022319,33.622148
INSGA-III,4,253,0.894250,0.030448,99.699236,0.022298,34.272982
INSGA-III,4,254,0.895451,0.030274,99.699278,0.022192,34.113106
INSGA-III,4,255,0.894917,0.030047,99.699317,0.022064,33.883090
INSGA-III,4,256,0.895464,0.030282,99.699354,0.022129,34.117983
INSGA-III,4,257,0.895385,0.030234,99.699388,0.022077,34.182448
INSGA-III,4,258,0.894719,0.030167,99.699421,0.022018,33.916605
INSGA-III,4,259,0.894276,0.030433,99.699453,0.022097,33.965590
INSGA-III,4,260,0.896117,0.030673,99.699482,0.022167,33.857458
INSGA-III,4,261,0.896408,0.030847,99.699510,0.022209,34.234511
INSGA-III,4,262,0.894691,0.030184,99.699537,0.021903,34.385199
INSGA-III,4,263,0.895560,0.030338,99.699562,0.021938,33.322253
INSGA-III,4,264,0.894716,0.030169,99.699585,0.021839,34.860182
INSGA-III,4,265,0.894043,0.030573,99.699608,0.021979,34.284604
INSGA-III,4,266,0.895301,0.030182,99.699629,0.021788,34.452459
INSGA-III,4,267,0.896158,0.030697,99.699649,0.021975,34.222612
INSGA-III,4,268,0.895053,0.030033,99.699668,0.021672,33.957210
INSGA-III,4,269,0.894335,0.030398,99.699686,0.021797,33.845724
INSGA-III,4,270,0.894214,0.030470,99.699703,0.021801,34.330110
INSGA-III,4,271,0.893417,0.030949,99.699719,0.021975,34.280645
INSGA-III,4,272,0.894939,0.030036,99.699734,0.021569,34.591628
INSGA-III,4,273,0.895705,0.030424,99.699749,0.021706,34.531685
INSGA-III,4,274,0.895057,0.030036,99.699762,0.021520,34.314777
INSGA-III,4,275,0.894865,0.030080,99.699775,0.021515,34.288311
INSGA-III,4,276,0.894796,0.030122,99.699787,0.021508,34.782500
INSGA-III,4,277,0.894954,0.030027,99.699799,0.021445,34.461448
INSGA-III,4,278,0.895733,0.030441,99.699810,0.021595,34.622997
INSGA-III,4,279,0.894757,0.030145,99.699820,0.021449,33.613561
INSGA-III,4,280,0.896093,0.030657,99.699830,0.021640,33.984333
INSGA-III,4,281,0.895087,0.030053,99.699839,0.021366,34.229043
INSGA-III,4,282,0.894867,0.030079,99.699848,0.021356,34.318560
INSGA-III,4,283,0.894562,0.030263,99.699856,0.021411,34.840524
INSGA-III,4,284,0.894451,0.030329,99.699864,0.021418,34.232050
INSGA-III,4,285,0.894828,0.030103,99.699871,0.021303,34.193015
INSGA-III,4,286,0.895505,0.030304,99.699878,0.021367,34.528821
INSGA-III,4,287,0.894839,0.030096,99.699884,0.021261,34.348582
INSGA-III,4,288,0.894323,0.030406,99.699891,0.021370,34.165644
INSGA-III,4,289,0.894002,0.030598,99.699897,0.021431,34.269039
INSGA-III,4,290,0.895273,0.030164,99.699902,0.021231,34.572303
INSGA-III,4,291,0.895186,0.030112,99.699908,0.021191,34.192259
INSGA-III,4,292,0.895405,0.030244,99.699913,0.021227,35.210520
INSGA-III,4,293,0.895166,0.030100,99.699917,0.021150,34.032494
INSGA-III,4,294,0.894594,0.030243,99.699922,0.021192,34.286782
INSGA-III,4,295,0.895126,0.030076,99.699926,0.021104,34.559169
INSGA-III,4,296,0.894206,0.030476,99.699930,0.021254,34.146049
INSGA-III,4,297,0.895142,0.030086,99.699934,0.021074,34.502690
INSGA-III,4,298,0.895119,0.030072,99.699937,0.021052,34.426245
INSGA-III,4,299,0.895437,0.030262,99.699941,0.021115,34.815431
INSGA-III,4,300,0.895162,0.030098,99.699944,0.021030,34.385278
NSGA-III,4,0,0.062368,0.372292,25.689364,0.145040,35.057493
NSGA-III,4,1,0.062641,0.371900,25.988432,0.143161,35.036170
NSGA-III,4,2,0.062983,0.371655,26.301793,0.141386,35.257476
NSGA-III,4,3,0.063692,0.371187,26.629976,0.139559,35.233597
NSGA-III,4,4,0.062539,0.371834,26.973515,0.138237,35.054251
NSGA-III,4,5,0.068290,0.370976,27.332945,0.136330,34.948974
NSGA-III,4,6,0.063628,0.371082,27.708802,0.134866,34.669718
NSGA-III,4,7,0.068943,0.369019,28.101617,0.132541,34.748386
NSGA-III,4,8,0.072880,0.370108,28.511917,0.131571,34.526966
NSGA-III,4,9,0.068783,0.367817,28.940219,0.129236,34.649917
NSGA-III,4,10,0.070681,0.366615,29.387030,0.127397,34.757986
NSGA-III,4,11,0.070919,0.366405,29.852841,0.126014,35.300707
NSGA-III,4,12,0.073744,0.364793,30.338124,0.124092,34.731446
NSGA-III,4,13,0.074158,0.364316,30.843331,0.122686,35.263710
NSGA-III,4,14,0.075829,0.363236,31.368886,0.121073,34.508709
NSGA-III,4,15,0.079623,0.363061,31.915183,0.119883,34.910444
NSGA-III,4,16,0.078220,0.361634,32.482581,0.118216,35.089432
NSGA-III,4,17,0.077058,0.362241,33.071399,0.117444,34.784787
NSGA-III,4,18,0.084168,0.359639,33.681914,0.115381,34.992774
NSGA-III,4,19,0.080380,0.360058,34.314353,0.114624,34.577267
NSGA-III,4,20,0.087213,0.356808,34.968890,0.112387,34.952158
NSGA-III,4,21,0.086380,0.356252,35.645640,0.111321,35.388810
NSGA-III,4,22,0.090141,0.353887,36.344655,0.109552,35.171886
NSGA-III,4,23,0.091885,0.352730,37.065921,0.108336,35.346243
NSGA-III,4,24,0.094502,0.351046,37.809352,0.106952,35.318762
NSGA-III,4,25,0.096367,0.349810,38.574785,0.105807,35.018282
NSGA-III,4,26,0.098258,0.348557,39.361978,0.104707,34.685601
NSGA-III,4,27,0.101612,0.346424,40.170607,0.103295,35.062832
NSGA-III,4,28,0.104955,0.344297,41.000260,0.101939,35.312643
NSGA-III,4,29,0.107291,0.342773,41.850438,0.100891,34.844063
NSGA-III,4,30,0.109094,0.341570,42.720554,0.100032,35.237853
NSGA-III,4,31,0.117559,0.339309,43.609927,0.098790,35.023696
NSGA-III,4,32,0.122831,0.338213,44.517787,0.098090,34.686564
NSGA-III,4,33,0.123587,0.334211,45.443272,0.096238,34.623088
NSGA-III,4,34,0.125542,0.331237,46.385434,0.094874,35.045206
NSGA-III,4,35,0.127205,0.330135,47.343233,0.094350,34.719295
NSGA-III,4,36,0.134241,0.326005,48.315550,0.092624,35.220625
NSGA-III,4,37,0.138721,0.323397,49.301184,0.091593,35.118998
NSGA-III,4,38,0.141241,0.321455,50.298861,0.090902,34.952697
NSGA-III,4,39,0.150406,0.319136,51.307235,0.090115,35.586943
NSGA-III,4,40,0.152627,0.314515,52.324900,0.088431,34.293328
NSGA-III,4,41,0.159241,0.312231,53.350396,0.087783,34.701029
NSGA-III,4,42,0.162495,0.308559,54.382214,0.086618,34.726731
NSGA-III,4,43,0.165022,0.307061,55.418807,0.086421,35.331586
NSGA-III,4,44,0.175129,0.301629,56.458601,0.084647,34.808887
NSGA-III,4,45,0.178042,0.299367,57.500000,0.084255,35.015162
NSGA-III,4,46,0.188752,0.295129,58.541399,0.083100,34.945423
NSGA-III,4,47,0.191556,0.291513,59.581193,0.082264,35.033136
NSGA-III,4,48,0.203429,0.288249,60.617786,0.081633,35.205963
NSGA-III,4,49,0.207842,0.282673,61.649604,0.080097,35.356425
NSGA-III,4,50,0.215252,0.278644,62.675100,0.079261,35.178004
NSGA-III,4,51,0.224620,0.275539,63.692765,0.078866,35.055396
NSGA-III,4,52,0.227321,0.271480,64.701139,0.078126,34.794971
NSGA-III,4,53,0.236831,0.266228,65.698816,0.076939,34.436195
NSGA-III,4,54,0.247876,0.261859,66.684450,0.076169,35.164021
NSGA-III,4,55,0.256789,0.257526,67.656767,0.075461,35.015960
NSGA-III,4,56,0.262655,0.252505,68.614566,0.074510,35.272020
NSGA-III,4,57,0.271291,0.248065,69.556728,0.073842,34.945260
NSGA-III,4,58,0.284101,0.243564,70.482213,0.073187,34.645270
NSGA-III,4,59,0.290821,0.238079,71.390073,0.072157,35.172943
NSGA-III,4,60,0.299605,0.233806,72.279446,0.071664,35.062609
NSGA-III,4,61,0.311813,0.228084,73.149562,0.070596,35.267712
NSGA-III,4,62,0.323767,0.224218,73.999740,0.070327,35.042935
NSGA-III,4,63,0.331789,0.218047,74.829393,0.069119,35.252855
NSGA-III,4,64,0.342611,0.213024,75.638022,0.068407,34.643450
NSGA-III,4,65,0.351672,0.208971,76.425215,0.068114,34.908560
NSGA-III,4,66,0.365260,0.203650,77.190648,0.067304,34.906995
NSGA-III,4,67,0.376838,0.198982,77.934079,0.066773,34.768517
NSGA-III,4,68,0.386561,0.193135,78.655345,0.065754,34.953426
NSGA-III,4,69,0.398159,0.188363,79.354360,0.065183,34.879156
NSGA-III,4,70,0.408466,0.183769,80.031110,0.064683,35.417960
NSGA-III,4,71,0.417910,0.180169,80.685647,0.064590,35.222649
NSGA-III,4,72,0.431431,0.174213,81.318086,0.063505,35.391914
NSGA-III,4,73,0.447114,0.170682,81.928601,0.063418,34.482095
NSGA-III,4,74,0.456052,0.164338,82.517419,0.062141,34.977794
NSGA-III,4,75,0.466507,0.160152,83.084817,0.061745,35.188921
NSGA-III,4,76,0.480448,0.155750,83.631114,0.061237,34.723059
NSGA-III,4,77,0.492381,0.151425,84.156669,0.060737,34.903302
NSGA-III,4,78,0.502987,0.146413,84.661876,0.059923,34.873135
NSGA-III,4,79,0.515021,0.142380,85.147159,0.059489,35.075181
NSGA-III,4,80,0.525347,0.137901,85.612970,0.058839,34.988575
NSGA-III,4,81,0.534433,0.135219,86.059781,0.058904,35.164938
NSGA-III,4,82,0.549768,0.130351,86.488083,0.058025,35.325159
NSGA-III,4,83,0.559411,0.125875,86.898383,0.057274,34.984356
NSGA-III,4,84,0.570291,0.122207,87.291198,0.056824,34.525788
NSGA-III,4,85,0.579415,0.119610,87.667055,0.056783,34.978990
NSGA-III,4,86,0.593159,0.115081,88.026485,0.055899,34.883071
NSGA-III,4,87,0.602806,0.111350,88.370024,0.055310,35.557071
NSGA-III,4,88,0.616509,0.109709,88.698207,0.055552,35.084949
NSGA-III,4,89,0.624660,0.105252,89.011568,0.054583,34.898058
NSGA-III,4,90,0.633041,0.101829,89.310636,0.054006,35.148654
NSGA-III,4,91,0.644884,0.099410,89.595939,0.053809,35.149859
NSGA-III,4,92,0.650432,0.097040,89.867994,0.053593,34.933479
NSGA-III,4,93,0.662886,0.093217,90.127312,0.052734,35.173240
NSGA-III,4,94,0.671126,0.090138,90.374395,0.052148,35.354222
NSGA-III,4,95,0.681733,0.088532,90.609732,0.052139,35.015864
NSGA-III,4,96,0.686655,0.086168,90.833805,0.051778,35.048520
NSGA-III,4,97,0.696237,0.083021,91.047083,0.051055,35.174434
NSGA-III,4,98,0.704586,0.080560,91.250019,0.050583,35.114256
NSGA-III,4,99,0.713990,0.078911,91.443060,0.050416,35.302196
NSGA-III,4,100,0.720347,0.076100,91.626633,0.049732,35.203601
NSGA-III,4,101,0.728585,0.074661,91.801156,0.049588,35.230795
NSGA-III,4,102,0.736621,0.073338,91.967033,0.049462,35.631653
NSGA-III,4,103,0.741434,0.070318,92.124652,0.048599,34.597307
NSGA-III,4,104,0.748918,0.069129,92.274390,0.048470,35.372949
NSGA-III,4,105,0.753679,0.067266,92.416610,0.048033,35.324577
NSGA-III,4,106,0.760004,0.065523,92.551661,0.047619,35.547907
NSGA-III,4,107,0.767167,0.064376,92.679877,0.047428,35.613285
NSGA-III,4,108,0.774223,0.063802,92.801583,0.047451,35.161133
NSGA-III,4,109,0.778343,0.061670,92.917087,0.046802,34.612589
NSGA-III,4,110,0.783508,0.060363,93.026687,0.046475,34.747353
NSGA-III,4,111,0.786431,0.058942,93.130668,0.046078,34.802695
NSGA-III,4,112,0.790030,0.058443,93.229303,0.046046,34.319929
NSGA-III,4,113,0.797460,0.056646,93.322852,0.045453,35.097881
NSGA-III,4,114,0.800674,0.055191,93.411567,0.044984,35.137817
NSGA-III,4,115,0.804691,0.054256,93.495685,0.044715,34.747015
NSGA-III,4,116,0.810701,0.054067,93.575435,0.044740,35.141512
NSGA-III,4,117,0.814335,0.053059,93.651034,0.044408,34.872645
NSGA-III,4,118,0.816778,0.051487,93.722692,0.043826,35.189941
NSGA-III,4,119,0.819935,0.050487,93.790605,0.043469,34.765700
NSGA-III,4,120,0.823169,0.049686,93.854963,0.043181,34.719022
NSGA-III,4,121,0.826325,0.048942,93.915947,0.042905,34.672575
NSGA-III,4,122,0.830562,0.048988,93.973729,0.042946,35.147616
NSGA-III,4,123,0.831785,0.047795,94.028470,0.042460,34.739882
NSGA-III,4,124,0.833108,0.047998,94.080329,0.042545,34.752624
NSGA-III,4,125,0.837951,0.046645,94.129451,0.041972,34.720212
NSGA-III,4,126,0.838745,0.046475,94.175979,0.041884,34.879885
NSGA-III,4,127,0.842666,0.045498,94.220047,0.041450,34.999286
NSGA-III,4,128,0.842641,0.045830,94.261781,0.041554,34.778190
NSGA-III,4,129,0.846120,0.044530,94.301303,0.040971,35.122622
NSGA-III,4,130,0.846951,0.044781,94.338728,0.041027,35.042337
NSGA-III,4,131,0.850236,0.043524,94.374165,0.040448,35.036228
NSGA-III,4,132,0.853880,0.043917,94.407719,0.040551,35.534173
NSGA-III,4,133,0.853793,0.042717,94.439487,0.039985,34.853535
NSGA-III,4,134,0.854736,0.042766,94.469563,0.039934,35.020167
NSGA-III,4,135,0.856373,0.042370,94.498036,0.039693,35.403370
NSGA-III,4,136,0.859859,0.042265,94.524991,0.039569,35.170537
NSGA-III,4,137,0.859840,0.041376,94.550507,0.039114,35.411727
NSGA-III,4,138,0.858896,0.042445,94.574660,0.039472,35.077728
NSGA-III,4,139,0.863406,0.041137,94.597522,0.038836,34.741082
NSGA-III,4,140,0.865200,0.041240,94.619162,0.038784,34.934987
NSGA-III,4,141,0.866353,0.041010,94.639644,0.038592,35.373835
NSGA-III,4,142,0.866095,0.039982,94.659029,0.038064,35.084476
NSGA-III,4,143,0.867070,0.039739,94.677376,0.037861,35.014838
NSGA-III,4,144,0.868101,0.039574,94.694740,0.037690,35.050505
NSGA-III,4,145,0.869364,0.039590,94.711173,0.037591,34.897694
NSGA-III,4,146,0.869158,0.039502,94.726724,0.037448,35.464670
NSGA-III,4,147,0.870395,0.039076,94.741441,0.037162,35.276569
NSGA-III,4,148,0.873047,0.039803,94.755368,0.037356,35.047987
NSGA-III,4,149,0.871238,0.039153,94.768547,0.036975,35.179234
NSGA-III,4,150,0.873518,0.038927,94.781019,0.036770,34.815785
NSGA-III,4,151,0.874187,0.038794,94.792820,0.036604,35.623288
NSGA-III,4,152,0.877403,0.040219,94.803987,0.037085,35.858824
NSGA-III,4,153,0.874218,0.038361,94.814553,0.036199,34.748447
NSGA-III,4,154,0.876190,0.038561,94.824551,0.036170,35.212901
NSGA-III,4,155,0.873208,0.039391,94.834012,0.036403,34.617803
NSGA-III,4,156,0.875031,0.038492,94.842963,0.035915,35.375954
NSGA-III,4,157,0.875539,0.038372,94.851433,0.035753,34.871916
NSGA-III,4,158,0.875666,0.038472,94.859446,0.035682,34.917391
NSGA-III,4,159,0.876393,0.038202,94.867028,0.035457,34.866116
NSGA-III,4,160,0.877324,0.037801,94.874202,0.035178,34.848486
NSGA-III,4,161,0.877642,0.037759,94.880990,0.035049,34.980231
NSGA-III,4,162,0.878549,0.037357,94.887411,0.034771,35.030033
NSGA-III,4,163,0.877925,0.037865,94.893487,0.034872,34.553954
NSGA-III,4,164,0.880550,0.037807,94.899235,0.034738,34.945912
NSGA-III,4,165,0.879907,0.037176,94.904674,0.034366,34.659743
NSGA-III,4,166,0.878745,0.037734,94.909819,0.034490,34.620456
NSGA-III,4,167,0.880544,0.037107,94.914687,0.034121,34.694831
NSGA-III,4,168,0.880894,0.037111,94.919292,0.034016,35.196077
NSGA-III,4,169,0.880131,0.037209,94.923649,0.033950,35.188935
NSGA-III,4,170,0.881776,0.037259,94.927771,0.033866,34.967201
NSGA-III,4,171,0.882708,0.037643,94.931671,0.033922,34.905350
NSGA-III,4,172,0.881334,0.036747,94.935361,0.033445,35.087283
NSGA-III,4,173,0.882330,0.037095,94.938851,0.033487,34.723516
NSGA-III,4,174,0.882235,0.036890,94.942153,0.033301,35.252818
NSGA-III,4,175,0.882058,0.036644,94.945277,0.033098,34.910696
NSGA-III,4,176,0.882518,0.036788,94.948232,0.033058,34.761693
NSGA-III,4,177,0.882198,0.036578,94.951028,0.032873,35.245048
NSGA-III,4,178,0.882308,0.036572,94.953672,0.032773,34.906137
NSGA-III,4,179,0.881998,0.036813,94.956175,0.032777,34.660119
NSGA-III,4,180,0.884099,0.037276,94.958542,0.032875,34.790834
NSGA-III,4,181,0.883624,0.036892,94.960781,0.032620,34.901458
NSGA-III,4,182,0.882422,0.036709,94.962899,0.032451,34.841256
NSGA-III,4,183,0.882192,0.036892,94.964903,0.032436,35.295688
NSGA-III,4,184,0.881865,0.037131,94.966799,0.032444,35.180107
NSGA-III,4,185,0.883281,0.036339,94.968592,0.032025,34.779894
NSGA-III,4,186,0.882777,0.036662,94.970289,0.032071,35.579911
NSGA-III,4,187,0.881929,0.037207,94.971894,0.032210,35.355147
NSGA-III,4,188,0.883775,0.036421,94.973412,0.031796,34.724974
NSGA-III,4,189,0.882424,0.036976,94.974849,0.031942,34.637707
NSGA-III,4,190,0.882681,0.036853,94.976207,0.031807,35.025160
NSGA-III,4,191,0.884728,0.036813,94.977493,0.031707,35.138946
NSGA-III,4,192,0.883977,0.036309,94.978709,0.031415,34.907714
NSGA-III,4,193,0.883979,0.036259,94.979859,0.031314,34.574628
NSGA-III,4,194,0.883589,0.036415,94.980947,0.031299,34.980258
NSGA-III,4,195,0.883366,0.036572,94.981977,0.031285,35.080243
NSGA-III,4,196,0.881719,0.037582,94.982950,0.031629,34.651910
NSGA-III,4,197,0.885540,0.037020,94.983872,0.031318,34.990024
NSGA-III,4,198,0.884623,0.036431,94.984743,0.030997,35.360272
NSGA-III,4,199,0.884792,0.036496,94.985567,0.030950,35.424850
NSGA-III,4,200,0.885370,0.036809,94.986347,0.031007,35.086928
NSGA-III,4,201,0.884619,0.036326,94.987085,0.030733,35.040711
NSGA-III,4,202,0.884110,0.036257,94.987783,0.030633,35.094873
NSGA-III,4,203,0.884524,0.036210,94.988443,0.030543,34.754610
NSGA-III,4,204,0.883562,0.036615,94.989067,0.030642,35.049682
NSGA-III,4,205,0.883673,0.036561,94.989658,0.030552,34.959764
NSGA-III,4,206,0.885526,0.036734,94.990217,0.030556,34.844995
NSGA-III,4,207,0.884945,0.036362,94.990745,0.030335,34.802103
NSGA-III,4,208,0.884478,0.036114,94.991245,0.030166,35.214927
NSGA-III,4,209,0.884044,0.036385,94.991719,0.030215,34.993290
NSGA-III,4,210,0.884671,0.036136,94.992166,0.030047,34.772928
NSGA-III,4,211,0.882812,0.037144,94.992589,0.030405,34.425392
NSGA-III,4,212,0.883963,0.036463,94.992990,0.030059,34.579445
NSGA-III,4,213,0.885211,0.036409,94.993369,0.029976,34.483462
NSGA-III,4,214,0.883968,0.036476,94.993727,0.029944,34.736651
NSGA-III,4,215,0.884892,0.036187,94.994066,0.029765,34.481643
NSGA-III,4,216,0.884010,0.036466,94.994387,0.029823,34.853479
NSGA-III,4,217,0.886422,0.037078,94.994690,0.030021,35.018194
NSGA-III,4,218,0.885019,0.036224,94.994977,0.029609,35.190552
NSGA-III,4,219,0.884069,0.036450,94.995248,0.029648,35.836108
NSGA-III,4,220,0.884036,0.036476,94.995505,0.029604,34.960931
NSGA-III,4,221,0.884956,0.036153,94.995748,0.029416,34.613180
NSGA-III,4,222,0.885255,0.036322,94.995978,0.029433,34.515691
NSGA-III,4,223,0.884158,0.036418,94.996195,0.029421,34.906804
NSGA-III,4,224,0.884609,0.036153,94.996401,0.029259,34.392776
NSGA-III,4,225,0.883943,0.036556,94.996595,0.029377,35.430917
NSGA-III,4,226,0.884736,0.036085,94.996779,0.029131,34.543012
NSGA-III,4,227,0.885873,0.036651,94.996953,0.029318,35.196870
NSGA-III,4,228,0.884665,0.036135,94.997118,0.029054,34.949962
NSGA-III,4,229,0.885151,0.036205,94.997274,0.029036,35.196023
NSGA-III,4,230,0.884480,0.036253,94.997421,0.029009,34.973824
NSGA-III,4,231,0.885374,0.036326,94.997560,0.028994,35.261443
NSGA-III,4,232,0.884605,0.036184,94.997692,0.028889,34.432151
NSGA-III,4,233,0.885861,0.036608,94.997817,0.029021,35.527358
NSGA-III,4,234,0.884128,0.036476,94.997935,0.028922,35.578251
NSGA-III,4,235,0.884211,0.036429,94.998046,0.028859,35.028638
NSGA-III,4,236,0.884951,0.036047,94.998152,0.028657,34.784665
NSGA-III,4,237,0.886018,0.036684,94.998252,0.028881,34.616887
NSGA-III,4,238,0.884316,0.036373,94.998346,0.028710,34.839754
NSGA-III,4,239,0.884675,0.036159,94.998436,0.028580,34.356776
NSGA-III,4,240,0.884867,0.036046,94.998520,0.028493,34.944269
NSGA-III,4,241,0.884766,0.036108,94.998600,0.028480,35.067773
NSGA-III,4,242,0.884913,0.036022,94.998676,0.028405,34.707011
NSGA-III,4,243,0.884214,0.036443,94.998747,0.028542,34.713139
NSGA-III,4,244,0.884661,0.036176,94.998815,0.028394,35.107197
NSGA-III,4,245,0.885182,0.036155,94.998879,0.028348,34.731401
NSGA-III,4,246,0.885203,0.036166,94.998940,0.028316,34.913237
NSGA-III,4,247,0.884817,0.036087,94.998997,0.028247,35.049919
NSGA-III,4,248,0.884878,0.036051,94.999051,0.028197,34.851077
NSGA-III,4,249,0.885372,0.036260,94.999102,0.028250,34.714781
NSGA-III,4,250,0.885070,0.036077,94.999151,0.028139,35.019575
NSGA-III,4,251,0.884626,0.036206,94.999197,0.028159,34.524615
NSGA-III,4,252,0.885450,0.036301,94.999240,0.028166,34.783209
NSGA-III,4,253,0.884983,0.036019,94.999281,0.028016,35.213559
NSGA-III,4,254,0.885503,0.036330,94.999320,0.028113,35.001425
NSGA-III,4,255,0.884019,0.036574,94.999357,0.028184,34.808287
NSGA-III,4,256,0.884769,0.036125,94.999392,0.027966,34.781694
NSGA-III,4,257,0.884619,0.036215,94.999425,0.027973,34.755602
NSGA-III,4,258,0.884068,0.036547,94.999456,0.028081,34.888727
NSGA-III,4,259,0.884603,0.036226,94.999485,0.027918,35.316673
NSGA-III,4,260,0.885131,0.036098,94.999513,0.027835,34.773453
NSGA-III,4,261,0.885489,0.036312,94.999539,0.027896,34.653142
NSGA-III,4,262,0.885154,0.036110,94.999564,0.027783,35.259428
NSGA-III,4,263,0.884062,0.036553,94.999588,0.027940,34.886964
NSGA-III,4,264,0.884980,0.036004,94.999610,0.027684,35.046479
NSGA-III,4,265,0.885165,0.036114,94.999631,0.027703,35.482661
NSGA-III,4,266,0.885748,0.036463,94.999651,0.027822,34.805160
NSGA-III,4,267,0.884671,0.036190,94.999670,0.027682,34.894683
NSGA-III,4,268,0.884924,0.036038,94.999688,0.027593,35.183318
NSGA-III,4,269,0.885385,0.036243,94.999705,0.027654,34.684910
NSGA-III,4,270,0.884514,0.036285,94.999721,0.027646,35.325856
NSGA-III,4,271,0.885501,0.036311,94.999736,0.027633,35.255049
NSGA-III,4,272,0.884721,0.036162,94.999750,0.027546,35.247237
NSGA-III,4,273,0.886190,0.036723,94.999763,0.027757,34.957562
NSGA-III,4,274,0.884472,0.036312,94.999776,0.027562,34.745313
NSGA-III,4,275,0.885079,0.036056,94.999788,0.027433,34.835614
NSGA-III,4,276,0.885476,0.036294,94.999800,0.027509,34.754625
NSGA-III,4,277,0.884821,0.036103,94.999811,0.027408,35.434662
NSGA-III,4,278,0.884753,0.036144,94.999821,0.027403,35.628327
NSGA-III,4,279,0.884680,0.036188,94.999830,0.027400,34.999908
NSGA-III,4,280,0.884936,0.036035,94.999840,0.027315,34.620693
NSGA-III,4,281,0.885154,0.036099,94.999848,0.027321,35.189537
NSGA-III,4,282,0.884757,0.036142,94.999857,0.027318,34.605063
NSGA-III,4,283,0.884255,0.036444,94.999864,0.027424,35.306520
NSGA-III,4,284,0.885240,0.036149,94.999872,0.027281,35.168544
NSGA-III,4,285,0.885306,0.036188,94.999879,0.027278,35.650297
NSGA-III,4,286,0.884537,0.036275,94.999885,0.027295,34.564478
NSGA-III,4,287,0.884653,0.036206,94.999891,0.027247,34.970754
NSGA-III,4,288,0.884758,0.036143,94.999897,0.027203,34.845125
NSGA-III,4,289,0.885083,0.036054,94.999903,0.027147,35.219143
NSGA-III,4,290,0.884528,0.036281,94.999908,0.027224,34.575095
NSGA-III,4,291,0.885506,0.036307,94.999913,0.027217,34.978875
NSGA-III,4,292,0.885520,0.036315,94.999918,0.027203,35.324600
NSGA-III,4,293,0.885159,0.036098,94.999922,0.027095,35.206464
NSGA-III,4,294,0.884603,0.036236,94.999926,0.027136,34.717865
NSGA-III,4,295,0.884572,0.036255,94.999930,0.027127,34.401487
NSGA-III,4,296,0.884642,0.036213,94.999934,0.027094,35.231665
NSGA-III,4,297,0.884267,0.036438,94.999938,0.027171,34.891235
NSGA-III,4,298,0.885345,0.036209,94.999941,0.027060,34.911039
NSGA-III,4,299,0.885490,0.036296,94.999944,0.027081,34.951767
NSGA-III,4,300,0.885145,0.036089,94.999947,0.026979,35.043893
MOEA-D,4,0,0.071470,0.367179,25.689364,0.145215,34.989367
MOEA-D,4,1,0.071959,0.366876,25.988432,0.143598,35.146238
MOEA-D,4,2,0.071533,0.367122,26.301793,0.142250,34.982360
MOEA-D,4,3,0.078596,0.366397,26.629976,0.140538,34.695000
MOEA-D,4,4,0.077459,0.364247,26.973515,0.138273,34.808186
MOEA-D,4,5,0.078635,0.363417,27.332945,0.136600,35.120910
MOEA-D,4,6,0.079547,0.362360,27.708802,0.134872,35.038379
MOEA-D,4,7,0.078926,0.362633,28.101617,0.133740,35.000757
MOEA-D,4,8,0.080806,0.361493,28.511917,0.132060,34.604375
MOEA-D,4,9,0.083179,0.360057,28.940219,0.130299,34.509498
MOEA-D,4,10,0.081646,0.360965,29.387030,0.129556,34.940384
MOEA-D,4,11,0.086872,0.357817,29.852841,0.127166,35.041329
MOEA-D,4,12,0.086783,0.357859,30.338124,0.126146,34.718078
MOEA-D,4,13,0.092848,0.356907,30.843331,0.124755,34.830223
MOEA-D,4,14,0.091055,0.355273,31.368886,0.123123,35.201668
MOEA-D,4,15,0.095267,0.353717,31.915183,0.121566,35.189656
MOEA-D,4,16,0.093760,0.353630,32.482581,0.120665,34.888359
MOEA-D,4,17,0.097498,0.351378,33.071399,0.118906,34.964393
MOEA-D,4,18,0.100003,0.349869,33.681914,0.117500,34.804049
MOEA-D,4,19,0.108612,0.351190,34.314353,0.117319,35.028574
MOEA-D,4,20,0.104939,0.346898,34.968890,0.114843,35.515705
MOEA-D,4,21,0.106866,0.345742,35.645640,0.113719,34.550780
MOEA-D,4,22,0.113443,0.344977,36.344655,0.112804,35.016390
MOEA-D,4,23,0.116357,0.343437,37.065921,0.111612,35.268756
MOEA-D,4,24,0.114463,0.341202,37.809352,0.110176,34.894404
MOEA-D,4,25,0.117293,0.339518,38.574785,0.109018,34.891209
MOEA-D,4,26,0.122048,0.336685,39.361978,0.107427,35.502784
MOEA-D,4,27,0.127057,0.335348,40.170607,0.106507,34.596096
MOEA-D,4,28,0.128576,0.332827,41.000260,0.105141,34.977176
MOEA-D,4,29,0.135410,0.332240,41.850438,0.104629,35.119227
MOEA-D,4,30,0.133861,0.329744,42.720554,0.103371,35.418072
MOEA-D,4,31,0.138154,0.327226,43.609927,0.102151,35.410621
MOEA-D,4,32,0.142738,0.324544,44.517787,0.100912,35.272041
MOEA-D,4,33,0.146864,0.322149,45.443272,0.099841,34.888789
MOEA-D,4,34,0.152319,0.319327,46.385434,0.098642,34.620141
MOEA-D,4,35,0.155945,0.316900,47.343233,0.097656,35.112611
MOEA-D,4,36,0.161717,0.314573,48.315550,0.096760,35.057303
MOEA-D,4,37,0.164067,0.312288,49.301184,0.095932,34.902820
MOEA-D,4,38,0.165941,0.311322,50.298861,0.095701,35.354913
MOEA-D,4,39,0.176916,0.306786,51.307235,0.094032,35.384498
MOEA-D,4,40,0.179919,0.303312,52.324900,0.092854,35.396766
MOEA-D,4,41,0.187211,0.300790,53.350396,0.092120,34.896628
MOEA-D,4,42,0.192452,0.297574,54.382214,0.091145,34.774482
MOEA-D,4,43,0.195932,0.294452,55.418807,0.090256,34.931078
MOEA-D,4,44,0.201568,0.291376,56.458601,0.089432,34.679162
MOEA-D,4,45,0.208813,0.287365,57.500000,0.088265,35.496510
MOEA-D,4,46,0.216054,0.284461,58.541399,0.087604,35.105579
MOEA-D,4,47,0.224157,0.282047,59.581193,0.087192,34.981956
MOEA-D,4,48,0.225984,0.278278,60.617786,0.086258,35.464351
MOEA-D,4,49,0.234681,0.273541,61.649604,0.084962,34.685152
MOEA-D,4,50,0.240634,0.270493,62.675100,0.084411,35.252573
MOEA-D,4,51,0.248592,0.266285,63.692765,0.083416,35.223236
MOEA-D,4,52,0.256599,0.262493,64.701139,0.082633,35.153597
MOEA-D,4,53,0.261417,0.259864,65.698816,0.082370,35.141136
MOEA-D,4,54,0.271349,0.254616,66.684450,0.081051,34.925296
MOEA-D,4,55,0.278378,0.251162,67.656767,0.080513,35.117690
MOEA-D,4,56,0.284553,0.248273,68.614566,0.080241,35.330643
MOEA-D,4,57,0.297040,0.243673,69.556728,0.079286,35.242373
MOEA-D,4,58,0.305320,0.239595,70.482213,0.078576,35.760514
MOEA-D,4,59,0.312564,0.234769,71.390073,0.077580,35.200040
MOEA-D,4,60,0.322484,0.231429,72.279446,0.077227,35.376228
MOEA-D,4,61,0.331325,0.227331,73.149562,0.076579,35.302726
MOEA-D,4,62,0.339824,0.222927,73.999740,0.075822,34.790815
MOEA-D,4,63,0.344135,0.219864,74.829393,0.075642,34.701647
MOEA-D,4,64,0.354893,0.214703,75.638022,0.074601,35.049153
MOEA-D,4,65,0.369087,0.211458,76.425215,0.074371,34.897166
MOEA-D,4,66,0.375181,0.205304,77.190648,0.072939,35.087604
MOEA-D,4,67,0.386160,0.202022,77.934079,0.072712,34.583068
MOEA-D,4,68,0.395156,0.197512,78.655345,0.071978,34.780840
MOEA-D,4,69,0.402105,0.193774,79.354360,0.071569,35.531365
MOEA-D,4,70,0.410547,0.190370,80.031110,0.071301,34.836312
MOEA-D,4,71,0.422321,0.185026,80.685647,0.070223,34.696296
MOEA-D,4,72,0.433014,0.180405,81.318086,0.069443,35.727628
MOEA-D,4,73,0.442680,0.176417,81.928601,0.068921,35.189086
MOEA-D,4,74,0.451737,0.172865,82.517419,0.068574,34.541147
MOEA-D,4,75,0.464213,0.169368,83.084817,0.068241,35.298341
MOEA-D,4,76,0.472373,0.164424,83.631114,0.067293,34.859726
MOEA-D,4,77,0.482843,0.160925,84.156669,0.066935,35.032436
MOEA-D,4,78,0.493871,0.157828,84.661876,0.066730,34.964516
MOEA-D,4,79,0.501275,0.153245,85.147159,0.065889,34.948768
MOEA-D,4,80,0.510147,0.150058,85.612970,0.065614,34.993820
MOEA-D,4,81,0.520994,0.145717,86.059781,0.064838,34.407198
MOEA-D,4,82,0.531216,0.142254,86.488083,0.064408,35.018346
MOEA-D,4,83,0.538881,0.139398,86.898383,0.064210,35.030679
MOEA-D,4,84,0.547585,0.136414,87.291198,0.063937,35.036434
MOEA-D,4,85,0.559413,0.131855,87.667055,0.062984,35.109791
MOEA-D,4,86,0.567490,0.128991,88.026485,0.062714,35.031990
MOEA-D,4,87,0.580466,0.126949,88.370024,0.062761,34.811543
MOEA-D,4,88,0.586108,0.122375,88.698207,0.061728,35.055603
MOEA-D,4,89,0.598772,0.120993,89.011568,0.062000,34.736485
MOEA-D,4,90,0.606356,0.117311,89.310636,0.061288,35.271388
MOEA-D,4,91,0.611208,0.114144,89.595939,0.060763,34.818175
MOEA-D,4,92,0.621481,0.110422,89.867994,0.059981,34.961803
MOEA-D,4,93,0.628404,0.108337,90.127312,0.059854,35.011525
MOEA-D,4,94,0.638221,0.105188,90.374395,0.059258,34.873853
MOEA-D,4,95,0.644748,0.102976,90.609732,0.059025,35.392639
MOEA-D,4,96,0.652112,0.100749,90.833805,0.058759,35.437737
MOEA-D,4,97,0.662040,0.097898,91.047083,0.058206,34.928397
MOEA-D,4,98,0.669743,0.095688,91.250019,0.057895,35.673086
MOEA-D,4,99,0.675985,0.092842,91.443060,0.057292,34.997983
MOEA-D,4,100,0.682534,0.090991,91.626633,0.057079,35.024655
MOEA-D,4,101,0.688624,0.089381,91.801156,0.056942,34.768484
MOEA-D,4,102,0.697202,0.086655,91.967033,0.056314,35.380686
MOEA-D,4,103,0.705543,0.085735,92.124652,0.056414,34.991246
MOEA-D,4,104,0.711214,0.083392,92.274390,0.055898,34.894182
MOEA-D,4,105,0.716631,0.081073,92.416610,0.055369,34.926838
MOEA-D,4,106,0.721428,0.079360,92.551661,0.055069,35.285513
MOEA-D,4,107,0.727446,0.077560,92.679877,0.054711,34.882182
MOEA-D,4,108,0.732884,0.076066,92.801583,0.054459,34.732004
MOEA-D,4,109,0.739358,0.074161,92.917087,0.054014,34.958318
MOEA-D,4,110,0.744182,0.072695,93.026687,0.053733,35.234752
MOEA-D,4,111,0.749171,0.071339,93.130668,0.053478,35.156656
MOEA-D,4,112,0.750289,0.072262,93.229303,0.054153,35.164375
MOEA-D,4,113,0.760424,0.068883,93.322852,0.053017,34.815030
MOEA-D,4,114,0.763501,0.067391,93.411567,0.052649,35.094482
MOEA-D,4,115,0.769397,0.066233,93.495685,0.052404,35.004705
MOEA-D,4,116,0.773282,0.064765,93.575435,0.052013,35.373496
MOEA-D,4,117,0.778707,0.064362,93.651034,0.052050,35.592567
MOEA-D,4,118,0.782466,0.063097,93.722692,0.051712,35.447636
MOEA-D,4,119,0.784168,0.061867,93.790605,0.051374,35.189770
MOEA-D,4,120,0.787139,0.061332,93.854963,0.051311,35.297874
MOEA-D,4,121,0.794123,0.060315,93.915947,0.051035,35.462347
MOEA-D,4,122,0.796070,0.058474,93.973729,0.050401,35.209111
MOEA-D,4,123,0.798539,0.057992,94.028470,0.050322,34.258641
MOEA-D,4,124,0.801880,0.057075,94.080329,0.050050,35.200422
MOEA-D,4,125,0.806919,0.056651,94.129451,0.049971,34.609038
MOEA-D,4,126,0.811349,0.056751,94.175979,0.050101,35.072704
MOEA-D,4,127,0.810759,0.054785,94.220047,0.049359,35.279448
MOEA-D,4,128,0.813056,0.054347,94.261781,0.049244,34.961396
MOEA-D,4,129,0.817660,0.053473,94.301303,0.048938,35.380868
MOEA-D,4,130,0.819621,0.052487,94.338728,0.048576,35.585447
MOEA-D,4,131,0.821989,0.051834,94.374165,0.048345,35.184127
MOEA-D,4,132,0.821921,0.052453,94.407719,0.048636,35.095366
MOEA-D,4,133,0.825072,0.051339,94.439487,0.048197,35.421086
MOEA-D,4,134,0.828006,0.050325,94.469563,0.047793,35.064943
MOEA-D,4,135,0.827955,0.051073,94.498036,0.048116,34.961715
MOEA-D,4,136,0.833055,0.049347,94.524991,0.047401,34.770130
MOEA-D,4,137,0.833635,0.049016,94.550507,0.047263,34.947945
MOEA-D,4,138,0.836726,0.048421,94.574660,0.047008,34.810731
MOEA-D,4,139,0.836742,0.048398,94.597522,0.046986,35.514163
MOEA-D,4,140,0.837771,0.048366,94.619162,0.046955,35.374370
MOEA-D,4,141,0.842320,0.047575,94.639644,0.046604,35.308049
MOEA-D,4,142,0.841825,0.047034,94.659029,0.046352,34.704431
MOEA-D,4,143,0.845632,0.047058,94.677376,0.046331,34.946670
MOEA-D,4,144,0.845555,0.045842,94.694740,0.045789,34.620155
MOEA-D,4,145,0.848015,0.046200,94.711173,0.045900,35.094977
MOEA-D,4,146,0.847564,0.045532,94.726724,0.045580,35.109185
MOEA-D,4,147,0.848611,0.045341,94.741441,0.045455,35.308024
MOEA-D,4,148,0.849891,0.044990,94.755368,0.045261,34.762828
MOEA-D,4,149,0.852184,0.044703,94.768547,0.045090,34.821049
MOEA-D,4,150,0.852767,0.044162,94.781019,0.044811,35.383301
MOEA-D,4,151,0.855553,0.044983,94.792820,0.045098,35.298536
MOEA-D,4,152,0.855410,0.044085,94.803987,0.044666,35.279640
MOEA-D,4,153,0.855540,0.043438,94.814553,0.044336,34.954849
MOEA-D,4,154,0.856770,0.043385,94.824551,0.044252,34.833140
MOEA-D,4,155,0.859156,0.044109,94.834012,0.044490,34.757672
MOEA-D,4,156,0.858828,0.043237,94.842963,0.044061,35.253632
MOEA-D,4,157,0.858200,0.043048,94.851433,0.043916,34.537141
MOEA-D,4,158,0.859750,0.042531,94.859446,0.043633,35.045110
MOEA-D,4,159,0.861844,0.043201,94.867028,0.043843,34.601925
MOEA-D,4,160,0.861259,0.042289,94.874202,0.043393,34.723730
MOEA-D,4,161,0.862791,0.042674,94.880990,0.043482,35.577410
MOEA-D,4,162,0.862382,0.041918,94.887411,0.043095,35.438852
MOEA-D,4,163,0.861773,0.042355,94.893487,0.043205,35.076220
MOEA-D,4,164,0.862687,0.042012,94.899235,0.042989,35.220265
MOEA-D,4,165,0.864411,0.041741,94.904674,0.042802,34.516808
MOEA-D,4,166,0.864375,0.041385,94.909819,0.042580,35.254648
MOEA-D,4,167,0.867422,0.042721,94.914687,0.043062,34.802207
MOEA-D,4,168,0.864775,0.041497,94.919292,0.042477,34.935926
MOEA-D,4,169,0.866203,0.041238,94.923649,0.042295,35.270077
MOEA-D,4,170,0.866386,0.040997,94.927771,0.042119,35.218857
MOEA-D,4,171,0.867269,0.041193,94.931671,0.042126,35.503790
MOEA-D,4,172,0.868541,0.041638,94.935361,0.042236,35.275424
MOEA-D,4,173,0.866922,0.040960,94.938851,0.041878,34.667151
MOEA-D,4,174,0.867683,0.040634,94.942153,0.041668,35.454506
MOEA-D,4,175,0.867876,0.040643,94.945277,0.041597,35.371139
MOEA-D,4,176,0.869146,0.040868,94.948232,0.041616,34.716716
MOEA-D,4,177,0.867319,0.041211,94.951028,0.041684,35.272602
MOEA-D,4,178,0.869221,0.040422,94.953672,0.041282,34.693669
MOEA-D,4,179,0.868854,0.040502,94.956175,0.041241,35.094352
MOEA-D,4,180,0.870003,0.040444,94.958542,0.041144,34.922375
MOEA-D,4,181,0.871671,0.041237,94.960781,0.041401,35.323328
MOEA-D,4,182,0.869064,0.040661,94.962899,0.041089,35.245395
MOEA-D,4,183,0.872587,0.041400,94.964903,0.041324,34.976127
MOEA-D,4,184,0.871209,0.040394,94.966799,0.040833,35.367831
MOEA-D,4,185,0.871267,0.040256,94.968592,0.040705,35.082374
MOEA-D,4,186,0.872054,0.040565,94.970289,0.040763,34.955541
MOEA-D,4,187,0.871907,0.040321,94.971894,0.040591,35.007478
MOEA-D,4,188,0.870888,0.040031,94.973412,0.040401,35.411398
MOEA-D,4,189,0.870961,0.040052,94.974849,0.040341,35.142300
MOEA-D,4,190,0.871181,0.039983,94.976207,0.040243,35.587480
MOEA-D,4,191,0.871324,0.039957,94.977493,0.040165,34.432925
MOEA-D,4,192,0.872602,0.040061,94.978709,0.040141,34.764923
MOEA-D,4,193,0.871701,0.039842,94.979859,0.039983,35.300143
MOEA-D,4,194,0.871407,0.040070,94.980947,0.040013,34.978179
MOEA-D,4,195,0.871986,0.039772,94.981977,0.039823,35.512061
MOEA-D,4,196,0.872975,0.039847,94.982950,0.039790,35.158325
MOEA-D,4,197,0.873948,0.040335,94.983872,0.039929,35.019201
MOEA-D,4,198,0.873915,0.040222,94.984743,0.039819,35.350360
MOEA-D,4,199,0.873043,0.039612,94.985567,0.039503,35.160194
MOEA-D,4,200,0.872740,0.039536,94.986347,0.039409,35.383199
MOEA-D,4,201,0.872954,0.039445,94.987085,0.039310,34.588897
MOEA-D,4,202,0.874306,0.040130,94.987783,0.039535,34.612828
MOEA-D,4,203,0.873615,0.039642,94.988443,0.039272,34.858362
MOEA-D,4,204,0.873217,0.039390,94.989067,0.039108,35.390650
MOEA-D,4,205,0.874334,0.039939,94.989658,0.039279,35.201270
MOEA-D,4,206,0.874293,0.039852,94.990217,0.039185,35.183865
MOEA-D,4,207,0.873215,0.039480,94.990745,0.038973,35.179334
MOEA-D,4,208,0.873647,0.039347,94.991245,0.038861,34.750210
MOEA-D,4,209,0.873515,0.039353,94.991719,0.038808,35.307171
MOEA-D,4,210,0.873457,0.039413,94.992166,0.038778,34.871134
MOEA-D,4,211,0.874348,0.039612,94.992589,0.038807,35.220800
MOEA-D,4,212,0.874685,0.039767,94.992990,0.038818,35.059048
MOEA-D,4,213,0.873676,0.039348,94.993369,0.038591,34.824638
MOEA-D,4,214,0.873403,0.039533,94.993727,0.038616,34.864393
MOEA-D,4,215,0.872769,0.039933,94.994066,0.038731,35.090375
MOEA-D,4,216,0.874436,0.039450,94.994387,0.038480,35.075241
MOEA-D,4,217,0.873329,0.039633,94.994690,0.038506,34.563895
MOEA-D,4,218,0.873409,0.039602,94.994977,0.038444,35.089600
MOEA-D,4,219,0.874698,0.039502,94.995248,0.038353,35.009899
MOEA-D,4,220,0.873734,0.039439,94.995505,0.038279,34.676976
MOEA-D,4,221,0.874722,0.039453,94.995748,0.038238,35.479860
MOEA-D,4,222,0.873056,0.039874,94.995978,0.038366,34.871460
MOEA-D,4,223,0.874151,0.039230,94.996195,0.038052,35.111038
MOEA-D,4,224,0.874615,0.039306,94.996401,0.038038,34.809601
MOEA-D,4,225,0.873994,0.039350,94.996595,0.038012,35.395733
MOEA-D,4,226,0.875626,0.039863,94.996779,0.038181,35.392213
MOEA-D,4,227,0.875701,0.039885,94.996953,0.038147,34.708763
MOEA-D,4,228,0.874783,0.039312,94.997118,0.037866,35.247198
MOEA-D,4,229,0.875893,0.039958,94.997274,0.038092,34.817149
MOEA-D,4,230,0.874043,0.039374,94.997421,0.037807,35.290403
MOEA-D,4,231,0.874715,0.039212,94.997560,0.037699,35.033325
MOEA-D,4,232,0.875145,0.039453,94.997692,0.037758,34.872086
MOEA-D,4,233,0.874999,0.039348,94.997817,0.037675,35.230248
MOEA-D,4,234,0.874176,0.039328,94.997935,0.037627,34.719499
MOEA-D,4,235,0.875184,0.039427,94.998046,0.037630,34.968076
MOEA-D,4,236,0.875872,0.039824,94.998152,0.037757,34.791844
MOEA-D,4,237,0.874313,0.039268,94.998252,0.037488,34.917168
MOEA-D,4,238,0.874343,0.039257,94.998346,0.037446,35.021442
MOEA-D,4,239,0.875075,0.039306,94.998436,0.037430,34.916068
MOEA-D,4,240,0.874392,0.039239,94.998520,0.037366,34.314380
MOEA-D,4,241,0.875355,0.039450,94.998600,0.037419,34.753771
MOEA-D,4,242,0.875071,0.039268,94.998676,0.037308,35.240726
MOEA-D,4,243,0.875859,0.039731,94.998747,0.037466,35.128010
MOEA-D,4,244,0.874475,0.039211,94.998815,0.037216,34.919532
MOEA-D,4,245,0.874309,0.039315,94.998879,0.037226,34.780289
MOEA-D,4,246,0.875314,0.039374,94.998940,0.037218,34.474031
MOEA-D,4,247,0.874574,0.039165,94.998997,0.037098,34.708224
MOEA-D,4,248,0.875431,0.039428,94.999051,0.037176,34.544499
MOEA-D,4,249,0.875033,0.039181,94.999102,0.037041,34.672435
MOEA-D,4,250,0.873996,0.039524,94.999151,0.037153,35.261390
MOEA-D,4,251,0.875172,0.039250,94.999197,0.037009,35.395939
MOEA-D,4,252,0.874684,0.039118,94.999240,0.036924,35.140637
MOEA-D,4,253,0.873597,0.039774,94.999281,0.037168,35.241338
MOEA-D,4,254,0.874993,0.039122,94.999320,0.036867,35.339027
MOEA-D,4,255,0.875275,0.039286,94.999357,0.036906,34.716224
MOEA-D,4,256,0.875623,0.039489,94.999392,0.036963,35.033780
MOEA-D,4,257,0.874424,0.039289,94.999425,0.036852,34.967216
MOEA-D,4,258,0.875296,0.039282,94.999456,0.036822,35.170729
MOEA-D,4,259,0.875313,0.039287,94.999485,0.036797,35.201490
MOEA-D,4,260,0.874780,0.039083,94.999513,0.036685,34.882244
MOEA-D,4,261,0.873942,0.039588,94.999539,0.036869,34.944262
MOEA-D,4,262,0.874191,0.039441,94.999564,0.036782,35.439759
MOEA-D,4,263,0.874528,0.039241,94.999588,0.036674,34.900309
MOEA-D,4,264,0.874074,0.039515,94.999610,0.036763,34.975536
MOEA-D,4,265,0.874272,0.039398,94.999631,0.036690,34.975996
MOEA-D,4,266,0.874442,0.039298,94.999651,0.036624,34.723346
MOEA-D,4,267,0.874752,0.039114,94.999670,0.036524,34.766056
MOEA-D,4,268,0.873804,0.039684,94.999688,0.036738,34.918782
MOEA-D,4,269,0.874503,0.039266,94.999705,0.036541,35.740619
MOEA-D,4,270,0.874299,0.039390,94.999721,0.036569,35.547890
MOEA-D,4,271,0.875389,0.039289,94.999736,0.036505,34.987367
MOEA-D,4,272,0.875828,0.039550,94.999750,0.036592,34.489197
MOEA-D,4,273,0.875405,0.039294,94.999763,0.036464,34.754489
MOEA-D,4,274,0.875090,0.039102,94.999776,0.036362,34.834687
MOEA-D,4,275,0.875177,0.039152,94.999788,0.036362,35.077846
MOEA-D,4,276,0.874560,0.039241,94.999800,0.036379,35.259057
MOEA-D,4,277,0.874678,0.039171,94.999811,0.036329,34.910126
MOEA-D,4,278,0.875307,0.039224,94.999821,0.036331,34.891588
MOEA-D,4,279,0.874972,0.039021,94.999830,0.036227,35.044330
MOEA-D,4,280,0.875175,0.039141,94.999840,0.036258,34.832589
MOEA-D,4,281,0.874070,0.039540,94.999848,0.036405,34.928736
MOEA-D,4,282,0.875346,0.039241,94.999857,0.036261,34.616118
MOEA-D,4,283,0.874972,0.039015,94.999864,0.036149,35.144415
MOEA-D,4,284,0.874992,0.039025,94.999872,0.036135,35.197709
MOEA-D,4,285,0.874706,0.039161,94.999879,0.036174,34.904443
MOEA-D,4,286,0.876055,0.039660,94.999885,0.036364,35.549695
MOEA-D,4,287,0.875617,0.039396,94.999891,0.036236,35.271993
MOEA-D,4,288,0.875036,0.039046,94.999897,0.036074,34.878397
MOEA-D,4,289,0.875015,0.039033,94.999903,0.036051,34.982934
MOEA-D,4,290,0.874849,0.039079,94.999908,0.036054,35.294201
MOEA-D,4,291,0.875165,0.039120,94.999913,0.036055,35.164835
MOEA-D,4,292,0.874945,0.039022,94.999918,0.035998,34.882617
MOEA-D,4,293,0.875196,0.039137,94.999922,0.036030,34.742894
MOEA-D,4,294,0.874522,0.039277,94.999926,0.036073,34.962626
MOEA-D,4,295,0.874314,0.039402,94.999930,0.036110,34.891612
MOEA-D,4,296,0.875314,0.039205,94.999934,0.036013,34.769927
MOEA-D,4,297,0.875178,0.039123,94.999938,0.035964,35.112281
MOEA-D,4,298,0.874939,0.039028,94.999941,0.035910,35.358271
MOEA-D,4,299,0.875474,0.039299,94.999944,0.036008,34.789509
MOEA-D,4,300,0.875338,0.039217,94.999947,0.035960,34.616120
NSGA-II,4,0,0.086549,0.363307,25.992796,0.145879,35.302491
NSGA-II,4,1,0.081884,0.361917,26.307816,0.143771,35.706999
NSGA-II,4,2,0.083311,0.361093,26.637889,0.141942,34.706064
NSGA-II,4,3,0.084855,0.360200,26.983574,0.140126,35.132234
NSGA-II,4,4,0.090576,0.358931,27.345435,0.138196,35.287052
NSGA-II,4,5,0.090226,0.357049,27.724035,0.136053,34.998980
NSGA-II,4,6,0.094586,0.357533,28.119938,0.134938,34.943049
NSGA-II,4,7,0.096905,0.356914,28.533703,0.133406,35.085204
NSGA-II,4,8,0.092302,0.355925,28.965886,0.131762,35.089569
NSGA-II,4,9,0.098185,0.353426,29.417031,0.129532,35.178162
NSGA-II,4,10,0.097162,0.353101,29.887672,0.128250,34.558185
NSGA-II,4,11,0.101035,0.350828,30.378326,0.126198,35.236175
NSGA-II,4,12,0.101732,0.350463,30.889491,0.124985,34.810079
NSGA-II,4,13,0.108821,0.350304,31.421642,0.123899,35.296884
NSGA-II,4,14,0.110876,0.348940,31.975227,0.122355,34.821861
NSGA-II,4,15,0.111866,0.346842,32.550659,0.120547,35.311258
NSGA-II,4,16,0.114536,0.345655,33.148318,0.119162,34.946264
NSGA-II,4,17,0.113361,0.343808,33.768540,0.117545,35.003326
NSGA-II,4,18,0.116534,0.341981,34.411616,0.115979,35.176690
NSGA-II,4,19,0.118683,0.340775,35.077785,0.114716,34.793526
NSGA-II,4,20,0.124534,0.339484,35.767231,0.113460,35.031428
NSGA-II,4,21,0.127164,0.337753,36.480074,0.112064,35.329538
NSGA-II,4,22,0.127033,0.336049,37.216370,0.110723,34.935200
NSGA-II,4,23,0.131152,0.333687,37.976104,0.109151,35.335859
NSGA-II,4,24,0.136807,0.332929,38.759184,0.108292,34.995333
NSGA-II,4,25,0.136651,0.330628,39.565440,0.106833,35.064224
NSGA-II,4,26,0.141136,0.328071,40.394617,0.105310,34.752543
NSGA-II,4,27,0.143206,0.326972,41.246372,0.104440,34.262335
NSGA-II,4,28,0.148922,0.324371,42.120273,0.102986,35.053453
NSGA-II,4,29,0.152453,0.322218,43.015795,0.101763,34.912613
NSGA-II,4,30,0.157247,0.320693,43.932317,0.100846,34.784517
NSGA-II,4,31,0.157834,0.318879,44.869123,0.099851,34.548080
NSGA-II,4,32,0.162391,0.316347,45.825402,0.098600,35.234508
NSGA-II,4,33,0.168980,0.313729,46.800247,0.097357,35.061659
NSGA-II,4,34,0.172392,0.310837,47.792657,0.096043,35.032707
NSGA-II,4,35,0.172417,0.311031,48.801539,0.096057,34.965982
NSGA-II,4,36,0.182882,0.306838,49.825713,0.094285,34.530837
NSGA-II,4,37,0.185446,0.303764,50.863914,0.093023,35.196459
NSGA-II,4,38,0.189878,0.301409,51.914800,0.092101,35.621926
NSGA-II,4,39,0.197992,0.299416,52.976954,0.091372,35.393148
NSGA-II,4,40,0.200291,0.295833,54.048895,0.090021,34.900784
NSGA-II,4,41,0.208261,0.293881,55.129084,0.089390,35.297642
NSGA-II,4,42,0.213232,0.290804,56.215932,0.088330,34.361941
NSGA-II,4,43,0.218008,0.287470,57.307810,0.087203,35.114460
NSGA-II,4,44,0.216731,0.287597,58.403060,0.087556,35.423584
NSGA-II,4,45,0.227594,0.281553,59.500000,0.085375,35.221372
NSGA-II,4,46,0.234337,0.278009,60.596940,0.084274,35.177565
NSGA-II,4,47,0.240003,0.275142,61.692190,0.083490,34.827246
NSGA-II,4,48,0.243251,0.273758,62.784068,0.083359,34.339793
NSGA-II,4,49,0.256677,0.270604,63.870916,0.082526,34.804869
NSGA-II,4,50,0.261899,0.266599,64.951105,0.081371,34.788432
NSGA-II,4,51,0.265923,0.262048,66.023046,0.080020,35.292864
NSGA-II,4,52,0.274396,0.259451,67.085200,0.079515,34.881139
NSGA-II,4,53,0.279533,0.255322,68.136086,0.078401,34.884103
NSGA-II,4,54,0.288986,0.253089,69.174287,0.078106,34.914378
NSGA-II,4,55,0.292558,0.249100,70.198461,0.077106,34.640009
NSGA-II,4,56,0.299577,0.245745,71.207343,0.076396,34.906447
NSGA-II,4,57,0.307288,0.242015,72.199753,0.075555,35.535678
NSGA-II,4,58,0.311200,0.240606,73.174598,0.075703,34.799623
NSGA-II,4,59,0.322564,0.234767,74.130877,0.074027,34.931315
NSGA-II,4,60,0.331950,0.231065,75.067683,0.073262,34.984912
NSGA-II,4,61,0.339836,0.227528,75.984205,0.072584,34.748540
NSGA-II,4,62,0.348265,0.224246,76.879727,0.072029,34.477639
NSGA-II,4,63,0.352387,0.221220,77.753628,0.071596,34.997146
NSGA-II,4,64,0.364354,0.217037,78.605383,0.070695,35.473196
NSGA-II,4,65,0.371851,0.213026,79.434560,0.069877,35.063234
NSGA-II,4,66,0.378902,0.209024,80.240816,0.069074,34.870108
NSGA-II,4,67,0.386617,0.205718,81.023896,0.068570,35.365781
NSGA-II,4,68,0.395826,0.201655,81.783630,0.067758,35.778818
NSGA-II,4,69,0.404713,0.198350,82.519926,0.067268,35.192357
NSGA-II,4,70,0.410155,0.195811,83.232769,0.067101,34.607187
NSGA-II,4,71,0.422163,0.191516,83.922215,0.066205,34.916702
NSGA-II,4,72,0.428686,0.187700,84.588384,0.065510,34.686399
NSGA-II,4,73,0.437376,0.184046,85.231460,0.064882,35.003818
NSGA-II,4,74,0.445931,0.180508,85.851682,0.064301,35.033399
NSGA-II,4,75,0.454987,0.176703,86.449341,0.063605,35.128017
NSGA-II,4,76,0.463186,0.173445,87.024773,0.063133,34.433120
NSGA-II,4,77,0.473299,0.170577,87.578358,0.062818,35.118281
NSGA-II,4,78,0.481490,0.167009,88.110509,0.062204,34.561765
NSGA-II,4,79,0.490394,0.163922,88.621674,0.061782,35.337254
NSGA-II,4,80,0.496205,0.160564,89.112328,0.061239,34.534021
NSGA-II,4,81,0.503649,0.157892,89.582969,0.060970,34.818596
NSGA-II,4,82,0.516147,0.154476,90.034114,0.060381,35.414101
NSGA-II,4,83,0.522439,0.150264,90.466297,0.059447,34.930804
NSGA-II,4,84,0.530026,0.147559,90.880062,0.059128,35.025007
NSGA-II,4,85,0.536062,0.145798,91.275965,0.059189,35.324369
NSGA-II,4,86,0.547559,0.141266,91.654565,0.058080,34.590129
NSGA-II,4,87,0.557080,0.139204,92.016426,0.057985,34.838932
NSGA-II,4,88,0.562542,0.135550,92.362111,0.057210,34.927028
NSGA-II,4,89,0.569462,0.133289,92.692184,0.057000,35.128671
NSGA-II,4,90,0.575631,0.131480,93.007204,0.056960,34.765455
NSGA-II,4,91,0.584659,0.127955,93.307723,0.056188,35.443999
NSGA-II,4,92,0.593677,0.124433,93.594287,0.055400,35.027978
NSGA-II,4,93,0.601470,0.121641,93.867436,0.054897,34.845448
NSGA-II,4,94,0.608030,0.119581,94.127696,0.054681,35.246524
NSGA-II,4,95,0.618385,0.117959,94.375585,0.054629,35.692299
NSGA-II,4,96,0.622290,0.114748,94.611608,0.053896,35.221494
NSGA-II,4,97,0.630518,0.112005,94.836260,0.053339,34.908523
NSGA-II,4,98,0.635851,0.110281,95.050021,0.053188,34.972950
NSGA-II,4,99,0.644791,0.107882,95.253356,0.052736,34.922934
NSGA-II,4,100,0.650938,0.105433,95.446720,0.052245,35.588298
NSGA-II,4,101,0.659074,0.104318,95.630551,0.052291,35.262680
NSGA-II,4,102,0.661995,0.101720,95.805274,0.051700,35.143573
NSGA-II,4,103,0.667276,0.100279,95.971300,0.051572,34.656910
NSGA-II,4,104,0.675301,0.097167,96.129025,0.050730,34.614112
NSGA-II,4,105,0.681801,0.095364,96.278830,0.050416,34.715668
NSGA-II,4,106,0.685261,0.094519,96.421083,0.050483,35.073346
NSGA-II,4,107,0.691999,0.092101,96.556137,0.049876,35.151096
NSGA-II,4,108,0.698686,0.090013,96.684334,0.049390,35.112632
NSGA-II,4,109,0.704327,0.088511,96.805998,0.049130,34.960903
NSGA-II,4,110,0.709017,0.086589,96.921444,0.048679,35.188543
NSGA-II,4,111,0.715743,0.085991,97.030970,0.048763,34.972368
NSGA-II,4,112,0.719505,0.083763,97.134866,0.048152,35.064736
NSGA-II,4,113,0.722231,0.083087,97.233404,0.048173,34.934321
NSGA-II,4,114,0.726238,0.082096,97.326850,0.048046,35.286467
NSGA-II,4,115,0.736379,0.081203,97.415455,0.047945,34.655041
NSGA-II,4,116,0.742096,0.080656,97.499458,0.047975,34.672942
NSGA-II,4,117,0.742763,0.077201,97.579089,0.046778,34.772764
NSGA-II,4,118,0.746109,0.075505,97.654568,0.046300,34.999861
NSGA-II,4,119,0.749993,0.074427,97.726104,0.046067,34.280024
NSGA-II,4,120,0.756785,0.074761,97.793895,0.046409,34.990949
NSGA-II,4,121,0.758015,0.072109,97.858131,0.045495,34.906630
NSGA-II,4,122,0.761616,0.071021,97.918994,0.045220,35.523278
NSGA-II,4,123,0.764058,0.070682,97.976656,0.045245,35.418604
NSGA-II,4,124,0.769768,0.069645,98.031279,0.044969,34.696341
NSGA-II,4,125,0.771917,0.068125,98.083022,0.044480,34.998052
NSGA-II,4,126,0.775007,0.067305,98.132032,0.044272,35.192151
NSGA-II,4,127,0.776165,0.067614,98.178449,0.044524,35.468091
NSGA-II,4,128,0.781866,0.065642,98.222409,0.043817,35.447698
NSGA-II,4,129,0.783067,0.065391,98.264039,0.043817,34.764677
NSGA-II,4,130,0.785935,0.064587,98.303460,0.043578,35.219483
NSGA-II,4,131,0.787241,0.064692,98.340788,0.043708,35.239928
NSGA-II,4,132,0.794664,0.063540,98.376130,0.043307,35.165364
NSGA-II,4,133,0.793987,0.062339,98.409593,0.042877,35.176222
NSGA-II,4,134,0.798985,0.061747,98.441273,0.042694,35.227621
NSGA-II,4,135,0.801055,0.060914,98.471265,0.042402,34.479285
NSGA-II,4,136,0.801868,0.059956,98.499657,0.042052,34.991006
NSGA-II,4,137,0.805058,0.059390,98.526534,0.041858,34.570205
NSGA-II,4,138,0.808013,0.059307,98.551975,0.041859,35.440098
NSGA-II,4,139,0.812233,0.060052,98.576057,0.042199,35.423030
NSGA-II,4,140,0.812835,0.058692,98.598850,0.041656,34.963722
NSGA-II,4,141,0.812845,0.057041,98.620425,0.040986,34.999618
NSGA-II,4,142,0.813033,0.057295,98.640844,0.041105,34.868026
NSGA-II,4,143,0.815962,0.056134,98.660169,0.040629,34.867543
NSGA-II,4,144,0.816953,0.056115,98.678459,0.040624,34.959259
NSGA-II,4,145,0.819480,0.055153,98.695768,0.040222,34.679858
NSGA-II,4,146,0.819786,0.055505,98.712149,0.040362,34.895241
NSGA-II,4,147,0.822916,0.054374,98.727651,0.039881,34.825991
NSGA-II,4,148,0.826287,0.055132,98.742321,0.040183,34.735240
NSGA-II,4,149,0.828383,0.055174,98.756203,0.040183,34.817403
NSGA-II,4,150,0.826812,0.053248,98.769340,0.039360,34.790656
NSGA-II,4,151,0.828064,0.052944,98.781770,0.039209,35.075433
NSGA-II,4,152,0.829471,0.052530,98.793533,0.039010,35.190966
NSGA-II,4,153,0.829503,0.052926,98.804663,0.039145,35.149894
NSGA-II,4,154,0.831452,0.052157,98.815194,0.038791,35.162894
NSGA-II,4,155,0.832491,0.051918,98.825159,0.038656,34.634314
NSGA-II,4,156,0.835754,0.052309,98.834588,0.038781,34.554857
NSGA-II,4,157,0.836199,0.051691,98.843509,0.038484,34.711865
NSGA-II,4,158,0.837694,0.051739,98.851950,0.038462,34.938535
NSGA-II,4,159,0.837908,0.051051,98.859937,0.038131,35.276513
NSGA-II,4,160,0.836675,0.051130,98.867493,0.038118,35.524213
NSGA-II,4,161,0.838403,0.050400,98.874642,0.037766,35.205717
NSGA-II,4,162,0.839512,0.050030,98.881407,0.037563,35.153371
NSGA-II,4,163,0.838462,0.050944,98.887806,0.037893,35.421112
NSGA-II,4,164,0.841440,0.049550,98.893861,0.037260,35.926649
NSGA-II,4,165,0.843952,0.050418,98.899590,0.037568,35.181108
NSGA-II,4,166,0.843550,0.049562,98.905009,0.037158,35.146440
NSGA-II,4,167,0.843670,0.049045,98.910137,0.036887,35.025474
NSGA-II,4,168,0.843340,0.049284,98.914988,0.036930,34.665494
NSGA-II,4,169,0.846478,0.049621,98.919577,0.037013,34.970576
NSGA-II,4,170,0.846118,0.048883,98.923919,0.036647,34.685123
NSGA-II,4,171,0.845546,0.048611,98.928027,0.036475,34.687868
NSGA-II,4,172,0.846271,0.048376,98.931913,0.036318,34.942868
NSGA-II,4,173,0.846457,0.048457,98.935590,0.036292,35.320127
NSGA-II,4,174,0.848431,0.048388,98.939068,0.036203,34.728092
NSGA-II,4,175,0.848971,0.048288,98.942358,0.036100,35.621253
NSGA-II,4,176,0.849178,0.048005,98.945471,0.035921,34.923381
NSGA-II,4,177,0.850298,0.048287,98.948416,0.035977,34.682113
NSGA-II,4,178,0.848519,0.048075,98.951202,0.035827,35.016812
NSGA-II,4,179,0.850031,0.047393,98.953837,0.035481,35.314453
NSGA-II,4,180,0.849284,0.047913,98.956330,0.035636,34.478922
NSGA-II,4,181,0.851068,0.047340,98.958689,0.035335,34.826989
NSGA-II,4,182,0.850498,0.047459,98.960921,0.035322,34.748549
NSGA-II,4,183,0.852442,0.047543,98.963031,0.035295,35.047618
NSGA-II,4,184,0.853450,0.047856,98.965028,0.035363,34.554439
NSGA-II,4,185,0.853379,0.047534,98.966917,0.035167,34.881221
NSGA-II,4,186,0.853618,0.047409,98.968705,0.035053,35.007364
NSGA-II,4,187,0.851927,0.047200,98.970395,0.034904,34.549520
NSGA-II,4,188,0.853857,0.047048,98.971994,0.034780,35.252990
NSGA-II,4,189,0.852826,0.046868,98.973507,0.034643,34.823546
NSGA-II,4,190,0.853672,0.046473,98.974939,0.034418,35.270669
NSGA-II,4,191,0.851996,0.047557,98.976292,0.034809,35.449753
NSGA-II,4,192,0.854451,0.046514,98.977573,0.034313,34.754722
NSGA-II,4,193,0.854423,0.046297,98.978785,0.034163,34.952137
NSGA-II,4,194,0.856293,0.047227,98.979931,0.034491,34.978413
NSGA-II,4,195,0.854202,0.046572,98.981015,0.034158,35.024254
NSGA-II,4,196,0.855283,0.046261,98.982041,0.033969,34.837401
NSGA-II,4,197,0.855548,0.046251,98.983011,0.033907,34.974591
NSGA-II,4,198,0.856376,0.046585,98.983929,0.033988,35.043862
NSGA-II,4,199,0.856096,0.046261,98.984798,0.033795,34.646951
NSGA-II,4,200,0.856347,0.046263,98.985619,0.033738,35.117169
NSGA-II,4,201,0.856910,0.046458,98.986396,0.033762,35.092014
NSGA-II,4,202,0.855136,0.046487,98.987131,0.033718,35.038507
NSGA-II,4,203,0.857296,0.046421,98.987826,0.033634,35.227388
NSGA-II,4,204,0.855761,0.046225,98.988484,0.033497,35.448907
NSGA-II,4,205,0.856787,0.045869,98.989106,0.033294,34.422582
NSGA-II,4,206,0.856811,0.045767,98.989695,0.033197,35.026668
NSGA-II,4,207,0.855942,0.046269,98.990252,0.033352,35.042966
NSGA-II,4,208,0.858217,0.046393,98.990779,0.033350,35.166258
NSGA-II,4,209,0.856644,0.045941,98.991277,0.033109,35.238099
NSGA-II,4,210,0.857013,0.045762,98.991748,0.032982,34.463041
NSGA-II,4,211,0.856320,0.046219,98.992194,0.033121,36.217329
NSGA-II,4,212,0.857047,0.045823,98.992616,0.032904,35.268814
NSGA-II,4,213,0.856257,0.046336,98.993015,0.033067,35.432409
NSGA-II,4,214,0.857367,0.045706,98.993392,0.032755,35.025609
NSGA-II,4,215,0.858781,0.046099,98.993749,0.032869,35.288275
NSGA-II,4,216,0.857375,0.045771,98.994087,0.032683,34.797671
NSGA-II,4,217,0.858105,0.045545,98.994407,0.032540,34.717791
NSGA-II,4,218,0.858487,0.045705,98.994709,0.032559,35.004016
NSGA-II,4,219,0.857399,0.045850,98.994995,0.032572,35.450255
NSGA-II,4,220,0.857232,0.045979,98.995265,0.032579,35.249185
NSGA-II,4,221,0.857076,0.046100,98.995521,0.032583,34.944260
NSGA-II,4,222,0.857702,0.045750,98.995763,0.032391,35.345493
NSGA-II,4,223,0.858389,0.045364,98.995992,0.032185,35.008949
NSGA-II,4,224,0.859400,0.045891,98.996209,0.032360,34.903886
NSGA-II,4,225,0.858046,0.045617,98.996414,0.032202,34.749753
NSGA-II,4,226,0.858028,0.045650,98.996607,0.032172,35.145029
NSGA-II,4,227,0.858049,0.045659,98.996791,0.032133,34.825217
NSGA-II,4,228,0.856753,0.046457,98.996964,0.032423,34.990710
NSGA-II,4,229,0.858035,0.045708,98.997128,0.032069,34.855845
NSGA-II,4,230,0.858867,0.045290,98.997283,0.031853,35.172203
NSGA-II,4,231,0.858218,0.045636,98.997430,0.031956,35.350659
NSGA-II,4,232,0.857687,0.045972,98.997569,0.032056,34.814938
NSGA-II,4,233,0.860498,0.046152,98.997700,0.032092,35.124862
NSGA-II,4,234,0.859735,0.045659,98.997825,0.031847,35.389091
NSGA-II,4,235,0.859081,0.045233,98.997942,0.031631,34.668515
NSGA-II,4,236,0.859556,0.045485,98.998053,0.031697,35.025348
NSGA-II,4,237,0.858422,0.045608,98.998159,0.031711,34.942253
NSGA-II,4,238,0.858992,0.045280,98.998258,0.031537,34.797668
NSGA-II,4,239,0.859565,0.045401,98.998352,0.031551,34.821520
NSGA-II,4,240,0.858709,0.045476,98.998441,0.031546,34.274362
NSGA-II,4,241,0.859664,0.045407,98.998526,0.031481,35.097279
NSGA-II,4,242,0.860690,0.045997,98.998605,0.031692,34.548268
NSGA-II,4,243,0.859463,0.045237,98.998681,0.031340,34.328767
NSGA-II,4,244,0.859890,0.045470,98.998752,0.031403,34.918213
NSGA-II,4,245,0.860667,0.045913,98.998819,0.031554,34.725549
NSGA-II,4,246,0.858422,0.045714,98.998883,0.031438,34.581095
NSGA-II,4,247,0.858780,0.045508,98.998943,0.031319,34.902664
NSGA-II,4,248,0.858547,0.045657,98.999001,0.031349,34.857266
NSGA-II,4,249,0.858970,0.045412,98.999055,0.031215,35.204160
NSGA-II,4,250,0.858744,0.045556,98.999106,0.031243,35.013327
NSGA-II,4,251,0.860402,0.045639,98.999154,0.031247,35.116499
NSGA-II,4,252,0.860102,0.045443,98.999200,0.031135,35.265537
NSGA-II,4,253,0.859823,0.045259,98.999243,0.031028,34.576657
NSGA-II,4,254,0.859517,0.045122,98.999284,0.030941,35.065005
NSGA-II,4,255,0.858556,0.045706,98.999323,0.031155,34.920910
NSGA-II,4,256,0.859520,0.045134,98.999359,0.030888,34.921121
NSGA-II,4,257,0.859138,0.045369,98.999394,0.030958,35.104288
NSGA-II,4,258,0.860033,0.045315,98.999427,0.030907,34.566401
NSGA-II,4,259,0.859415,0.045215,98.999458,0.030838,34.698380
NSGA-II,4,260,0.859328,0.045272,98.999487,0.030835,35.035237
NSGA-II,4,261,0.859271,0.045312,98.999515,0.030825,34.445629
NSGA-II,4,262,0.859985,0.045241,98.999541,0.030769,35.007419
NSGA-II,4,263,0.860012,0.045247,98.999566,0.030745,35.023096
NSGA-II,4,264,0.859657,0.045095,98.999589,0.030656,35.539333
NSGA-II,4,265,0.860073,0.045263,98.999611,0.030701,35.206247
NSGA-II,4,266,0.859866,0.045130,98.999632,0.030621,35.118388
NSGA-II,4,267,0.859876,0.045127,98.999652,0.030595,34.653352
NSGA-II,4,268,0.860865,0.045712,98.999671,0.030815,35.369930
NSGA-II,4,269,0.859464,0.045232,98.999689,0.030591,35.478214
NSGA-II,4,270,0.860861,0.045694,98.999706,0.030760,35.226913
NSGA-II,4,271,0.860269,0.045332,98.999722,0.030586,34.969905
NSGA-II,4,272,0.858747,0.045673,98.999737,0.030705,35.218154
NSGA-II,4,273,0.860606,0.045520,98.999751,0.030619,34.808547
NSGA-II,4,274,0.859596,0.045169,98.999764,0.030451,35.104053
NSGA-II,4,275,0.860843,0.045650,98.999777,0.030630,34.970503
NSGA-II,4,276,0.859751,0.045082,98.999789,0.030372,34.818354
NSGA-II,4,277,0.859739,0.045092,98.999800,0.030355,34.828039
NSGA-II,4,278,0.859234,0.045397,98.999811,0.030462,35.031055
NSGA-II,4,279,0.859532,0.045221,98.999821,0.030368,34.662028
NSGA-II,4,280,0.859006,0.045539,98.999831,0.030480,35.197682
NSGA-II,4,281,0.860326,0.045307,98.999840,0.030364,34.841060
NSGA-II,4,282,0.859613,0.045179,98.999849,0.030291,35.454257
NSGA-II,4,283,0.859531,0.045231,98.999857,0.030294,34.776505
NSGA-II,4,284,0.860352,0.045309,98.999865,0.030307,35.739667
NSGA-II,4,285,0.860124,0.045169,98.999872,0.030230,35.114767
NSGA-II,4,286,0.860259,0.045245,98.999879,0.030244,34.975896
NSGA-II,4,287,0.859784,0.045087,98.999886,0.030160,35.136490
NSGA-II,4,288,0.860013,0.045091,98.999892,0.030144,34.921979
NSGA-II,4,289,0.859833,0.045061,98.999898,0.030114,34.924504
NSGA-II,4,290,0.858923,0.045609,98.999903,0.030325,35.098286
NSGA-II,4,291,0.859849,0.045055,98.999908,0.030077,34.881086
NSGA-II,4,292,0.859237,0.045423,98.999913,0.030214,35.398918
NSGA-II,4,293,0.860387,0.045299,98.999918,0.030146,35.262439
NSGA-II,4,294,0.859870,0.045046,98.999922,0.030024,35.401658
NSGA-II,4,295,0.859200,0.045450,98.999927,0.030176,35.097941
NSGA-II,4,296,0.859512,0.045264,98.999931,0.030083,35.114676
NSGA-II,4,297,0.859402,0.045330,98.999934,0.030096,35.064361
NSGA-II,4,298,0.860103,0.045116,98.999938,0.029991,35.215286
NSGA-II,4,299,0.860268,0.045213,98.999941,0.030017,35.296284
NSGA-II,4,300,0.860278,0.045216,98.999944,0.030003,34.798275
INSGA-III,5,0,0.056954,0.376813,26.045897,0.145325,25.161493
INSGA-III,5,1,0.053914,0.377032,26.363708,0.143532,24.778085
INSGA-III,5,2,0.061135,0.378264,26.696705,0.142202,25.542608
INSGA-III,5,3,0.056019,0.375665,27.045454,0.139315,25.229928
INSGA-III,5,4,0.059905,0.376319,27.410522,0.137824,25.219906
INSGA-III,5,5,0.057335,0.374755,27.792476,0.135449,25.582927
INSGA-III,5,6,0.058368,0.374068,28.191887,0.133480,25.508780
INSGA-III,5,7,0.060633,0.374617,28.609318,0.132067,25.689846
INSGA-III,5,8,0.058054,0.374107,29.045330,0.130253,25.680726
INSGA-III,5,9,0.059344,0.373250,29.500473,0.128336,25.261464
INSGA-III,5,10,0.059545,0.373040,29.975284,0.126731,26.401835
INSGA-III,5,11,0.064072,0.373087,30.470285,0.125274,26.562420
INSGA-III,5,12,0.061097,0.371912,30.985980,0.123351,26.613389
INSGA-III,5,13,0.062225,0.371126,31.522847,0.121632,26.293711
INSGA-III,5,14,0.066261,0.371019,32.081336,0.120241,26.356721
INSGA-III,5,15,0.063587,0.370066,32.661868,0.118541,26.643593
INSGA-III,5,16,0.066032,0.368466,33.264822,0.116617,26.997017
INSGA-III,5,17,0.066706,0.367920,33.890540,0.115177,26.773047
INSGA-III,5,18,0.068312,0.366804,34.539314,0.113547,26.734802
INSGA-III,5,19,0.065905,0.368087,35.211386,0.112964,26.865319
INSGA-III,5,20,0.064771,0.368596,35.906940,0.112107,27.176247
INSGA-III,5,21,0.070472,0.364993,36.626100,0.109587,26.928117
INSGA-III,5,22,0.069557,0.365349,37.368920,0.108766,26.598723
INSGA-III,5,23,0.076208,0.361904,38.135386,0.106414,27.115803
INSGA-III,5,24,0.081211,0.362641,38.925405,0.105858,27.508138
INSGA-III,5,25,0.080252,0.359657,39.738805,0.103807,27.580641
INSGA-III,5,26,0.086324,0.360740,40.575329,0.103505,27.320512
INSGA-III,5,27,0.084185,0.356735,41.434631,0.101141,27.629072
INSGA-III,5,28,0.090438,0.357597,42.316276,0.100864,27.623911
INSGA-III,5,29,0.086770,0.353331,43.219732,0.098511,27.612300
INSGA-III,5,30,0.092421,0.352464,44.144375,0.097636,27.347299
INSGA-III,5,31,0.093197,0.349477,45.089482,0.095941,27.734027
INSGA-III,5,32,0.096121,0.347572,46.054235,0.094763,28.170443
INSGA-III,5,33,0.096405,0.346308,47.037717,0.093918,28.108248
INSGA-III,5,34,0.100937,0.343249,48.038921,0.092395,27.788894
INSGA-III,5,35,0.105223,0.340716,49.056742,0.091160,27.508806
INSGA-III,5,36,0.103234,0.341162,50.089991,0.091239,27.983391
INSGA-III,5,37,0.113646,0.336339,51.137392,0.089196,26.903740
INSGA-III,5,38,0.117263,0.333397,52.197589,0.088012,28.162030
INSGA-III,5,39,0.119186,0.330474,53.269155,0.086912,28.176235
INSGA-III,5,40,0.122490,0.328113,54.350594,0.086124,28.222961
INSGA-III,5,41,0.126959,0.325055,55.440354,0.085124,27.902791
INSGA-III,5,42,0.137461,0.322187,56.536832,0.084284,28.165824
INSGA-III,5,43,0.139658,0.316905,57.638386,0.082518,29.376377
INSGA-III,5,44,0.143246,0.314191,58.743340,0.081904,28.208819
INSGA-III,5,45,0.149833,0.309901,59.850000,0.080715,28.973997
INSGA-III,5,46,0.159458,0.307009,60.956660,0.080190,28.952568
INSGA-III,5,47,0.161678,0.302190,62.061614,0.078944,29.034960
INSGA-III,5,48,0.167441,0.298476,63.163168,0.078240,28.848154
INSGA-III,5,49,0.177709,0.293085,64.259646,0.076918,28.529660
INSGA-III,5,50,0.183829,0.288255,65.349406,0.075909,28.876407
INSGA-III,5,51,0.192932,0.283860,66.430845,0.075159,28.979403
INSGA-III,5,52,0.197476,0.279892,67.502411,0.074663,29.030798
INSGA-III,5,53,0.210447,0.274585,68.562608,0.073682,29.391749
INSGA-III,5,54,0.218726,0.269132,69.610009,0.072711,28.828768
INSGA-III,5,55,0.225635,0.263277,70.643258,0.071641,28.885030
INSGA-III,5,56,0.237116,0.258294,71.661079,0.070998,28.862633
INSGA-III,5,57,0.244444,0.252639,72.662283,0.070135,30.128758
INSGA-III,5,58,0.254142,0.247308,73.645765,0.069463,29.065979
INSGA-III,5,59,0.265149,0.241312,74.610518,0.068565,29.560174
INSGA-III,5,60,0.277247,0.234790,75.555625,0.067495,29.818852
INSGA-III,5,61,0.287613,0.229444,76.480268,0.066954,29.110896
INSGA-III,5,62,0.299737,0.223187,77.383724,0.066070,29.499017
INSGA-III,5,63,0.311500,0.217295,78.265369,0.065367,30.029308
INSGA-III,5,64,0.325791,0.211985,79.124671,0.064930,29.881893
INSGA-III,5,65,0.336948,0.205172,79.961195,0.063885,29.977717
INSGA-III,5,66,0.348764,0.199380,80.774595,0.063276,30.036596
INSGA-III,5,67,0.362092,0.193190,81.564614,0.062506,30.223281
INSGA-III,5,68,0.375380,0.187189,82.331080,0.061815,30.383048
INSGA-III,5,69,0.388961,0.181177,83.073900,0.061112,29.826982
INSGA-III,5,70,0.403661,0.175774,83.793060,0.060651,30.006411
INSGA-III,5,71,0.415713,0.169881,84.488614,0.059968,29.813653
INSGA-III,5,72,0.430859,0.163966,85.160686,0.059252,30.469230
INSGA-III,5,73,0.442778,0.159011,85.809460,0.058908,30.290157
INSGA-III,5,74,0.458235,0.152635,86.435178,0.057940,30.446379
INSGA-III,5,75,0.472583,0.147156,87.038132,0.057307,30.212246
INSGA-III,5,76,0.485783,0.142289,87.618664,0.056889,30.450583
INSGA-III,5,77,0.499521,0.137309,88.177153,0.056379,30.710636
INSGA-III,5,78,0.515743,0.132298,88.714020,0.055809,29.906085
INSGA-III,5,79,0.531195,0.128348,89.229715,0.055630,29.982375
INSGA-III,5,80,0.542760,0.122287,89.724716,0.054520,30.554574
INSGA-III,5,81,0.556435,0.117735,90.199527,0.053983,30.204395
INSGA-III,5,82,0.568452,0.113506,90.654670,0.053526,30.236544
INSGA-III,5,83,0.582154,0.108954,91.090682,0.052877,30.320588
INSGA-III,5,84,0.597411,0.105689,91.508113,0.052706,30.412232
INSGA-III,5,85,0.608412,0.100678,91.907524,0.051751,30.775010
INSGA-III,5,86,0.621606,0.097305,92.289478,0.051419,30.766753
INSGA-III,5,87,0.633789,0.093655,92.654546,0.050915,30.798926
INSGA-III,5,88,0.643928,0.090314,93.003295,0.050483,31.108774
INSGA-III,5,89,0.657617,0.087058,93.336292,0.050029,30.446058
INSGA-III,5,90,0.668444,0.083631,93.654103,0.049449,31.212138
INSGA-III,5,91,0.677176,0.081066,93.957285,0.049174,30.674259
INSGA-III,5,92,0.688650,0.077631,94.246389,0.048483,31.303053
INSGA-III,5,93,0.698664,0.075000,94.521957,0.048076,31.160641
INSGA-III,5,94,0.707783,0.072829,94.784523,0.047811,31.031144
INSGA-III,5,95,0.717160,0.070418,95.034609,0.047397,31.260984
INSGA-III,5,96,0.729844,0.068333,95.272724,0.047073,31.296920
INSGA-III,5,97,0.737053,0.065182,95.499366,0.046261,31.610904
INSGA-III,5,98,0.743403,0.063773,95.715021,0.046131,31.198682
INSGA-III,5,99,0.752529,0.061139,95.920158,0.045450,31.647046
INSGA-III,5,100,0.760650,0.059008,96.115235,0.044940,31.542463
INSGA-III,5,101,0.767532,0.057519,96.300695,0.044660,31.968095
INSGA-III,5,102,0.776019,0.056027,96.476967,0.044344,31.903039
INSGA-III,5,103,0.780540,0.054693,96.644464,0.044060,31.814662
INSGA-III,5,104,0.787575,0.052811,96.803586,0.043515,31.706379
INSGA-III,5,105,0.793689,0.051381,96.954718,0.043129,31.145002
INSGA-III,5,106,0.800274,0.049852,97.098231,0.042674,31.911755
INSGA-III,5,107,0.803756,0.049527,97.234483,0.042694,31.854128
INSGA-III,5,108,0.812559,0.048414,97.363815,0.042360,31.536055
INSGA-III,5,109,0.815227,0.046454,97.486558,0.041650,31.838923
INSGA-III,5,110,0.819535,0.045638,97.603026,0.041394,31.806029
INSGA-III,5,111,0.823923,0.044688,97.713523,0.041062,31.904810
INSGA-III,5,112,0.830030,0.043982,97.818339,0.040813,32.052122
INSGA-III,5,113,0.832643,0.042572,97.917751,0.040252,31.602653
INSGA-III,5,114,0.836604,0.041666,98.012025,0.039884,32.181772
INSGA-III,5,115,0.839034,0.041541,98.101414,0.039827,31.494104
INSGA-III,5,116,0.843514,0.040250,98.186162,0.039269,31.271842
INSGA-III,5,117,0.848623,0.040775,98.266499,0.039454,31.061026
INSGA-III,5,118,0.850630,0.039588,98.342647,0.038914,32.175895
INSGA-III,5,119,0.852679,0.038569,98.414816,0.038432,32.185575
INSGA-III,5,120,0.855345,0.038052,98.483208,0.038149,31.914893
INSGA-III,5,121,0.856966,0.037550,98.548013,0.037863,32.433293
INSGA-III,5,122,0.861802,0.038068,98.609416,0.037992,31.820760
INSGA-III,5,123,0.862889,0.036963,98.667588,0.037438,31.765476
INSGA-III,5,124,0.864012,0.035987,98.722696,0.036930,31.653136
INSGA-III,5,125,0.865880,0.035575,98.774897,0.036650,32.310635
INSGA-III,5,126,0.867589,0.035276,98.824341,0.036410,31.845265
INSGA-III,5,127,0.868668,0.035312,98.871170,0.036305,32.185478
INSGA-III,5,128,0.871636,0.034913,98.915519,0.036014,32.222647
INSGA-III,5,129,0.873831,0.035028,98.957518,0.035932,32.233723
INSGA-III,5,130,0.872910,0.034583,98.997288,0.035614,32.801105
INSGA-III,5,131,0.877935,0.035307,99.034946,0.035778,32.075799
INSGA-III,5,132,0.874876,0.034442,99.070602,0.035278,32.429283
INSGA-III,5,133,0.876959,0.033665,99.104361,0.034811,32.233056
INSGA-III,5,134,0.880487,0.034048,99.136322,0.034825,31.916999
INSGA-III,5,135,0.878861,0.033386,99.166580,0.034402,32.847447
INSGA-III,5,136,0.881671,0.033179,99.195224,0.034167,32.388814
INSGA-III,5,137,0.882192,0.032776,99.222338,0.033848,31.896963
INSGA-III,5,138,0.882941,0.032554,99.248005,0.033604,32.373651
INSGA-III,5,139,0.882596,0.032576,99.272300,0.033460,33.029621
INSGA-III,5,140,0.884421,0.032226,99.295296,0.033161,32.492688
INSGA-III,5,141,0.884469,0.032043,99.317061,0.032931,32.305241
INSGA-III,5,142,0.886997,0.032705,99.337661,0.033052,32.939242
INSGA-III,5,143,0.885576,0.031898,99.357158,0.032562,32.240337
INSGA-III,5,144,0.886219,0.031748,99.375610,0.032345,32.843099
INSGA-III,5,145,0.887693,0.031763,99.393073,0.032198,32.807227
INSGA-III,5,146,0.886547,0.031981,99.409599,0.032135,32.228753
INSGA-III,5,147,0.888949,0.031750,99.425238,0.031885,32.783844
INSGA-III,5,148,0.889833,0.031933,99.440038,0.031809,31.941318
INSGA-III,5,149,0.889127,0.031185,99.454043,0.031346,32.903517
INSGA-III,5,150,0.888581,0.031470,99.467296,0.031313,32.624912
INSGA-III,5,151,0.889041,0.031344,99.479837,0.031111,32.543395
INSGA-III,5,152,0.889940,0.030946,99.491703,0.030796,33.319670
INSGA-III,5,153,0.889582,0.031293,99.502932,0.030793,32.824076
INSGA-III,5,154,0.889713,0.031338,99.513557,0.030665,32.215778
INSGA-III,5,155,0.889596,0.031524,99.523610,0.030597,33.077416
INSGA-III,5,156,0.889724,0.031556,99.533122,0.030466,32.936201
INSGA-III,5,157,0.891240,0.030748,99.542122,0.029986,33.475483
INSGA-III,5,158,0.892713,0.031208,99.550638,0.030036,32.868157
INSGA-III,5,159,0.890834,0.031177,99.558696,0.029883,33.046426
INSGA-III,5,160,0.892098,0.030516,99.566319,0.029468,33.851575
INSGA-III,5,161,0.892082,0.030591,99.573532,0.029362,33.061524
INSGA-III,5,162,0.891258,0.031159,99.580356,0.029463,32.946844
INSGA-III,5,163,0.892554,0.030450,99.586812,0.029033,33.563060
INSGA-III,5,164,0.894571,0.031469,99.592921,0.029325,32.726725
INSGA-III,5,165,0.894025,0.031030,99.598700,0.029011,33.197506
INSGA-III,5,166,0.894378,0.031137,99.604168,0.028926,32.906163
INSGA-III,5,167,0.892279,0.030850,99.609341,0.028678,33.225756
INSGA-III,5,168,0.893543,0.030447,99.614235,0.028383,33.239516
INSGA-III,5,169,0.892696,0.030696,99.618865,0.028362,32.766003
INSGA-III,5,170,0.894932,0.031114,99.623245,0.028413,33.266453
INSGA-III,5,171,0.893286,0.030426,99.627389,0.028005,33.031473
INSGA-III,5,172,0.894048,0.030439,99.631310,0.027890,32.888712
INSGA-III,5,173,0.895172,0.031048,99.635019,0.028025,33.443446
INSGA-III,5,174,0.895357,0.031098,99.638528,0.027929,33.551176
INSGA-III,5,175,0.894008,0.030231,99.641847,0.027452,32.612830
INSGA-III,5,176,0.892340,0.031163,99.644988,0.027726,33.275058
INSGA-III,5,177,0.894060,0.030159,99.647959,0.027196,32.897429
INSGA-III,5,178,0.894191,0.030190,99.650769,0.027098,33.605097
INSGA-III,5,179,0.894878,0.030559,99.653428,0.027142,33.371017
INSGA-III,5,180,0.894603,0.030353,99.655944,0.026949,33.394694
INSGA-III,5,181,0.893389,0.030655,99.658323,0.026969,33.604575
INSGA-III,5,182,0.893591,0.030554,99.660574,0.026822,33.629634
INSGA-III,5,183,0.894521,0.030196,99.662704,0.026570,33.249462
INSGA-III,5,184,0.896172,0.031155,99.664718,0.026868,33.692440
INSGA-III,5,185,0.894690,0.030237,99.666624,0.026385,33.670636
INSGA-III,5,186,0.893359,0.030760,99.668427,0.026505,34.101719
INSGA-III,5,187,0.895414,0.030618,99.670133,0.026348,33.236301
INSGA-III,5,188,0.893736,0.030562,99.671746,0.026229,33.129693
INSGA-III,5,189,0.894193,0.030300,99.673273,0.026026,33.314335
INSGA-III,5,190,0.895496,0.030600,99.674716,0.026057,33.513583
INSGA-III,5,191,0.893875,0.030514,99.676082,0.025930,33.495428
INSGA-III,5,192,0.893320,0.030857,99.677375,0.025983,33.654414
INSGA-III,5,193,0.894400,0.030219,99.678597,0.025628,33.383961
INSGA-III,5,194,0.894886,0.030163,99.679753,0.025517,33.334282
INSGA-III,5,195,0.894075,0.030431,99.680847,0.025543,33.090256
INSGA-III,5,196,0.894527,0.030167,99.681882,0.025348,33.546585
INSGA-III,5,197,0.893779,0.030624,99.682861,0.025455,32.928424
INSGA-III,5,198,0.894486,0.030206,99.683787,0.025199,33.215678
INSGA-III,5,199,0.895568,0.030506,99.684663,0.025242,33.308549
INSGA-III,5,200,0.896321,0.030947,99.685492,0.025347,34.051187
INSGA-III,5,201,0.895116,0.030214,99.686275,0.024962,33.436016
INSGA-III,5,202,0.896886,0.031267,99.687017,0.025324,33.968539
INSGA-III,5,203,0.895571,0.030469,99.687719,0.024915,34.255506
INSGA-III,5,204,0.893795,0.030654,99.688382,0.024918,34.030124
INSGA-III,5,205,0.895306,0.030294,99.689010,0.024694,33.157246
INSGA-III,5,206,0.895020,0.030115,99.689604,0.024546,34.002534
INSGA-III,5,207,0.896350,0.030907,99.690165,0.024805,33.826862
INSGA-III,5,208,0.894820,0.030055,99.690697,0.024380,33.695749
INSGA-III,5,209,0.893994,0.030554,99.691200,0.024518,33.722253
INSGA-III,5,210,0.894986,0.030071,99.691675,0.024249,33.928649
INSGA-III,5,211,0.894661,0.030160,99.692125,0.024219,33.557228
INSGA-III,5,212,0.893015,0.031151,99.692550,0.024565,33.549019
INSGA-III,5,213,0.896013,0.030672,99.692953,0.024301,33.592029
INSGA-III,5,214,0.895674,0.030465,99.693334,0.024150,33.215183
INSGA-III,5,215,0.893713,0.030739,99.693694,0.024201,34.196794
INSGA-III,5,216,0.894557,0.030235,99.694035,0.023929,33.801954
INSGA-III,5,217,0.895542,0.030375,99.694357,0.023927,33.766583
INSGA-III,5,218,0.894997,0.030044,99.694662,0.023729,34.216845
INSGA-III,5,219,0.895690,0.030457,99.694950,0.023842,33.929730
INSGA-III,5,220,0.894155,0.030483,99.695223,0.023794,33.391816
INSGA-III,5,221,0.895712,0.030465,99.695481,0.023729,33.812126
INSGA-III,5,222,0.894845,0.030072,99.695726,0.023509,34.133592
INSGA-III,5,223,0.894675,0.030175,99.695957,0.023497,33.374019
INSGA-III,5,224,0.895830,0.030529,99.696175,0.023589,33.926719
INSGA-III,5,225,0.894759,0.030127,99.696382,0.023368,33.762753
INSGA-III,5,226,0.895040,0.030051,99.696577,0.023284,34.548270
INSGA-III,5,227,0.894668,0.030184,99.696762,0.023287,34.087819
INSGA-III,5,228,0.894436,0.030324,99.696937,0.023294,33.864297
INSGA-III,5,229,0.895462,0.030299,99.697103,0.023233,33.863953
INSGA-III,5,230,0.895473,0.030305,99.697259,0.023186,34.374912
INSGA-III,5,231,0.893839,0.030685,99.697407,0.023295,33.997972
INSGA-III,5,232,0.894040,0.030565,99.697548,0.023197,33.799069
INSGA-III,5,233,0.894566,0.030250,99.697680,0.023019,34.052536
INSGA-III,5,234,0.894664,0.030192,99.697805,0.022948,34.148615
INSGA-III,5,235,0.894291,0.030417,99.697924,0.022996,33.929749
INSGA-III,5,236,0.894939,0.030028,99.698036,0.022789,33.954037
INSGA-III,5,237,0.894853,0.030080,99.698142,0.022766,34.076719
INSGA-III,5,238,0.894618,0.030222,99.698243,0.022782,34.372539
INSGA-III,5,239,0.895212,0.030138,99.698338,0.022704,34.194827
INSGA-III,5,240,0.895256,0.030164,99.698427,0.022672,34.167775
INSGA-III,5,241,0.895048,0.030039,99.698512,0.022578,34.350553
INSGA-III,5,242,0.895012,0.030017,99.698593,0.022528,33.692750
INSGA-III,5,243,0.894988,0.030002,99.698669,0.022482,34.073880
INSGA-III,5,244,0.895843,0.030514,99.698741,0.022655,33.756885
INSGA-III,5,245,0.895229,0.030145,99.698809,0.022463,33.757588
INSGA-III,5,246,0.895735,0.030448,99.698873,0.022551,33.941534
INSGA-III,5,247,0.895624,0.030381,99.698934,0.022485,33.711520
INSGA-III,5,248,0.894593,0.030240,99.698992,0.022389,33.853889
INSGA-III,5,249,0.894902,0.030055,99.699046,0.022275,34.273845
INSGA-III,5,250,0.894635,0.030216,99.699098,0.022306,34.379485
INSGA-III,5,251,0.894524,0.030282,99.699147,0.022299,34.785229
INSGA-III,5,252,0.894480,0.030309,99.699193,0.022275,34.118957
INSGA-III,5,253,0.894195,0.030480,99.699236,0.022312,33.859205
INSGA-III,5,254,0.893488,0.030904,99.699278,0.022455,35.207287
INSGA-III,5,255,0.895109,0.030069,99.699317,0.022073,34.188292
INSGA-III,5,256,0.895561,0.030340,99.699354,0.022154,34.193456
INSGA-III,5,257,0.894944,0.030031,99.699388,0.021993,33.728852
INSGA-III,5,258,0.895343,0.030209,99.699421,0.022035,34.087657
INSGA-III,5,259,0.895687,0.030415,99.699453,0.022090,34.984004
INSGA-III,5,260,0.895174,0.030107,99.699482,0.021931,33.980852
INSGA-III,5,261,0.894713,0.030171,99.699510,0.021927,34.302177
INSGA-III,5,262,0.895457,0.030277,99.699537,0.021942,33.965598
INSGA-III,5,263,0.894603,0.030237,99.699562,0.021896,34.737302
INSGA-III,5,264,0.894912,0.030052,99.699585,0.021790,33.490653
INSGA-III,5,265,0.895412,0.030249,99.699608,0.021844,33.856900
INSGA-III,5,266,0.894853,0.030087,99.699629,0.021749,34.462302
INSGA-III,5,267,0.894697,0.030181,99.699649,0.021760,34.456971
INSGA-III,5,268,0.895248,0.030151,99.699668,0.021721,34.581619
INSGA-III,5,269,0.895235,0.030143,99.699686,0.021691,34.739434
INSGA-III,5,270,0.895481,0.030290,99.699703,0.021726,34.462592
INSGA-III,5,271,0.895618,0.030372,99.699719,0.021735,34.875971
INSGA-III,5,272,0.896017,0.030612,99.699734,0.021809,34.146693
INSGA-III,5,273,0.895703,0.030423,99.699749,0.021706,33.722817
INSGA-III,5,274,0.895176,0.030107,99.699762,0.021550,34.634308
INSGA-III,5,275,0.895194,0.030117,99.699775,0.021530,34.775812
INSGA-III,5,276,0.895489,0.030295,99.699787,0.021580,34.270414
INSGA-III,5,277,0.894858,0.030085,99.699799,0.021469,34.455887
INSGA-III,5,278,0.894761,0.030143,99.699810,0.021471,34.187275
INSGA-III,5,279,0.895439,0.030264,99.699820,0.021499,34.202087
INSGA-III,5,280,0.894841,0.030095,99.699830,0.021406,34.628552
INSGA-III,5,281,0.895277,0.030167,99.699839,0.021414,34.304748
INSGA-III,5,282,0.894175,0.030495,99.699848,0.021529,34.290008
INSGA-III,5,283,0.893822,0.030706,99.699856,0.021596,34.406644
INSGA-III,5,284,0.895326,0.030196,99.699864,0.021363,33.956053
INSGA-III,5,285,0.895354,0.030213,99.699871,0.021349,34.411080
INSGA-III,5,286,0.894529,0.030282,99.699878,0.021358,33.971915
INSGA-III,5,287,0.896231,0.030739,99.699884,0.021528,33.664954
INSGA-III,5,288,0.894394,0.030363,99.699891,0.021352,33.915683
INSGA-III,5,289,0.894468,0.030319,99.699897,0.021315,34.491780
INSGA-III,5,290,0.894934,0.030039,99.699902,0.021179,34.409764
INSGA-III,5,291,0.895365,0.030220,99.699908,0.021236,34.828393
INSGA-III,5,292,0.895384,0.030231,99.699913,0.021222,34.274251
INSGA-III,5,293,0.893868,0.030679,99.699917,0.021391,34.657390
INSGA-III,5,294,0.894792,0.030125,99.699922,0.021142,34.346741
INSGA-III,5,295,0.895277,0.030166,99.699926,0.021142,33.765135
INSGA-III,5,296,0.895483,0.030290,99.699930,0.021176,34.727053
INSGA-III,5,297,0.894541,0.030275,99.699934,0.021153,34.315404
INSGA-III,5,298,0.895272,0.030163,99.699937,0.021090,34.003254
INSGA-III,5,299,0.894729,0.030163,99.699941,0.021074,34.241254
INSGA-III,5,300,0.895526,0.030316,99.699944,0.021121,34.563781
NSGA-III,5,0,0.058558,0.374387,25.689364,0.145913,35.079566
NSGA-III,5,1,0.061712,0.372457,25.988432,0.143394,35.532400
NSGA-III,5,2,0.062636,0.371863,26.301793,0.141473,34.975049
NSGA-III,5,3,0.065582,0.371460,26.629976,0.139672,35.041425
NSGA-III,5,4,0.061409,0.372512,26.973515,0.138520,34.805540
NSGA-III,5,5,0.064235,0.370768,27.332945,0.136243,34.580538
NSGA-III,5,6,0.064801,0.370378,27.708802,0.134573,34.845142
NSGA-III,5,7,0.067277,0.368838,28.101617,0.132466,34.374869
NSGA-III,5,8,0.064173,0.370644,28.511917,0.131795,34.572525
NSGA-III,5,9,0.065230,0.369949,28.940219,0.130124,34.897731
NSGA-III,5,10,0.068252,0.368073,29.387030,0.128004,35.399462
NSGA-III,5,11,0.065386,0.369725,29.852841,0.127398,35.357925
NSGA-III,5,12,0.079493,0.368243,30.338124,0.125529,34.961465
NSGA-III,5,13,0.071686,0.365800,30.843331,0.123304,35.046080
NSGA-III,5,14,0.076909,0.363279,31.368886,0.121091,34.898312
NSGA-III,5,15,0.078232,0.362227,31.915183,0.119535,35.205313
NSGA-III,5,16,0.073880,0.364237,32.482581,0.119301,34.830696
NSGA-III,5,17,0.080378,0.360249,33.071399,0.116614,35.057033
NSGA-III,5,18,0.081688,0.359370,33.681914,0.115269,35.134754
NSGA-III,5,19,0.083527,0.358169,34.314353,0.113837,34.979431
NSGA-III,5,20,0.083848,0.357876,34.968890,0.112832,34.775656
NSGA-III,5,21,0.087259,0.355725,35.645640,0.111102,35.318659
NSGA-III,5,22,0.089147,0.354484,36.344655,0.109801,35.165908
NSGA-III,5,23,0.096002,0.354153,37.065921,0.108929,34.236575
NSGA-III,5,24,0.094627,0.350971,37.809352,0.106921,34.546323
NSGA-III,5,25,0.097721,0.349203,38.574785,0.105554,35.031617
NSGA-III,5,26,0.104125,0.349830,39.361978,0.105238,35.121977
NSGA-III,5,27,0.101146,0.346704,40.170607,0.103411,35.204841
NSGA-III,5,28,0.105223,0.344136,41.000260,0.101872,35.355593
NSGA-III,5,29,0.105719,0.343716,41.850438,0.101284,34.764127
NSGA-III,5,30,0.112062,0.340081,42.720554,0.099412,35.464685
NSGA-III,5,31,0.118035,0.339595,43.609927,0.098908,34.983524
NSGA-III,5,32,0.120319,0.336706,44.517787,0.097462,34.945434
NSGA-III,5,33,0.124132,0.334539,45.443272,0.096375,35.226437
NSGA-III,5,34,0.124849,0.331653,46.385434,0.095047,34.845498
NSGA-III,5,35,0.126891,0.330323,47.343233,0.094428,34.980431
NSGA-III,5,36,0.129791,0.328487,48.315550,0.093658,34.967649
NSGA-III,5,37,0.135973,0.324691,49.301184,0.092133,35.662666
NSGA-III,5,38,0.141742,0.321154,50.298861,0.090777,35.217526
NSGA-III,5,39,0.146787,0.318065,51.307235,0.089669,35.140085
NSGA-III,5,40,0.151373,0.315267,52.324900,0.088744,34.869241
NSGA-III,5,41,0.157171,0.311760,53.350396,0.087587,34.458982
NSGA-III,5,42,0.164153,0.308713,54.382214,0.086682,34.510192
NSGA-III,5,43,0.170732,0.305950,55.418807,0.085959,35.374882
NSGA-III,5,44,0.177444,0.303017,56.458601,0.085226,35.001261
NSGA-III,5,45,0.180942,0.297906,57.500000,0.083646,34.580901
NSGA-III,5,46,0.190936,0.296439,58.541399,0.083646,35.067122
NSGA-III,5,47,0.194177,0.290668,59.581193,0.081912,34.980808
NSGA-III,5,48,0.202925,0.287946,60.617786,0.081507,35.089864
NSGA-III,5,49,0.206036,0.283244,61.649604,0.080335,35.078454
NSGA-III,5,50,0.213556,0.279013,62.675100,0.079415,34.887429
NSGA-III,5,51,0.222580,0.274315,63.692765,0.078356,35.226251
NSGA-III,5,52,0.228263,0.270915,64.701139,0.077890,34.503321
NSGA-III,5,53,0.241993,0.267779,65.698816,0.077585,35.644701
NSGA-III,5,54,0.245642,0.261460,66.684450,0.076003,35.079886
NSGA-III,5,55,0.252706,0.257811,67.656767,0.075580,34.486766
NSGA-III,5,56,0.268170,0.254451,68.614566,0.075321,34.834063
NSGA-III,5,57,0.272021,0.247627,69.556728,0.073660,35.040485
NSGA-III,5,58,0.285503,0.244405,70.482213,0.073537,34.587767
NSGA-III,5,59,0.292745,0.238229,71.390073,0.072220,34.709041
NSGA-III,5,60,0.299207,0.234045,72.279446,0.071764,34.825999
NSGA-III,5,61,0.312405,0.228439,73.149562,0.070745,34.796440
NSGA-III,5,62,0.322474,0.223442,73.999740,0.070004,34.623056
NSGA-III,5,63,0.332595,0.218330,74.829393,0.069237,35.140476
NSGA-III,5,64,0.341249,0.213749,75.638022,0.068709,35.194010
NSGA-III,5,65,0.351073,0.209331,76.425215,0.068264,34.882122
NSGA-III,5,66,0.361689,0.204537,77.190648,0.067674,34.788247
NSGA-III,5,67,0.374566,0.198488,77.934079,0.066567,35.113370
NSGA-III,5,68,0.386023,0.193389,78.655345,0.065860,35.226978
NSGA-III,5,69,0.396909,0.188732,79.354360,0.065337,35.238955
NSGA-III,5,70,0.407863,0.184131,80.031110,0.064834,35.339524
NSGA-III,5,71,0.422448,0.179401,80.685647,0.064270,34.911300
NSGA-III,5,72,0.435153,0.175253,81.318086,0.063939,35.472656
NSGA-III,5,73,0.443299,0.169338,81.928601,0.062857,35.362189
NSGA-III,5,74,0.457232,0.165046,82.517419,0.062436,35.312552
NSGA-III,5,75,0.467319,0.159665,83.084817,0.061542,35.187704
NSGA-III,5,76,0.479649,0.155270,83.631114,0.061037,35.094958
NSGA-III,5,77,0.491649,0.150986,84.156669,0.060554,35.125592
NSGA-III,5,78,0.503052,0.146451,84.661876,0.059939,34.883877
NSGA-III,5,79,0.516793,0.143443,85.147159,0.059932,35.620199
NSGA-III,5,80,0.525839,0.137755,85.612970,0.058778,35.635668
NSGA-III,5,81,0.535591,0.134524,86.059781,0.058615,35.112319
NSGA-III,5,82,0.546339,0.130882,86.488083,0.058246,34.742920
NSGA-III,5,83,0.558727,0.126285,86.898383,0.057445,35.619343
NSGA-III,5,84,0.573032,0.123258,87.291198,0.057262,35.104645
NSGA-III,5,85,0.582771,0.118871,87.667055,0.056475,35.308651
NSGA-III,5,86,0.590681,0.115736,88.026485,0.056172,35.031152
NSGA-III,5,87,0.603603,0.111543,88.370024,0.055390,35.198986
NSGA-III,5,88,0.615109,0.108868,88.698207,0.055202,35.623905
NSGA-III,5,89,0.627087,0.106708,89.011568,0.055190,34.645771
NSGA-III,5,90,0.633954,0.101719,89.310636,0.053960,34.833208
NSGA-III,5,91,0.644081,0.098928,89.595939,0.053608,35.322464
NSGA-III,5,92,0.651818,0.096208,89.867994,0.053247,34.927783
NSGA-III,5,93,0.661557,0.093141,90.127312,0.052703,35.370023
NSGA-III,5,94,0.672367,0.090784,90.374395,0.052417,34.985237
NSGA-III,5,95,0.679396,0.087873,90.609732,0.051864,35.271497
NSGA-III,5,96,0.687973,0.085378,90.833805,0.051448,34.719476
NSGA-III,5,97,0.697583,0.083055,91.047083,0.051069,34.589612
NSGA-III,5,98,0.704530,0.080593,91.250019,0.050597,35.132711
NSGA-III,5,99,0.714369,0.079138,91.443060,0.050511,34.892090
NSGA-III,5,100,0.722145,0.077179,91.626633,0.050182,35.240453
NSGA-III,5,101,0.728650,0.074699,91.801156,0.049604,34.859097
NSGA-III,5,102,0.734423,0.072270,91.967033,0.049017,35.535709
NSGA-III,5,103,0.740914,0.070623,92.124652,0.048726,35.183689
NSGA-III,5,104,0.748151,0.068669,92.274390,0.048278,34.932934
NSGA-III,5,105,0.752945,0.067706,92.416610,0.048216,34.885145
NSGA-III,5,106,0.759894,0.065590,92.551661,0.047647,35.033235
NSGA-III,5,107,0.766457,0.063950,92.679877,0.047250,35.231688
NSGA-III,5,108,0.772477,0.062754,92.801583,0.047015,35.100709
NSGA-III,5,109,0.780405,0.062907,92.917087,0.047318,34.624720
NSGA-III,5,110,0.781746,0.060029,93.026687,0.046335,35.185379
NSGA-III,5,111,0.786521,0.058888,93.130668,0.046056,34.676144
NSGA-III,5,112,0.791035,0.057841,93.229303,0.045795,34.988227
NSGA-III,5,113,0.799017,0.057580,93.322852,0.045842,34.513577
NSGA-III,5,114,0.800070,0.055553,93.411567,0.045135,35.162888
NSGA-III,5,115,0.805831,0.054489,93.495685,0.044812,34.532227
NSGA-III,5,116,0.809293,0.053222,93.575435,0.044388,35.385632
NSGA-III,5,117,0.811400,0.053005,93.651034,0.044385,35.385104
NSGA-III,5,118,0.816306,0.051363,93.722692,0.043775,34.724320
NSGA-III,5,119,0.820677,0.050932,93.790605,0.043654,35.501714
NSGA-III,5,120,0.824011,0.050176,93.854963,0.043385,34.580522
NSGA-III,5,121,0.824838,0.049827,93.915947,0.043274,34.915126
NSGA-III,5,122,0.826454,0.049950,93.973729,0.043347,34.989391
NSGA-III,5,123,0.834188,0.048789,94.028470,0.042874,34.710170
NSGA-III,5,124,0.835266,0.047179,94.080329,0.042204,35.433548
NSGA-III,5,125,0.836558,0.046879,94.129451,0.042070,35.392260
NSGA-III,5,126,0.840875,0.046360,94.175979,0.041836,35.079920
NSGA-III,5,127,0.841376,0.045763,94.220047,0.041561,35.073950
NSGA-III,5,128,0.843230,0.045476,94.261781,0.041407,34.955385
NSGA-III,5,129,0.848425,0.045368,94.301303,0.041320,34.658660
NSGA-III,5,130,0.847833,0.044251,94.338728,0.040806,34.459692
NSGA-III,5,131,0.850302,0.043484,94.374165,0.040431,35.091409
NSGA-III,5,132,0.852976,0.043375,94.407719,0.040325,35.293551
NSGA-III,5,133,0.852861,0.043276,94.439487,0.040218,34.643420
NSGA-III,5,134,0.857070,0.043073,94.469563,0.040062,34.658650
NSGA-III,5,135,0.856562,0.042257,94.498036,0.039646,34.968464
NSGA-III,5,136,0.859677,0.042156,94.524991,0.039523,34.587679
NSGA-III,5,137,0.859975,0.041295,94.550507,0.039080,35.119890
NSGA-III,5,138,0.860270,0.041621,94.574660,0.039128,35.174751
NSGA-III,5,139,0.864220,0.041626,94.597522,0.039039,34.393556
NSGA-III,5,140,0.862793,0.041039,94.619162,0.038701,34.853749
NSGA-III,5,141,0.863272,0.041183,94.639644,0.038664,35.074225
NSGA-III,5,142,0.865499,0.040257,94.659029,0.038179,35.037875
NSGA-III,5,143,0.866896,0.039807,94.677376,0.037890,35.171785
NSGA-III,5,144,0.866702,0.040293,94.694740,0.037989,35.130008
NSGA-III,5,145,0.869090,0.039426,94.711173,0.037523,34.837696
NSGA-III,5,146,0.868325,0.040002,94.726724,0.037656,34.957995
NSGA-III,5,147,0.870411,0.039066,94.741441,0.037158,35.281170
NSGA-III,5,148,0.872769,0.039636,94.755368,0.037287,35.634900
NSGA-III,5,149,0.872745,0.039026,94.768547,0.036923,34.847508
NSGA-III,5,150,0.874178,0.039323,94.781019,0.036935,34.707786
NSGA-III,5,151,0.871671,0.039417,94.792820,0.036863,34.878379
NSGA-III,5,152,0.873338,0.038659,94.803987,0.036436,34.777509
NSGA-III,5,153,0.875079,0.038347,94.814553,0.036193,35.109585
NSGA-III,5,154,0.877483,0.039337,94.824551,0.036493,34.527230
NSGA-III,5,155,0.876251,0.038171,94.834012,0.035894,35.056388
NSGA-III,5,156,0.877850,0.038726,94.842963,0.036013,35.368412
NSGA-III,5,157,0.877137,0.037915,94.851433,0.035562,35.278659
NSGA-III,5,158,0.876078,0.038225,94.859446,0.035579,35.071993
NSGA-III,5,159,0.878387,0.037961,94.867028,0.035357,35.653817
NSGA-III,5,160,0.878387,0.037637,94.874202,0.035110,34.988320
NSGA-III,5,161,0.878669,0.037500,94.880990,0.034942,34.954607
NSGA-III,5,162,0.881418,0.038860,94.887411,0.035397,34.980365
NSGA-III,5,163,0.880208,0.037860,94.893487,0.034870,34.760140
NSGA-III,5,164,0.880523,0.037790,94.899235,0.034731,34.902744
NSGA-III,5,165,0.881447,0.038100,94.904674,0.034751,34.962244
NSGA-III,5,166,0.879243,0.037435,94.909819,0.034365,35.295218
NSGA-III,5,167,0.879717,0.037259,94.914687,0.034184,35.287330
NSGA-III,5,168,0.879274,0.037626,94.919292,0.034230,35.183147
NSGA-III,5,169,0.880248,0.037138,94.923649,0.033921,34.922652
NSGA-III,5,170,0.879217,0.037849,94.927771,0.034112,34.535148
NSGA-III,5,171,0.878366,0.038446,94.931671,0.034256,35.145042
NSGA-III,5,172,0.882880,0.037581,94.935361,0.033792,35.035009
NSGA-III,5,173,0.881609,0.036662,94.938851,0.033307,34.872702
NSGA-III,5,174,0.883394,0.037585,94.942153,0.033590,35.447491
NSGA-III,5,175,0.881809,0.036683,94.945277,0.033114,34.997964
NSGA-III,5,176,0.881138,0.037152,94.948232,0.033210,35.105750
NSGA-III,5,177,0.884040,0.037576,94.951028,0.033288,35.015628
NSGA-III,5,178,0.882610,0.036600,94.953672,0.032784,34.832866
NSGA-III,5,179,0.883863,0.037240,94.956175,0.032955,35.522292
NSGA-III,5,180,0.883032,0.036636,94.958542,0.032608,35.179675
NSGA-III,5,181,0.882050,0.036886,94.960781,0.032618,35.100196
NSGA-III,5,182,0.884732,0.037462,94.962899,0.032765,35.288402
NSGA-III,5,183,0.884214,0.037062,94.964903,0.032506,35.138048
NSGA-III,5,184,0.884370,0.037072,94.966799,0.032420,35.753749
NSGA-III,5,185,0.882018,0.037079,94.968592,0.032333,35.370487
NSGA-III,5,186,0.882478,0.036842,94.970289,0.032146,34.646919
NSGA-III,5,187,0.884133,0.036703,94.971894,0.032000,35.069530
NSGA-III,5,188,0.882598,0.036840,94.973412,0.031971,35.554859
NSGA-III,5,189,0.883530,0.036313,94.974849,0.031666,34.905488
NSGA-III,5,190,0.883828,0.036330,94.976207,0.031589,34.688082
NSGA-III,5,191,0.883155,0.036598,94.977493,0.031617,35.121329
NSGA-III,5,192,0.883976,0.036308,94.978709,0.031415,34.938801
NSGA-III,5,193,0.882380,0.037116,94.979859,0.031670,34.853414
NSGA-III,5,194,0.884526,0.036540,94.980947,0.031351,34.846698
NSGA-III,5,195,0.883403,0.036550,94.981977,0.031276,35.038984
NSGA-III,5,196,0.883374,0.036589,94.982950,0.031215,34.992005
NSGA-III,5,197,0.885218,0.036826,94.983872,0.031237,35.038357
NSGA-III,5,198,0.883956,0.036280,94.984743,0.030934,34.724694
NSGA-III,5,199,0.885144,0.036708,94.985567,0.031038,35.381405
NSGA-III,5,200,0.883869,0.036369,94.986347,0.030823,35.298816
NSGA-III,5,201,0.885438,0.036818,94.987085,0.030938,35.404101
NSGA-III,5,202,0.885434,0.036785,94.987783,0.030853,34.465506
NSGA-III,5,203,0.884076,0.036292,94.988443,0.030577,34.799437
NSGA-III,5,204,0.884048,0.036323,94.989067,0.030520,34.885450
NSGA-III,5,205,0.885539,0.036766,94.989658,0.030637,34.780620
NSGA-III,5,206,0.882968,0.036997,94.990217,0.030666,34.997320
NSGA-III,5,207,0.885080,0.036443,94.990745,0.030369,35.094972
NSGA-III,5,208,0.884526,0.036089,94.991245,0.030156,35.348262
NSGA-III,5,209,0.884188,0.036299,94.991719,0.030179,34.991662
NSGA-III,5,210,0.884386,0.036190,94.992166,0.030070,35.279065
NSGA-III,5,211,0.884665,0.036114,94.992589,0.029976,34.946422
NSGA-III,5,212,0.884528,0.036124,94.992990,0.029918,35.273791
NSGA-III,5,213,0.883467,0.036769,94.993369,0.030126,34.995683
NSGA-III,5,214,0.884129,0.036380,94.993727,0.029904,35.121526
NSGA-III,5,215,0.884122,0.036392,94.994066,0.029850,34.985791
NSGA-III,5,216,0.885635,0.036619,94.994387,0.029887,35.175958
NSGA-III,5,217,0.884089,0.036426,94.994690,0.029749,34.584000
NSGA-III,5,218,0.883752,0.036635,94.994977,0.029780,35.068275
NSGA-III,5,219,0.884069,0.036450,94.995248,0.029648,34.703557
NSGA-III,5,220,0.885175,0.036295,94.995505,0.029528,34.985473
NSGA-III,5,221,0.885076,0.036225,94.995748,0.029445,35.056004
NSGA-III,5,222,0.883541,0.036784,94.995978,0.029626,35.080991
NSGA-III,5,223,0.886396,0.036997,94.996195,0.029662,35.484290
NSGA-III,5,224,0.885050,0.036181,94.996401,0.029271,34.672373
NSGA-III,5,225,0.886315,0.036932,94.996595,0.029533,34.726999
NSGA-III,5,226,0.884915,0.036084,94.996779,0.029130,35.133808
NSGA-III,5,227,0.884895,0.036065,94.996953,0.029073,35.488216
NSGA-III,5,228,0.884268,0.036373,94.997118,0.029153,34.692232
NSGA-III,5,229,0.885831,0.036613,94.997274,0.029206,35.288578
NSGA-III,5,230,0.884435,0.036280,94.997421,0.029020,35.232473
NSGA-III,5,231,0.883658,0.036750,94.997560,0.029170,35.046129
NSGA-III,5,232,0.883676,0.036741,94.997692,0.029121,35.361757
NSGA-III,5,233,0.885815,0.036580,94.997817,0.029009,35.638762
NSGA-III,5,234,0.885448,0.036355,94.997935,0.028871,34.292143
NSGA-III,5,235,0.885347,0.036289,94.998046,0.028801,34.881713
NSGA-III,5,236,0.884420,0.036306,94.998152,0.028765,35.213927
NSGA-III,5,237,0.885263,0.036230,94.998252,0.028692,34.824729
NSGA-III,5,238,0.884444,0.036296,94.998346,0.028678,35.261585
NSGA-III,5,239,0.884647,0.036176,94.998436,0.028587,34.532134
NSGA-III,5,240,0.884581,0.036218,94.998520,0.028565,34.939590
NSGA-III,5,241,0.885139,0.036142,94.998600,0.028494,34.569213
NSGA-III,5,242,0.885226,0.036190,94.998676,0.028475,35.042720
NSGA-III,5,243,0.884318,0.036380,94.998747,0.028516,35.188066
NSGA-III,5,244,0.884324,0.036379,94.998815,0.028478,34.777534
NSGA-III,5,245,0.884985,0.036037,94.998879,0.028299,34.697276
NSGA-III,5,246,0.884698,0.036157,94.998940,0.028312,34.938971
NSGA-III,5,247,0.886819,0.037133,94.998997,0.028683,35.425650
NSGA-III,5,248,0.885937,0.036601,94.999051,0.028426,35.384859
NSGA-III,5,249,0.885701,0.036457,94.999102,0.028332,34.939258
NSGA-III,5,250,0.884545,0.036254,94.999151,0.028213,35.517320
NSGA-III,5,251,0.885519,0.036344,94.999197,0.028217,34.854898
NSGA-III,5,252,0.884839,0.036079,94.999240,0.028074,34.236954
NSGA-III,5,253,0.885778,0.036496,94.999281,0.028215,35.611084
NSGA-III,5,254,0.884587,0.036232,94.999320,0.028073,35.260057
NSGA-III,5,255,0.885852,0.036538,94.999357,0.028168,35.183369
NSGA-III,5,256,0.884475,0.036301,94.999392,0.028039,35.158311
NSGA-III,5,257,0.885148,0.036112,94.999425,0.027930,35.072698
NSGA-III,5,258,0.884829,0.036090,94.999456,0.027891,35.441453
NSGA-III,5,259,0.884532,0.036269,94.999485,0.027935,35.302203
NSGA-III,5,260,0.884822,0.036095,94.999513,0.027834,34.791694
NSGA-III,5,261,0.884868,0.036069,94.999539,0.027794,34.734878
NSGA-III,5,262,0.885538,0.036341,94.999564,0.027879,35.283740
NSGA-III,5,263,0.884678,0.036184,94.999588,0.027786,34.986861
NSGA-III,5,264,0.885507,0.036320,94.999610,0.027816,35.339392
NSGA-III,5,265,0.884250,0.036442,94.999631,0.027840,35.418692
NSGA-III,5,266,0.884768,0.036131,94.999651,0.027684,34.999866
NSGA-III,5,267,0.885105,0.036077,94.999670,0.027635,35.207484
NSGA-III,5,268,0.884459,0.036318,94.999688,0.027710,34.790422
NSGA-III,5,269,0.885000,0.036012,94.999705,0.027557,34.970379
NSGA-III,5,270,0.884517,0.036284,94.999721,0.027646,34.949393
NSGA-III,5,271,0.884714,0.036166,94.999736,0.027572,35.058591
NSGA-III,5,272,0.884409,0.036349,94.999750,0.027624,34.839472
NSGA-III,5,273,0.885354,0.036222,94.999763,0.027548,35.341764
NSGA-III,5,274,0.884702,0.036174,94.999776,0.027504,35.274402
NSGA-III,5,275,0.884582,0.036246,94.999788,0.027512,34.655238
NSGA-III,5,276,0.885465,0.036287,94.999800,0.027506,35.283769
NSGA-III,5,277,0.884514,0.036287,94.999811,0.027484,35.240360
NSGA-III,5,278,0.885412,0.036254,94.999821,0.027449,34.989681
NSGA-III,5,279,0.885126,0.036082,94.999830,0.027356,35.025678
NSGA-III,5,280,0.884272,0.036433,94.999840,0.027481,34.800866
NSGA-III,5,281,0.884953,0.036025,94.999848,0.027290,35.242573
NSGA-III,5,282,0.886108,0.036670,94.999857,0.027538,34.265253
NSGA-III,5,283,0.884884,0.036067,94.999864,0.027267,35.276410
NSGA-III,5,284,0.884867,0.036077,94.999872,0.027251,34.882334
NSGA-III,5,285,0.884570,0.036255,94.999879,0.027306,35.074637
NSGA-III,5,286,0.884370,0.036375,94.999885,0.027337,35.221396
NSGA-III,5,287,0.885321,0.036197,94.999891,0.027244,34.975407
NSGA-III,5,288,0.884816,0.036108,94.999897,0.027188,34.888715
NSGA-III,5,289,0.885639,0.036387,94.999903,0.027286,35.302265
NSGA-III,5,290,0.885074,0.036048,94.999908,0.027127,35.310938
NSGA-III,5,291,0.884078,0.036551,94.999913,0.027319,34.918252
NSGA-III,5,292,0.884119,0.036526,94.999918,0.027291,34.942645
NSGA-III,5,293,0.884431,0.036340,94.999922,0.027196,35.029986
NSGA-III,5,294,0.883998,0.036600,94.999926,0.027288,35.206675
NSGA-III,5,295,0.884100,0.036538,94.999930,0.027245,35.117088
NSGA-III,5,296,0.884963,0.036021,94.999934,0.027013,34.588403
NSGA-III,5,297,0.884337,0.036396,94.999938,0.027154,34.986929
NSGA-III,5,298,0.885156,0.036096,94.999941,0.027013,35.431716
NSGA-III,5,299,0.885785,0.036473,94.999944,0.027154,34.798076
NSGA-III,5,300,0.884625,0.036224,94.999947,0.027035,34.803205
MOEA-D,5,0,0.074724,0.368101,25.689364,0.145599,35.234922
MOEA-D,5,1,0.073630,0.366162,25.988432,0.143300,35.477029
MOEA-D,5,2,0.075399,0.365882,26.301793,0.141733,34.808836
MOEA-D,5,3,0.079471,0.366922,26.629976,0.140757,35.066761
MOEA-D,5,4,0.079801,0.365652,26.973515,0.138859,34.951296
MOEA-D,5,5,0.079987,0.364228,27.332945,0.136938,35.369065
MOEA-D,5,6,0.081715,0.363661,27.708802,0.135414,34.587281
MOEA-D,5,7,0.080226,0.361853,28.101617,0.133415,35.388173
MOEA-D,5,8,0.082809,0.360888,28.511917,0.131808,35.101447
MOEA-D,5,9,0.083768,0.359704,28.940219,0.130152,34.894343
MOEA-D,5,10,0.089772,0.361322,29.387030,0.129705,34.540332
MOEA-D,5,11,0.089786,0.359333,29.852841,0.127797,34.951190
MOEA-D,5,12,0.089889,0.357309,30.338124,0.125917,35.440663
MOEA-D,5,13,0.095447,0.358467,30.843331,0.125405,34.642272
MOEA-D,5,14,0.091195,0.355189,31.368886,0.123088,34.910772
MOEA-D,5,15,0.096991,0.354752,31.915183,0.121997,35.782411
MOEA-D,5,16,0.097339,0.352489,32.482581,0.120190,34.853171
MOEA-D,5,17,0.099135,0.350989,33.071399,0.118744,34.882641
MOEA-D,5,18,0.099986,0.349879,33.681914,0.117504,35.104010
MOEA-D,5,19,0.101645,0.348878,34.314353,0.116355,35.348141
MOEA-D,5,20,0.105902,0.346648,34.968890,0.114739,34.533156
MOEA-D,5,21,0.110429,0.346328,35.645640,0.113963,34.754947
MOEA-D,5,22,0.107588,0.345311,36.344655,0.112943,35.422444
MOEA-D,5,23,0.112098,0.342611,37.065921,0.111268,34.895799
MOEA-D,5,24,0.119630,0.341981,37.809352,0.110501,34.862576
MOEA-D,5,25,0.119966,0.338627,38.574785,0.108646,35.330195
MOEA-D,5,26,0.126187,0.338665,39.361978,0.108252,34.951381
MOEA-D,5,27,0.122193,0.336624,40.170607,0.107038,34.687359
MOEA-D,5,28,0.127802,0.333291,41.000260,0.105335,34.760823
MOEA-D,5,29,0.136658,0.332989,41.850438,0.104941,35.277528
MOEA-D,5,30,0.133161,0.330164,42.720554,0.103546,34.907445
MOEA-D,5,31,0.140208,0.326381,43.609927,0.101799,35.262684
MOEA-D,5,32,0.146395,0.325485,44.517787,0.101304,34.840896
MOEA-D,5,33,0.146002,0.322666,45.443272,0.100057,34.920940
MOEA-D,5,34,0.151728,0.319323,46.385434,0.098640,34.454673
MOEA-D,5,35,0.156647,0.316814,47.343233,0.097620,34.523392
MOEA-D,5,36,0.159668,0.314788,48.315550,0.096850,35.487529
MOEA-D,5,37,0.167604,0.312648,49.301184,0.096081,35.217554
MOEA-D,5,38,0.170195,0.308770,50.298861,0.094638,34.782779
MOEA-D,5,39,0.176499,0.306535,51.307235,0.093927,35.057928
MOEA-D,5,40,0.179274,0.303700,52.324900,0.093015,34.944198
MOEA-D,5,41,0.187933,0.301223,53.350396,0.092300,34.493107
MOEA-D,5,42,0.194137,0.298585,54.382214,0.091566,34.736036
MOEA-D,5,43,0.196891,0.293876,55.418807,0.090016,34.922186
MOEA-D,5,44,0.202207,0.290992,56.458601,0.089272,34.623258
MOEA-D,5,45,0.207792,0.287977,57.500000,0.088520,35.273616
MOEA-D,5,46,0.217873,0.285552,58.541399,0.088059,34.510295
MOEA-D,5,47,0.221922,0.280707,59.581193,0.086633,35.268525
MOEA-D,5,48,0.229544,0.277826,60.617786,0.086069,34.839450
MOEA-D,5,49,0.234176,0.273844,61.649604,0.085088,34.759829
MOEA-D,5,50,0.241255,0.270121,62.675100,0.084256,35.085314
MOEA-D,5,51,0.249290,0.266255,63.692765,0.083403,34.872927
MOEA-D,5,52,0.256854,0.262647,64.701139,0.082697,34.827473
MOEA-D,5,53,0.264383,0.258854,65.698816,0.081949,35.240446
MOEA-D,5,54,0.272374,0.255178,66.684450,0.081285,34.518799
MOEA-D,5,55,0.278757,0.250935,67.656767,0.080418,34.698561
MOEA-D,5,56,0.286342,0.247200,68.614566,0.079794,34.696300
MOEA-D,5,57,0.294859,0.242962,69.556728,0.078990,34.916208
MOEA-D,5,58,0.303251,0.238855,70.482213,0.078268,35.290272
MOEA-D,5,59,0.308944,0.236426,71.390073,0.078271,35.106188
MOEA-D,5,60,0.320559,0.230504,72.279446,0.076841,35.076411
MOEA-D,5,61,0.326103,0.228284,73.149562,0.076976,35.414907
MOEA-D,5,62,0.336267,0.223355,73.999740,0.076000,35.010241
MOEA-D,5,63,0.348165,0.218335,74.829393,0.075004,34.922437
MOEA-D,5,64,0.354168,0.215138,75.638022,0.074782,34.852057
MOEA-D,5,65,0.365372,0.209771,76.425215,0.073668,35.305797
MOEA-D,5,66,0.377837,0.206894,77.190648,0.073602,34.891879
MOEA-D,5,67,0.385562,0.201663,77.934079,0.072562,34.734889
MOEA-D,5,68,0.393149,0.197545,78.655345,0.071992,34.531644
MOEA-D,5,69,0.402348,0.193628,79.354360,0.071509,34.875787
MOEA-D,5,70,0.413254,0.188746,80.031110,0.070624,34.915615
MOEA-D,5,71,0.423164,0.184520,80.685647,0.070012,34.943880
MOEA-D,5,72,0.434286,0.181168,81.318086,0.069761,34.752168
MOEA-D,5,73,0.442455,0.176552,81.928601,0.068978,35.139622
MOEA-D,5,74,0.453631,0.172905,82.517419,0.068591,35.220438
MOEA-D,5,75,0.461471,0.168957,83.084817,0.068070,34.791937
MOEA-D,5,76,0.472608,0.164565,83.631114,0.067352,34.746948
MOEA-D,5,77,0.480065,0.161804,84.156669,0.067301,34.456431
MOEA-D,5,78,0.492444,0.156971,84.661876,0.066373,35.508138
MOEA-D,5,79,0.503239,0.153812,85.147159,0.066126,34.620360
MOEA-D,5,80,0.513062,0.150158,85.612970,0.065655,34.791190
MOEA-D,5,81,0.522437,0.146332,86.059781,0.065094,34.920883
MOEA-D,5,82,0.529731,0.142670,86.488083,0.064582,35.263972
MOEA-D,5,83,0.539510,0.139021,86.898383,0.064053,35.081630
MOEA-D,5,84,0.549242,0.135420,87.291198,0.063522,34.514828
MOEA-D,5,85,0.557379,0.132792,87.667055,0.063374,34.885086
MOEA-D,5,86,0.568900,0.128706,88.026485,0.062595,34.607710
MOEA-D,5,87,0.577481,0.125272,88.370024,0.062062,34.697152
MOEA-D,5,88,0.583225,0.124104,88.698207,0.062449,34.906795
MOEA-D,5,89,0.594458,0.119645,89.011568,0.061438,35.069684
MOEA-D,5,90,0.602559,0.117062,89.310636,0.061184,35.080861
MOEA-D,5,91,0.612268,0.113508,89.595939,0.060498,34.881484
MOEA-D,5,92,0.622592,0.111088,89.867994,0.060258,34.986500
MOEA-D,5,93,0.632316,0.109196,90.127312,0.060212,34.991642
MOEA-D,5,94,0.638061,0.105092,90.374395,0.059218,34.972840
MOEA-D,5,95,0.646568,0.102823,90.609732,0.058961,34.774145
MOEA-D,5,96,0.651189,0.101304,90.833805,0.058990,35.300834
MOEA-D,5,97,0.660657,0.097789,91.047083,0.058161,35.459959
MOEA-D,5,98,0.665925,0.096768,91.250019,0.058345,34.670775
MOEA-D,5,99,0.675624,0.093058,91.443060,0.057383,35.050193
MOEA-D,5,100,0.682771,0.090848,91.626633,0.057020,34.835214
MOEA-D,5,101,0.691011,0.089046,91.801156,0.056802,35.181588
MOEA-D,5,102,0.695671,0.087162,91.967033,0.056525,34.579727
MOEA-D,5,103,0.703477,0.084496,92.124652,0.055898,35.221071
MOEA-D,5,104,0.710472,0.082947,92.274390,0.055712,34.930152
MOEA-D,5,105,0.716090,0.080748,92.416610,0.055233,35.024848
MOEA-D,5,106,0.725148,0.080790,92.551661,0.055665,34.471664
MOEA-D,5,107,0.727238,0.077685,92.679877,0.054763,35.541509
MOEA-D,5,108,0.735317,0.076619,92.801583,0.054689,34.647780
MOEA-D,5,109,0.738208,0.074597,92.917087,0.054196,35.112187
MOEA-D,5,110,0.745625,0.073202,93.026687,0.053944,34.807998
MOEA-D,5,111,0.748971,0.071459,93.130668,0.053528,35.104513
MOEA-D,5,112,0.754192,0.069921,93.229303,0.053177,34.955469
MOEA-D,5,113,0.757993,0.069190,93.322852,0.053145,35.620503
MOEA-D,5,114,0.764984,0.067528,93.411567,0.052706,34.945312
MOEA-D,5,115,0.768812,0.065882,93.495685,0.052258,35.318177
MOEA-D,5,116,0.774699,0.065615,93.575435,0.052367,34.753910
MOEA-D,5,117,0.776152,0.064055,93.651034,0.051922,34.574579
MOEA-D,5,118,0.782169,0.062919,93.722692,0.051638,35.320826
MOEA-D,5,119,0.784204,0.061846,93.790605,0.051365,34.902196
MOEA-D,5,120,0.787558,0.061081,93.854963,0.051207,34.725630
MOEA-D,5,121,0.793606,0.060005,93.915947,0.050905,35.736465
MOEA-D,5,122,0.796539,0.058755,93.973729,0.050519,35.148092
MOEA-D,5,123,0.799856,0.057855,94.028470,0.050265,35.415724
MOEA-D,5,124,0.801574,0.057259,94.080329,0.050126,35.013413
MOEA-D,5,125,0.805574,0.055909,94.129451,0.049662,34.999179
MOEA-D,5,126,0.809318,0.055533,94.175979,0.049593,35.047010
MOEA-D,5,127,0.811882,0.054617,94.220047,0.049289,35.304183
MOEA-D,5,128,0.812229,0.054844,94.261781,0.049451,35.066521
MOEA-D,5,129,0.817535,0.053398,94.301303,0.048907,35.052950
MOEA-D,5,130,0.819495,0.052411,94.338728,0.048545,34.924836
MOEA-D,5,131,0.821764,0.051740,94.374165,0.048306,35.271252
MOEA-D,5,132,0.821633,0.052626,94.407719,0.048708,35.336325
MOEA-D,5,133,0.828002,0.051552,94.439487,0.048286,35.249839
MOEA-D,5,134,0.826927,0.050972,94.469563,0.048063,35.113922
MOEA-D,5,135,0.830859,0.049700,94.498036,0.047544,35.101602
MOEA-D,5,136,0.834178,0.050021,94.524991,0.047682,34.559488
MOEA-D,5,137,0.833462,0.049120,94.550507,0.047306,35.340046
MOEA-D,5,138,0.835719,0.048402,94.574660,0.047000,35.646349
MOEA-D,5,139,0.837059,0.048208,94.597522,0.046907,34.788687
MOEA-D,5,140,0.839998,0.047521,94.619162,0.046603,34.572310
MOEA-D,5,141,0.841316,0.046973,94.639644,0.046353,35.295669
MOEA-D,5,142,0.843650,0.047093,94.659029,0.046376,34.738732
MOEA-D,5,143,0.844652,0.046471,94.677376,0.046086,35.227433
MOEA-D,5,144,0.843993,0.046746,94.694740,0.046166,35.267233
MOEA-D,5,145,0.845314,0.046428,94.711173,0.045995,34.730898
MOEA-D,5,146,0.849772,0.046185,94.726724,0.045852,34.680751
MOEA-D,5,147,0.849619,0.045072,94.741441,0.045343,35.066167
MOEA-D,5,148,0.850638,0.044707,94.755368,0.045143,35.260228
MOEA-D,5,149,0.850229,0.045187,94.768547,0.045292,35.021373
MOEA-D,5,150,0.854584,0.045253,94.781019,0.045266,35.471814
MOEA-D,5,151,0.853729,0.043889,94.792820,0.044642,34.485198
MOEA-D,5,152,0.855414,0.044087,94.803987,0.044666,34.894761
MOEA-D,5,153,0.855359,0.043547,94.814553,0.044381,34.549539
MOEA-D,5,154,0.857094,0.043579,94.824551,0.044333,34.720580
MOEA-D,5,155,0.858208,0.043541,94.834012,0.044253,34.958940
MOEA-D,5,156,0.857696,0.043069,94.842963,0.043991,35.147756
MOEA-D,5,157,0.858723,0.042734,94.851433,0.043785,35.468242
MOEA-D,5,158,0.859318,0.042647,94.859446,0.043681,34.916150
MOEA-D,5,159,0.860822,0.042587,94.867028,0.043587,35.034315
MOEA-D,5,160,0.863376,0.043560,94.874202,0.043922,35.022203
MOEA-D,5,161,0.861997,0.042197,94.880990,0.043284,34.430085
MOEA-D,5,162,0.862450,0.041959,94.887411,0.043112,34.566052
MOEA-D,5,163,0.862986,0.041793,94.893487,0.042971,35.212868
MOEA-D,5,164,0.864279,0.042105,94.899235,0.043027,35.183548
MOEA-D,5,165,0.864237,0.041636,94.904674,0.042759,35.001347
MOEA-D,5,166,0.865453,0.041943,94.909819,0.042812,34.968499
MOEA-D,5,167,0.864381,0.041561,94.914687,0.042579,35.257857
MOEA-D,5,168,0.865802,0.041364,94.919292,0.042422,35.148426
MOEA-D,5,169,0.866681,0.041525,94.923649,0.042414,35.113360
MOEA-D,5,170,0.864589,0.041930,94.927771,0.042508,34.846046
MOEA-D,5,171,0.866314,0.041044,94.931671,0.042064,34.700588
MOEA-D,5,172,0.867474,0.040998,94.935361,0.041969,34.413008
MOEA-D,5,173,0.867339,0.040709,94.938851,0.041774,35.300400
MOEA-D,5,174,0.866282,0.041475,94.942153,0.042018,34.951336
MOEA-D,5,175,0.868053,0.040537,94.945277,0.041553,34.544242
MOEA-D,5,176,0.866576,0.041543,94.948232,0.041897,35.220072
MOEA-D,5,177,0.869648,0.040918,94.951028,0.041562,35.370061
MOEA-D,5,178,0.869033,0.040309,94.953672,0.041234,35.477109
MOEA-D,5,179,0.869786,0.040532,94.956175,0.041254,34.987216
MOEA-D,5,180,0.868377,0.040888,94.958542,0.041329,34.747131
MOEA-D,5,181,0.871211,0.040961,94.960781,0.041286,34.771890
MOEA-D,5,182,0.870728,0.040474,94.962899,0.041010,34.877239
MOEA-D,5,183,0.871842,0.040953,94.964903,0.041138,34.604130
MOEA-D,5,184,0.869520,0.040557,94.966799,0.040901,34.563270
MOEA-D,5,185,0.869122,0.040874,94.968592,0.040962,34.967579
MOEA-D,5,186,0.872811,0.041019,94.970289,0.040952,35.040911
MOEA-D,5,187,0.871462,0.040054,94.971894,0.040480,34.672411
MOEA-D,5,188,0.870180,0.040455,94.973412,0.040578,34.705311
MOEA-D,5,189,0.871889,0.040019,94.974849,0.040327,35.350160
MOEA-D,5,190,0.872055,0.039984,94.976207,0.040244,34.877165
MOEA-D,5,191,0.872939,0.040385,94.977493,0.040343,35.108909
MOEA-D,5,192,0.871803,0.039726,94.978709,0.040002,34.892138
MOEA-D,5,193,0.871184,0.040152,94.979859,0.040113,35.083286
MOEA-D,5,194,0.873610,0.040437,94.980947,0.040165,35.535777
MOEA-D,5,195,0.873010,0.039970,94.981977,0.039906,34.918462
MOEA-D,5,196,0.872015,0.039802,94.982950,0.039771,34.699143
MOEA-D,5,197,0.872479,0.039569,94.983872,0.039610,35.065130
MOEA-D,5,198,0.872431,0.039641,94.984743,0.039577,34.915705
MOEA-D,5,199,0.873174,0.039690,94.985567,0.039535,35.040764
MOEA-D,5,200,0.872525,0.039665,94.986347,0.039463,35.167844
MOEA-D,5,201,0.872468,0.039737,94.987085,0.039432,35.274946
MOEA-D,5,202,0.872958,0.039479,94.987783,0.039264,34.735109
MOEA-D,5,203,0.872735,0.039646,94.988443,0.039274,35.158813
MOEA-D,5,204,0.872546,0.039793,94.989067,0.039276,34.975887
MOEA-D,5,205,0.872901,0.039610,94.989658,0.039142,35.083106
MOEA-D,5,206,0.874148,0.039764,94.990217,0.039148,35.187276
MOEA-D,5,207,0.874059,0.039651,94.990745,0.039044,35.449025
MOEA-D,5,208,0.873063,0.039599,94.991245,0.038966,35.651135
MOEA-D,5,209,0.873918,0.039455,94.991719,0.038851,35.183779
MOEA-D,5,210,0.873647,0.039298,94.992166,0.038731,34.445501
MOEA-D,5,211,0.873633,0.039331,94.992589,0.038690,35.156200
MOEA-D,5,212,0.875486,0.040248,94.992990,0.039019,35.288827
MOEA-D,5,213,0.874335,0.039512,94.993369,0.038660,34.809270
MOEA-D,5,214,0.875618,0.040239,94.993727,0.038910,35.127516
MOEA-D,5,215,0.873554,0.039462,94.994066,0.038535,35.108045
MOEA-D,5,216,0.874542,0.039514,94.994387,0.038506,34.959516
MOEA-D,5,217,0.874233,0.039292,94.994690,0.038364,35.326227
MOEA-D,5,218,0.874027,0.039231,94.994977,0.038289,34.638460
MOEA-D,5,219,0.875510,0.039989,94.995248,0.038556,34.996450
MOEA-D,5,220,0.873726,0.039444,94.995505,0.038281,35.044329
MOEA-D,5,221,0.874058,0.039259,94.995748,0.038157,35.123313
MOEA-D,5,222,0.874785,0.039462,94.995978,0.038195,35.511389
MOEA-D,5,223,0.873499,0.039622,94.996195,0.038215,35.116954
MOEA-D,5,224,0.875265,0.039696,94.996401,0.038201,35.633232
MOEA-D,5,225,0.873935,0.039385,94.996595,0.038026,34.666135
MOEA-D,5,226,0.873617,0.039588,94.996779,0.038067,35.573069
MOEA-D,5,227,0.874502,0.039166,94.996953,0.037847,35.082779
MOEA-D,5,228,0.873039,0.039956,94.997118,0.038134,34.477629
MOEA-D,5,229,0.874327,0.039193,94.997274,0.037774,34.894439
MOEA-D,5,230,0.874774,0.039267,94.997421,0.037763,35.427247
MOEA-D,5,231,0.874079,0.039361,94.997560,0.037761,34.958831
MOEA-D,5,232,0.874500,0.039117,94.997692,0.037619,34.905829
MOEA-D,5,233,0.873560,0.039690,94.997817,0.037817,35.509372
MOEA-D,5,234,0.874682,0.039141,94.997935,0.037549,35.057655
MOEA-D,5,235,0.874831,0.039215,94.998046,0.037541,35.178354
MOEA-D,5,236,0.875550,0.039631,94.998152,0.037677,34.380805
MOEA-D,5,237,0.874815,0.039176,94.998252,0.037450,35.508076
MOEA-D,5,238,0.874450,0.039192,94.998346,0.037419,35.111938
MOEA-D,5,239,0.874684,0.039071,94.998436,0.037332,35.023888
MOEA-D,5,240,0.874924,0.039203,94.998520,0.037351,35.081754
MOEA-D,5,241,0.874911,0.039184,94.998600,0.037308,34.876220
MOEA-D,5,242,0.874784,0.039096,94.998676,0.037236,35.398647
MOEA-D,5,243,0.874582,0.039142,94.998747,0.037221,34.946383
MOEA-D,5,244,0.874896,0.039143,94.998815,0.037187,35.097484
MOEA-D,5,245,0.875101,0.039256,94.998879,0.037201,34.820751
MOEA-D,5,246,0.873493,0.039809,94.998940,0.037399,35.504859
MOEA-D,5,247,0.875640,0.039561,94.998997,0.037263,34.823297
MOEA-D,5,248,0.873573,0.039770,94.999051,0.037318,34.285717
MOEA-D,5,249,0.873527,0.039801,94.999102,0.037300,35.114554
MOEA-D,5,250,0.874773,0.039058,94.999151,0.036959,35.389260
MOEA-D,5,251,0.875468,0.039427,94.999197,0.037083,34.461940
MOEA-D,5,252,0.874902,0.039081,94.999240,0.036908,34.568522
MOEA-D,5,253,0.875141,0.039217,94.999281,0.036936,34.904229
MOEA-D,5,254,0.874519,0.039224,94.999320,0.036909,34.771818
MOEA-D,5,255,0.876093,0.039776,94.999357,0.037111,34.999759
MOEA-D,5,256,0.875650,0.039505,94.999392,0.036970,34.437461
MOEA-D,5,257,0.874933,0.039069,94.999425,0.036760,35.052309
MOEA-D,5,258,0.874889,0.039038,94.999456,0.036720,35.605492
MOEA-D,5,259,0.873315,0.039959,94.999485,0.037077,35.133764
MOEA-D,5,260,0.874380,0.039323,94.999513,0.036785,35.484510
MOEA-D,5,261,0.874766,0.039093,94.999539,0.036663,35.293409
MOEA-D,5,262,0.875250,0.039236,94.999564,0.036697,34.984445
MOEA-D,5,263,0.874958,0.039057,94.999588,0.036597,35.019208
MOEA-D,5,264,0.873842,0.039654,94.999610,0.036821,35.070268
MOEA-D,5,265,0.874916,0.039024,94.999631,0.036534,34.989713
MOEA-D,5,266,0.875303,0.039253,94.999651,0.036605,34.839481
MOEA-D,5,267,0.875932,0.039627,94.999670,0.036737,35.261337
MOEA-D,5,268,0.874251,0.039416,94.999688,0.036626,34.986510
MOEA-D,5,269,0.874749,0.039119,94.999705,0.036479,35.380824
MOEA-D,5,270,0.875404,0.039301,94.999721,0.036533,34.536818
MOEA-D,5,271,0.874374,0.039346,94.999736,0.036529,34.557338
MOEA-D,5,272,0.875046,0.039081,94.999750,0.036397,34.747944
MOEA-D,5,273,0.874766,0.039114,94.999763,0.036388,34.670821
MOEA-D,5,274,0.875476,0.039334,94.999776,0.036459,35.227890
MOEA-D,5,275,0.875472,0.039330,94.999788,0.036436,35.076212
MOEA-D,5,276,0.874857,0.039063,94.999800,0.036304,35.406437
MOEA-D,5,277,0.874671,0.039175,94.999811,0.036331,34.639078
MOEA-D,5,278,0.874183,0.039469,94.999821,0.036433,35.303494
MOEA-D,5,279,0.874714,0.039152,94.999830,0.036281,35.027909
MOEA-D,5,280,0.875363,0.039254,94.999840,0.036305,34.601531
MOEA-D,5,281,0.874802,0.039101,94.999848,0.036222,35.004044
MOEA-D,5,282,0.875010,0.039039,94.999857,0.036177,34.847025
MOEA-D,5,283,0.874685,0.039173,94.999864,0.036214,35.127847
MOEA-D,5,284,0.874866,0.039064,94.999872,0.036151,35.503591
MOEA-D,5,285,0.874679,0.039177,94.999879,0.036180,35.074062
MOEA-D,5,286,0.874993,0.039023,94.999885,0.036099,34.831491
MOEA-D,5,287,0.875782,0.039495,94.999891,0.036278,35.138214
MOEA-D,5,288,0.875570,0.039367,94.999897,0.036207,34.569555
MOEA-D,5,289,0.874671,0.039185,94.999903,0.036115,35.233562
MOEA-D,5,290,0.874431,0.039329,94.999908,0.036158,35.157976
MOEA-D,5,291,0.875293,0.039197,94.999913,0.036087,34.893835
MOEA-D,5,292,0.874355,0.039376,94.999918,0.036146,35.080495
MOEA-D,5,293,0.874871,0.039067,94.999922,0.036001,35.388031
MOEA-D,5,294,0.875064,0.039057,94.999926,0.035981,35.120260
MOEA-D,5,295,0.875032,0.039037,94.999930,0.035958,34.617864
MOEA-D,5,296,0.875534,0.039337,94.999934,0.036068,34.866330
MOEA-D,5,297,0.874824,0.039097,94.999938,0.035953,34.762076
MOEA-D,5,298,0.874778,0.039125,94.999941,0.035950,34.973226
MOEA-D,5,299,0.874600,0.039232,94.999944,0.035980,34.969411
MOEA-D,5,300,0.874893,0.039057,94.999947,0.035893,35.087057
NSGA-II,5,0,0.081412,0.362170,25.992796,0.145405,35.180848
NSGA-II,5,1,0.086803,0.361858,26.307816,0.143747,35.179470
NSGA-II,5,2,0.085971,0.359694,26.637889,0.141359,34.778746
NSGA-II,5,3,0.087786,0.359054,26.983574,0.139648,35.272859
NSGA-II,5,4,0.088434,0.358087,27.345435,0.137844,35.144352
NSGA-II,5,5,0.086866,0.359065,27.724035,0.136893,34.621345
NSGA-II,5,6,0.090716,0.356793,28.119938,0.134630,34.807035
NSGA-II,5,7,0.095045,0.355797,28.533703,0.132941,35.143800
NSGA-II,5,8,0.092093,0.356050,28.965886,0.131814,34.897836
NSGA-II,5,9,0.098681,0.353724,29.417031,0.129656,34.988556
NSGA-II,5,10,0.099271,0.351836,29.887672,0.127722,34.964237
NSGA-II,5,11,0.095611,0.354082,30.378326,0.127554,34.984192
NSGA-II,5,12,0.103803,0.349800,30.889491,0.124708,34.803978
NSGA-II,5,13,0.105967,0.348592,31.421642,0.123186,34.860187
NSGA-II,5,14,0.108526,0.347530,31.975227,0.121767,35.608034
NSGA-II,5,15,0.110123,0.345796,32.550659,0.120111,34.931515
NSGA-II,5,16,0.104994,0.348755,33.148318,0.120454,35.252897
NSGA-II,5,17,0.115164,0.343145,33.768540,0.117269,35.027974
NSGA-II,5,18,0.119418,0.342709,34.411616,0.116283,34.777085
NSGA-II,5,19,0.122639,0.341548,35.077785,0.115038,34.969577
NSGA-II,5,20,0.124615,0.339533,35.767231,0.113481,36.193760
NSGA-II,5,21,0.123669,0.337966,36.480074,0.112153,34.950668
NSGA-II,5,22,0.131749,0.337083,37.216370,0.111154,34.870193
NSGA-II,5,23,0.131285,0.333606,37.976104,0.109118,34.656074
NSGA-II,5,24,0.132319,0.333102,38.759184,0.108364,35.408340
NSGA-II,5,25,0.138300,0.330052,39.565440,0.106593,34.591253
NSGA-II,5,26,0.143276,0.329144,40.394617,0.105758,34.886125
NSGA-II,5,27,0.145798,0.326640,41.246372,0.104301,34.998760
NSGA-II,5,28,0.148895,0.324355,42.120273,0.102980,35.471542
NSGA-II,5,29,0.149953,0.323242,43.015795,0.102190,34.952411
NSGA-II,5,30,0.155818,0.319899,43.932317,0.100515,35.403502
NSGA-II,5,31,0.155902,0.320038,44.869123,0.100334,34.591181
NSGA-II,5,32,0.165795,0.316621,45.825402,0.098714,35.175599
NSGA-II,5,33,0.165918,0.314449,46.800247,0.097657,35.667314
NSGA-II,5,34,0.173135,0.311283,47.792657,0.096228,35.510435
NSGA-II,5,35,0.176216,0.308751,48.801539,0.095107,35.229340
NSGA-II,5,36,0.183611,0.307276,49.825713,0.094468,34.834470
NSGA-II,5,37,0.186934,0.303914,50.863914,0.093085,35.294484
NSGA-II,5,38,0.189917,0.301386,51.914800,0.092091,35.241873
NSGA-II,5,39,0.198354,0.299634,52.976954,0.091462,35.438079
NSGA-II,5,40,0.198829,0.296710,54.048895,0.090386,34.300665
NSGA-II,5,41,0.207642,0.293509,55.129084,0.089235,34.364504
NSGA-II,5,42,0.215084,0.291915,56.215932,0.088793,35.147655
NSGA-II,5,43,0.215315,0.288001,57.307810,0.087424,35.104528
NSGA-II,5,44,0.225338,0.285530,58.403060,0.086694,35.046159
NSGA-II,5,45,0.228125,0.281234,59.500000,0.085242,35.197375
NSGA-II,5,46,0.235073,0.278281,60.596940,0.084387,35.143489
NSGA-II,5,47,0.240895,0.275026,61.692190,0.083442,34.456142
NSGA-II,5,48,0.246237,0.271966,62.784068,0.082613,34.723101
NSGA-II,5,49,0.252700,0.268685,63.870916,0.081726,35.412618
NSGA-II,5,50,0.255119,0.267865,64.951105,0.081898,34.874485
NSGA-II,5,51,0.269504,0.263900,66.023046,0.080792,35.384946
NSGA-II,5,52,0.272609,0.258737,67.085200,0.079218,35.095454
NSGA-II,5,53,0.279500,0.255342,68.136086,0.078410,34.956804
NSGA-II,5,54,0.287120,0.251969,69.174287,0.077639,34.674422
NSGA-II,5,55,0.293894,0.248310,70.198461,0.076777,34.734307
NSGA-II,5,56,0.302319,0.245538,71.207343,0.076310,35.061589
NSGA-II,5,57,0.309862,0.242136,72.199753,0.075605,34.988911
NSGA-II,5,58,0.318518,0.239308,73.174598,0.075163,34.839924
NSGA-II,5,59,0.322606,0.234742,74.130877,0.074017,35.450613
NSGA-II,5,60,0.330004,0.231325,75.067683,0.073370,35.621981
NSGA-II,5,61,0.337651,0.227802,75.984205,0.072698,34.907637
NSGA-II,5,62,0.349351,0.224898,76.879727,0.072301,35.129880
NSGA-II,5,63,0.355251,0.220035,77.753628,0.071102,35.435041
NSGA-II,5,64,0.361316,0.217057,78.605383,0.070703,35.260528
NSGA-II,5,65,0.371334,0.212716,79.434560,0.069748,35.201581
NSGA-II,5,66,0.381194,0.210079,80.240816,0.069514,35.645210
NSGA-II,5,67,0.385544,0.206362,81.023896,0.068839,34.809791
NSGA-II,5,68,0.399067,0.203600,81.783630,0.068569,35.250906
NSGA-II,5,69,0.407503,0.200025,82.519926,0.067966,35.361170
NSGA-II,5,70,0.410565,0.195565,83.232769,0.066998,35.451323
NSGA-II,5,71,0.421216,0.190948,83.922215,0.065968,34.882382
NSGA-II,5,72,0.430155,0.187658,84.588384,0.065492,34.759889
NSGA-II,5,73,0.435864,0.184953,85.231460,0.065260,35.266079
NSGA-II,5,74,0.445260,0.180911,85.851682,0.064468,34.833100
NSGA-II,5,75,0.455600,0.177056,86.449341,0.063752,34.795456
NSGA-II,5,76,0.460966,0.174777,87.024773,0.063688,34.886065
NSGA-II,5,77,0.474108,0.171062,87.578358,0.063020,35.409281
NSGA-II,5,78,0.480896,0.166652,88.110509,0.062055,34.607724
NSGA-II,5,79,0.489528,0.163403,88.621674,0.061566,34.918003
NSGA-II,5,80,0.497667,0.159917,89.112328,0.060969,35.028193
NSGA-II,5,81,0.505149,0.156992,89.582969,0.060595,34.574121
NSGA-II,5,82,0.513791,0.153620,90.034114,0.060024,35.426167
NSGA-II,5,83,0.522470,0.150245,90.466297,0.059439,35.215163
NSGA-II,5,84,0.531200,0.147297,90.880062,0.059019,35.163617
NSGA-II,5,85,0.539708,0.144430,91.275965,0.058619,35.284391
NSGA-II,5,86,0.548731,0.141968,91.654565,0.058372,35.232797
NSGA-II,5,87,0.554958,0.138213,92.016426,0.057572,35.060464
NSGA-II,5,88,0.560208,0.136951,92.362111,0.057794,35.125232
NSGA-II,5,89,0.571301,0.132513,92.692184,0.056676,35.111008
NSGA-II,5,90,0.575287,0.131686,93.007204,0.057046,35.259093
NSGA-II,5,91,0.584445,0.128083,93.307723,0.056242,35.300015
NSGA-II,5,92,0.591483,0.125749,93.594287,0.055948,34.957241
NSGA-II,5,93,0.600223,0.122389,93.867436,0.055209,35.547821
NSGA-II,5,94,0.606559,0.120464,94.127696,0.055049,34.625905
NSGA-II,5,95,0.617964,0.117706,94.375585,0.054524,34.678924
NSGA-II,5,96,0.622311,0.114736,94.611608,0.053891,35.273650
NSGA-II,5,97,0.631735,0.112736,94.836260,0.053643,34.868388
NSGA-II,5,98,0.635083,0.110742,95.050021,0.053380,34.991258
NSGA-II,5,99,0.643951,0.107378,95.253356,0.052526,34.904445
NSGA-II,5,100,0.650966,0.105450,95.446720,0.052252,35.095364
NSGA-II,5,101,0.657037,0.103096,95.630551,0.051781,34.654288
NSGA-II,5,102,0.665396,0.102254,95.805274,0.051922,35.053466
NSGA-II,5,103,0.669421,0.098992,95.971300,0.051036,34.895742
NSGA-II,5,104,0.673963,0.097970,96.129025,0.051065,35.141313
NSGA-II,5,105,0.684215,0.096813,96.278830,0.051019,34.582303
NSGA-II,5,106,0.688820,0.094277,96.421083,0.050382,34.942358
NSGA-II,5,107,0.693891,0.092159,96.556137,0.049900,34.649228
NSGA-II,5,108,0.699109,0.090267,96.684334,0.049495,35.190308
NSGA-II,5,109,0.705010,0.088921,96.805998,0.049301,35.043966
NSGA-II,5,110,0.703381,0.089971,96.921444,0.050088,35.118770
NSGA-II,5,111,0.714247,0.085094,97.030970,0.048390,35.051324
NSGA-II,5,112,0.719387,0.083692,97.134866,0.048123,35.469272
NSGA-II,5,113,0.723817,0.082135,97.233404,0.047776,35.499179
NSGA-II,5,114,0.728880,0.080804,97.326850,0.047508,35.344154
NSGA-II,5,115,0.734381,0.080004,97.415455,0.047446,35.084032
NSGA-II,5,116,0.738392,0.078433,97.499458,0.047049,35.209031
NSGA-II,5,117,0.741180,0.077178,97.579089,0.046768,35.042581
NSGA-II,5,118,0.747670,0.076411,97.654568,0.046678,34.484865
NSGA-II,5,119,0.752462,0.075669,97.726104,0.046585,35.122034
NSGA-II,5,120,0.753790,0.073370,97.793895,0.045830,34.993763
NSGA-II,5,121,0.756836,0.072732,97.858131,0.045754,34.462328
NSGA-II,5,122,0.762214,0.071350,97.918994,0.045357,35.251856
NSGA-II,5,123,0.766112,0.070517,97.976656,0.045177,35.434245
NSGA-II,5,124,0.769268,0.069345,98.031279,0.044844,35.039791
NSGA-II,5,125,0.772853,0.068533,98.083022,0.044650,35.240766
NSGA-II,5,126,0.775547,0.067286,98.132032,0.044264,34.515187
NSGA-II,5,127,0.781960,0.068369,98.178449,0.044839,34.763912
NSGA-II,5,128,0.780629,0.065909,98.222409,0.043928,35.003712
NSGA-II,5,129,0.783213,0.065304,98.264039,0.043781,34.896654
NSGA-II,5,130,0.786208,0.064424,98.303460,0.043510,35.050684
NSGA-II,5,131,0.792139,0.064340,98.340788,0.043562,35.069021
NSGA-II,5,132,0.791734,0.062857,98.376130,0.043022,34.745381
NSGA-II,5,133,0.796227,0.062245,98.409593,0.042838,34.608556
NSGA-II,5,134,0.796391,0.061704,98.441273,0.042676,34.801068
NSGA-II,5,135,0.799825,0.060426,98.471265,0.042199,35.374579
NSGA-II,5,136,0.802787,0.059954,98.499657,0.042051,35.087571
NSGA-II,5,137,0.804532,0.059089,98.526534,0.041732,34.859614
NSGA-II,5,138,0.806423,0.058662,98.551975,0.041590,35.604911
NSGA-II,5,139,0.807588,0.058647,98.576057,0.041613,35.281783
NSGA-II,5,140,0.809052,0.058429,98.598850,0.041546,35.004328
NSGA-II,5,141,0.813131,0.057212,98.620425,0.041057,34.587838
NSGA-II,5,142,0.812950,0.057345,98.640844,0.041126,34.720578
NSGA-II,5,143,0.818085,0.057055,98.660169,0.041013,35.464504
NSGA-II,5,144,0.819536,0.056449,98.678459,0.040763,35.138820
NSGA-II,5,145,0.818398,0.055802,98.695768,0.040492,34.893876
NSGA-II,5,146,0.821540,0.054863,98.712149,0.040095,34.953964
NSGA-II,5,147,0.822636,0.054312,98.727651,0.039855,35.339185
NSGA-II,5,148,0.824700,0.054180,98.742321,0.039787,34.740336
NSGA-II,5,149,0.824671,0.054070,98.756203,0.039723,35.021973
NSGA-II,5,150,0.826070,0.053694,98.769340,0.039546,35.251144
NSGA-II,5,151,0.829354,0.053464,98.781770,0.039426,35.477472
NSGA-II,5,152,0.828565,0.053074,98.793533,0.039236,35.085654
NSGA-II,5,153,0.829813,0.052740,98.804663,0.039067,35.242321
NSGA-II,5,154,0.833961,0.053113,98.815194,0.039190,35.447676
NSGA-II,5,155,0.833838,0.052080,98.825159,0.038724,35.704440
NSGA-II,5,156,0.833736,0.051542,98.834588,0.038462,34.446753
NSGA-II,5,157,0.837166,0.052272,98.843509,0.038726,34.741665
NSGA-II,5,158,0.835208,0.051360,98.851950,0.038304,34.999704
NSGA-II,5,159,0.837605,0.050869,98.859937,0.038055,34.901246
NSGA-II,5,160,0.839121,0.050995,98.867493,0.038062,35.011575
NSGA-II,5,161,0.838492,0.050347,98.874642,0.037744,34.815761
NSGA-II,5,162,0.840982,0.050636,98.881407,0.037815,35.066427
NSGA-II,5,163,0.840569,0.049694,98.887806,0.037372,35.106704
NSGA-II,5,164,0.841846,0.049794,98.893861,0.037362,35.056230
NSGA-II,5,165,0.840300,0.050378,98.899590,0.037552,34.809984
NSGA-II,5,166,0.841471,0.049928,98.905009,0.037310,34.901204
NSGA-II,5,167,0.843943,0.049209,98.910137,0.036955,34.992901
NSGA-II,5,168,0.843596,0.049131,98.914988,0.036866,34.938458
NSGA-II,5,169,0.846162,0.049431,98.919577,0.036934,34.893557
NSGA-II,5,170,0.846730,0.049250,98.923919,0.036800,34.830378
NSGA-II,5,171,0.847002,0.048914,98.928027,0.036601,35.004391
NSGA-II,5,172,0.847254,0.048585,98.931913,0.036405,34.940338
NSGA-II,5,173,0.847588,0.048324,98.935590,0.036236,35.167706
NSGA-II,5,174,0.848141,0.048214,98.939068,0.036130,34.793416
NSGA-II,5,175,0.848876,0.048231,98.942358,0.036076,34.682095
NSGA-II,5,176,0.849223,0.048033,98.945471,0.035932,34.622027
NSGA-II,5,177,0.848565,0.047890,98.948416,0.035811,34.885255
NSGA-II,5,178,0.848305,0.048203,98.951202,0.035880,34.656896
NSGA-II,5,179,0.850849,0.047884,98.953837,0.035686,34.888110
NSGA-II,5,180,0.848295,0.048506,98.956330,0.035883,35.162924
NSGA-II,5,181,0.851632,0.047678,98.958689,0.035476,34.912139
NSGA-II,5,182,0.851100,0.047098,98.960921,0.035172,35.217658
NSGA-II,5,183,0.851136,0.047206,98.963031,0.035155,35.499214
NSGA-II,5,184,0.849658,0.048217,98.965028,0.035514,35.296544
NSGA-II,5,185,0.853473,0.047590,98.966917,0.035191,34.347888
NSGA-II,5,186,0.852646,0.046826,98.968705,0.034810,35.124761
NSGA-II,5,187,0.852042,0.047131,98.970395,0.034876,35.042493
NSGA-II,5,188,0.854086,0.047185,98.971994,0.034837,34.794708
NSGA-II,5,189,0.852499,0.047063,98.973507,0.034725,35.533112
NSGA-II,5,190,0.853825,0.046565,98.974939,0.034456,35.121970
NSGA-II,5,191,0.852788,0.047081,98.976292,0.034610,35.391003
NSGA-II,5,192,0.854393,0.046479,98.977573,0.034299,35.713910
NSGA-II,5,193,0.855100,0.046703,98.978785,0.034332,34.883541
NSGA-II,5,194,0.854349,0.046404,98.979931,0.034148,35.418797
NSGA-II,5,195,0.854641,0.046309,98.981015,0.034049,35.550792
NSGA-II,5,196,0.855993,0.046687,98.982041,0.034147,34.734219
NSGA-II,5,197,0.854746,0.046396,98.983011,0.033967,35.126646
NSGA-II,5,198,0.854496,0.046616,98.983929,0.034001,35.453710
NSGA-II,5,199,0.854808,0.046497,98.984798,0.033893,34.649943
NSGA-II,5,200,0.854876,0.046521,98.985619,0.033846,35.373689
NSGA-II,5,201,0.854859,0.046594,98.986396,0.033819,34.895487
NSGA-II,5,202,0.856137,0.045887,98.987131,0.033468,35.259309
NSGA-II,5,203,0.856100,0.045966,98.987826,0.033445,35.254558
NSGA-II,5,204,0.857433,0.046377,98.988484,0.033561,35.014258
NSGA-II,5,205,0.855841,0.046230,98.989106,0.033445,34.897573
NSGA-II,5,206,0.857347,0.046088,98.989695,0.033331,34.602997
NSGA-II,5,207,0.857348,0.045978,98.990252,0.033231,35.031305
NSGA-II,5,208,0.857353,0.045875,98.990779,0.033134,35.401942
NSGA-II,5,209,0.856243,0.046181,98.991277,0.033209,34.594764
NSGA-II,5,210,0.857376,0.045688,98.991748,0.032952,35.412443
NSGA-II,5,211,0.856942,0.045846,98.992194,0.032966,34.978662
NSGA-II,5,212,0.858509,0.046185,98.992616,0.033055,34.744305
NSGA-II,5,213,0.857177,0.045784,98.993015,0.032837,35.264986
NSGA-II,5,214,0.858363,0.045928,98.993392,0.032847,34.862650
NSGA-II,5,215,0.859094,0.046287,98.993749,0.032947,34.869170
NSGA-II,5,216,0.857623,0.045622,98.994087,0.032621,34.718286
NSGA-II,5,217,0.857786,0.045556,98.994407,0.032545,35.102237
NSGA-II,5,218,0.857950,0.045489,98.994709,0.032469,34.806843
NSGA-II,5,219,0.857635,0.045708,98.994995,0.032513,34.863649
NSGA-II,5,220,0.858565,0.045620,98.995265,0.032429,35.046760
NSGA-II,5,221,0.857773,0.045681,98.995521,0.032409,35.414282
NSGA-II,5,222,0.859270,0.045923,98.995763,0.032464,35.214100
NSGA-II,5,223,0.858426,0.045360,98.995992,0.032184,35.087276
NSGA-II,5,224,0.859524,0.045965,98.996209,0.032391,34.967624
NSGA-II,5,225,0.858277,0.045479,98.996414,0.032144,35.145737
NSGA-II,5,226,0.858009,0.045662,98.996607,0.032177,34.587018
NSGA-II,5,227,0.859419,0.045753,98.996791,0.032172,34.666038
NSGA-II,5,228,0.857620,0.045937,98.996964,0.032206,35.087995
NSGA-II,5,229,0.858362,0.045512,98.997128,0.031987,34.875717
NSGA-II,5,230,0.858778,0.045281,98.997283,0.031850,34.769460
NSGA-II,5,231,0.860483,0.046219,98.997430,0.032200,34.464456
NSGA-II,5,232,0.857757,0.045930,98.997569,0.032039,35.517160
NSGA-II,5,233,0.859428,0.045511,98.997700,0.031824,34.914350
NSGA-II,5,234,0.859417,0.045468,98.997825,0.031767,34.749461
NSGA-II,5,235,0.857353,0.046221,98.997942,0.032042,34.386555
NSGA-II,5,236,0.858869,0.045326,98.998053,0.031631,35.255082
NSGA-II,5,237,0.858240,0.045718,98.998159,0.031756,34.882583
NSGA-II,5,238,0.860621,0.046063,98.998258,0.031863,34.740477
NSGA-II,5,239,0.859116,0.045219,98.998352,0.031475,34.373037
NSGA-II,5,240,0.858688,0.045488,98.998441,0.031551,34.633011
NSGA-II,5,241,0.858977,0.045327,98.998526,0.031448,34.991787
NSGA-II,5,242,0.858104,0.045862,98.998605,0.031636,34.908496
NSGA-II,5,243,0.859276,0.045171,98.998681,0.031313,35.022074
NSGA-II,5,244,0.859722,0.045369,98.998752,0.031361,34.921832
NSGA-II,5,245,0.859562,0.045250,98.998819,0.031278,35.121701
NSGA-II,5,246,0.859485,0.045183,98.998883,0.031216,35.075578
NSGA-II,5,247,0.859245,0.045229,98.998943,0.031203,34.815760
NSGA-II,5,248,0.859719,0.045283,98.999001,0.031193,34.930058
NSGA-II,5,249,0.859706,0.045257,98.999055,0.031150,34.920485
NSGA-II,5,250,0.859977,0.045401,98.999106,0.031179,35.089014
NSGA-II,5,251,0.859097,0.045352,98.999154,0.031128,35.116937
NSGA-II,5,252,0.858982,0.045429,98.999200,0.031129,35.628635
NSGA-II,5,253,0.859774,0.045230,98.999243,0.031016,34.410962
NSGA-II,5,254,0.859974,0.045335,98.999284,0.031030,34.567177
NSGA-II,5,255,0.860003,0.045337,98.999323,0.031002,34.859928
NSGA-II,5,256,0.859832,0.045221,98.999359,0.030925,34.898430
NSGA-II,5,257,0.859702,0.045129,98.999394,0.030858,35.188141
NSGA-II,5,258,0.860185,0.045407,98.999427,0.030946,35.241369
NSGA-II,5,259,0.860378,0.045510,98.999458,0.030961,34.814667
NSGA-II,5,260,0.859700,0.045092,98.999487,0.030760,35.187561
NSGA-II,5,261,0.859063,0.045437,98.999515,0.030877,35.563113
NSGA-II,5,262,0.860203,0.045371,98.999541,0.030823,35.321636
NSGA-II,5,263,0.860114,0.045308,98.999566,0.030770,34.609377
NSGA-II,5,264,0.860014,0.045238,98.999589,0.030716,34.676154
NSGA-II,5,265,0.859416,0.045244,98.999611,0.030693,35.012423
NSGA-II,5,266,0.860324,0.045405,98.999632,0.030735,35.825326
NSGA-II,5,267,0.859466,0.045223,98.999652,0.030635,34.880089
NSGA-II,5,268,0.859168,0.045406,98.999671,0.030687,34.936038
NSGA-II,5,269,0.859007,0.045506,98.999689,0.030705,34.618658
NSGA-II,5,270,0.859533,0.045194,98.999706,0.030552,34.660792
NSGA-II,5,271,0.860006,0.045174,98.999722,0.030520,35.224642
NSGA-II,5,272,0.859222,0.045387,98.999737,0.030587,34.880372
NSGA-II,5,273,0.859334,0.045323,98.999751,0.030538,34.319597
NSGA-II,5,274,0.859481,0.045238,98.999764,0.030480,35.059262
NSGA-II,5,275,0.859903,0.045085,98.999777,0.030395,34.619924
NSGA-II,5,276,0.859262,0.045375,98.999789,0.030494,34.796708
NSGA-II,5,277,0.859371,0.045313,98.999800,0.030447,35.115504
NSGA-II,5,278,0.860013,0.045134,98.999811,0.030352,34.837138
NSGA-II,5,279,0.860367,0.045341,98.999821,0.030418,34.736414
NSGA-II,5,280,0.860205,0.045239,98.999831,0.030355,34.981515
NSGA-II,5,281,0.860172,0.045215,98.999840,0.030325,34.938891
NSGA-II,5,282,0.860098,0.045165,98.999849,0.030285,34.770497
NSGA-II,5,283,0.860375,0.045328,98.999857,0.030334,34.909111
NSGA-II,5,284,0.860122,0.045171,98.999865,0.030250,34.731597
NSGA-II,5,285,0.859913,0.045042,98.999872,0.030177,35.318964
NSGA-II,5,286,0.859910,0.045036,98.999879,0.030157,35.170780
NSGA-II,5,287,0.859776,0.045092,98.999886,0.030162,34.506532
NSGA-II,5,288,0.860108,0.045148,98.999892,0.030167,35.342324
NSGA-II,5,289,0.860695,0.045497,98.999898,0.030295,35.062507
NSGA-II,5,290,0.859935,0.045037,98.999903,0.030087,35.407459
NSGA-II,5,291,0.859730,0.045126,98.999908,0.030107,35.100052
NSGA-II,5,292,0.860452,0.045341,98.999913,0.030180,35.011492
NSGA-II,5,293,0.859129,0.045489,98.999918,0.030225,34.826335
NSGA-II,5,294,0.860235,0.045205,98.999922,0.030090,34.882317
NSGA-II,5,295,0.859944,0.045028,98.999927,0.030001,34.625224
NSGA-II,5,296,0.859324,0.045376,98.999931,0.030130,34.745963
NSGA-II,5,297,0.859598,0.045213,98.999934,0.030047,34.856004
NSGA-II,5,298,0.860624,0.045429,98.999938,0.030122,35.182374
NSGA-II,5,299,0.860170,0.045154,98.999941,0.029992,35.100438
NSGA-II,5,300,0.859966,0.045029,98.999944,0.029926,35.403900
